{
  "0": {
    "precision": 0.7547169811320755,
    "recall": 0.47619047619047616,
    "f1-score": 0.583941605839416,
    "support": 84.0
  },
  "1": {
    "precision": 0.2,
    "recall": 0.4583333333333333,
    "f1-score": 0.27848101265822783,
    "support": 24.0
  },
  "accuracy": 0.4722222222222222,
  "macro avg": {
    "precision": 0.47735849056603774,
    "recall": 0.46726190476190477,
    "f1-score": 0.4312113092488219,
    "support": 108.0
  },
  "weighted avg": {
    "precision": 0.6314465408805032,
    "recall": 0.4722222222222222,
    "f1-score": 0.5160614740213743,
    "support": 108.0
  },
  "auc": 0.3913690476190476,
  "pr_auc": 0.1974360067938074,
  "brier": 0.3228991235500734,
  "win_rate": 0.2,
  "label_2_support": 0,
  "label_1_support": 24,
  "label_-1_support": 48,
  "label_0_support": 36,
  "avg_roi": -0.00033101625740528107,
  "sharpe": -0.5505143623880222
}