{
  "0": {
    "precision": 0.7757009345794392,
    "recall": 0.9880952380952381,
    "f1-score": 0.8691099476439791,
    "support": 84.0
  },
  "1": {
    "precision": 0.0,
    "recall": 0.0,
    "f1-score": 0.0,
    "support": 24.0
  },
  "accuracy": 0.7685185185185185,
  "macro avg": {
    "precision": 0.3878504672897196,
    "recall": 0.49404761904761907,
    "f1-score": 0.43455497382198954,
    "support": 108.0
  },
  "weighted avg": {
    "precision": 0.6033229491173416,
    "recall": 0.7685185185185185,
    "f1-score": 0.6759744037230949,
    "support": 108.0
  },
  "auc": 0.7256944444444444,
  "pr_auc": 0.3818752246256216,
  "brier": 0.1835821495099257,
  "win_rate": 0.0,
  "label_2_support": 0,
  "label_1_support": 24,
  "label_-1_support": 33,
  "label_0_support": 51,
  "avg_roi": 0.0,
  "sharpe": 0.0
}