{
  "0": {
    "precision": 0.8383838383838383,
    "recall": 0.9325842696629213,
    "f1-score": 0.8829787234042553,
    "support": 89.0
  },
  "1": {
    "precision": 0.4,
    "recall": 0.2,
    "f1-score": 0.26666666666666666,
    "support": 20.0
  },
  "accuracy": 0.7981651376146789,
  "macro avg": {
    "precision": 0.6191919191919192,
    "recall": 0.5662921348314607,
    "f1-score": 0.574822695035461,
    "support": 109.0
  },
  "weighted avg": {
    "precision": 0.7579464368455194,
    "recall": 0.7981651376146789,
    "f1-score": 0.7698939423514867,
    "support": 109.0
  },
  "auc": 0.5188202247191012,
  "pr_auc": 0.24601515869172086,
  "brier": 0.16889351637763808,
  "win_rate": 0.4,
  "label_2_support": 0,
  "label_1_support": 20,
  "label_-1_support": 23,
  "label_0_support": 66,
  "avg_roi": -0.0001916630717460066,
  "sharpe": -0.43021751139991515
}