{
  "0": {
    "precision": 0.8598130841121495,
    "recall": 0.989247311827957,
    "f1-score": 0.92,
    "support": 93.0
  },
  "1": {
    "precision": 0.0,
    "recall": 0.0,
    "f1-score": 0.0,
    "support": 15.0
  },
  "accuracy": 0.8518518518518519,
  "macro avg": {
    "precision": 0.42990654205607476,
    "recall": 0.4946236559139785,
    "f1-score": 0.46,
    "support": 108.0
  },
  "weighted avg": {
    "precision": 0.7403946002076843,
    "recall": 0.8518518518518519,
    "f1-score": 0.7922222222222223,
    "support": 108.0
  },
  "auc": 0.5232974910394265,
  "pr_auc": 0.14913440037742728,
  "brier": 0.17725712628728948,
  "win_rate": 0.0,
  "label_2_support": 0,
  "label_1_support": 15,
  "label_-1_support": 20,
  "label_0_support": 73,
  "avg_roi": 0.0,
  "sharpe": 0.0
}