{
  "0": {
    "precision": 0.8764044943820225,
    "recall": 0.8478260869565217,
    "f1-score": 0.861878453038674,
    "support": 92.0
  },
  "1": {
    "precision": 0.2631578947368421,
    "recall": 0.3125,
    "f1-score": 0.2857142857142857,
    "support": 16.0
  },
  "accuracy": 0.7685185185185185,
  "macro avg": {
    "precision": 0.5697811945594323,
    "recall": 0.5801630434782609,
    "f1-score": 0.5737963693764798,
    "support": 108.0
  },
  "weighted avg": {
    "precision": 0.7855531462864404,
    "recall": 0.7685185185185185,
    "f1-score": 0.7765207986202461,
    "support": 108.0
  },
  "auc": 0.5380434782608696,
  "pr_auc": 0.3192635436872378,
  "brier": 0.17010627181710036,
  "win_rate": 0.2631578947368421,
  "label_2_support": 0,
  "label_1_support": 16,
  "label_-1_support": 18,
  "label_0_support": 74,
  "avg_roi": 0.0004377715231385082,
  "sharpe": 1.6254459268631398
}