{
  "0": {
    "precision": 0.7368421052631579,
    "recall": 0.7,
    "f1-score": 0.717948717948718,
    "support": 80.0
  },
  "1": {
    "precision": 0.25,
    "recall": 0.2857142857142857,
    "f1-score": 0.26666666666666666,
    "support": 28.0
  },
  "accuracy": 0.5925925925925926,
  "macro avg": {
    "precision": 0.4934210526315789,
    "recall": 0.4928571428571428,
    "f1-score": 0.49230769230769234,
    "support": 108.0
  },
  "weighted avg": {
    "precision": 0.6106237816764133,
    "recall": 0.5925925925925926,
    "f1-score": 0.6009496676163343,
    "support": 108.0
  },
  "auc": 0.49196428571428574,
  "pr_auc": 0.35214014757855044,
  "brier": 0.26111390895414294,
  "win_rate": 0.25,
  "label_2_support": 0,
  "label_1_support": 28,
  "label_-1_support": 26,
  "label_0_support": 54,
  "avg_roi": -1.6281075659208e-05,
  "sharpe": -0.04472196300299296
}