{
  "0": {
    "precision": 0.85,
    "recall": 0.7157894736842105,
    "f1-score": 0.7771428571428571,
    "support": 95.0
  },
  "1": {
    "precision": 0.03571428571428571,
    "recall": 0.07692307692307693,
    "f1-score": 0.04878048780487805,
    "support": 13.0
  },
  "accuracy": 0.6388888888888888,
  "macro avg": {
    "precision": 0.44285714285714284,
    "recall": 0.3963562753036437,
    "f1-score": 0.4129616724738676,
    "support": 108.0
  },
  "weighted avg": {
    "precision": 0.751984126984127,
    "recall": 0.6388888888888888,
    "f1-score": 0.6894696089818041,
    "support": 108.0
  },
  "auc": 0.4263157894736842,
  "pr_auc": 0.1155598877982547,
  "brier": 0.21313375735549978,
  "win_rate": 0.03571428571428571,
  "label_2_support": 0,
  "label_1_support": 13,
  "label_-1_support": 12,
  "label_0_support": 83,
  "avg_roi": 0.0001629262260394171,
  "sharpe": 0.5916186159131916
}