{
  "0": {
    "precision": 0.8125,
    "recall": 0.8125,
    "f1-score": 0.8125,
    "support": 80.0
  },
  "1": {
    "precision": 0.4642857142857143,
    "recall": 0.4642857142857143,
    "f1-score": 0.4642857142857143,
    "support": 28.0
  },
  "accuracy": 0.7222222222222222,
  "macro avg": {
    "precision": 0.6383928571428572,
    "recall": 0.6383928571428572,
    "f1-score": 0.6383928571428572,
    "support": 108.0
  },
  "weighted avg": {
    "precision": 0.7222222222222222,
    "recall": 0.7222222222222222,
    "f1-score": 0.7222222222222222,
    "support": 108.0
  },
  "auc": 0.7223214285714286,
  "pr_auc": 0.529224973198856,
  "brier": 0.19380451893293366,
  "win_rate": 0.4642857142857143,
  "label_2_support": 0,
  "label_1_support": 28,
  "label_-1_support": 16,
  "label_0_support": 64,
  "avg_roi": 0.0001233938237419352,
  "sharpe": 0.3584455638535681
}