{
  "0": {
    "precision": 0.7804878048780488,
    "recall": 0.37209302325581395,
    "f1-score": 0.5039370078740157,
    "support": 86.0
  },
  "1": {
    "precision": 0.19402985074626866,
    "recall": 0.5909090909090909,
    "f1-score": 0.29213483146067415,
    "support": 22.0
  },
  "accuracy": 0.4166666666666667,
  "macro avg": {
    "precision": 0.48725882781215873,
    "recall": 0.48150105708245244,
    "f1-score": 0.398035919667345,
    "support": 108.0
  },
  "weighted avg": {
    "precision": 0.6610241475549083,
    "recall": 0.4166666666666667,
    "f1-score": 0.4607921200861128,
    "support": 108.0
  },
  "auc": 0.4693446088794926,
  "pr_auc": 0.19606208407978098,
  "brier": 0.27515230183813605,
  "win_rate": 0.19402985074626866,
  "label_2_support": 0,
  "label_1_support": 22,
  "label_-1_support": 19,
  "label_0_support": 67,
  "avg_roi": 0.00012824889563489705,
  "sharpe": 1.0072097668277586
}