{
  "0": {
    "precision": 0.8513513513513513,
    "recall": 0.75,
    "f1-score": 0.7974683544303798,
    "support": 84.0
  },
  "1": {
    "precision": 0.4166666666666667,
    "recall": 0.5769230769230769,
    "f1-score": 0.4838709677419355,
    "support": 26.0
  },
  "accuracy": 0.7090909090909091,
  "macro avg": {
    "precision": 0.634009009009009,
    "recall": 0.6634615384615384,
    "f1-score": 0.6406696610861576,
    "support": 110.0
  },
  "weighted avg": {
    "precision": 0.7486076986076986,
    "recall": 0.7090909090909091,
    "f1-score": 0.7233453357585657,
    "support": 110.0
  },
  "auc": 0.7053571428571428,
  "pr_auc": 0.5880565185179776,
  "brier": 0.18265426457090328,
  "win_rate": 0.4166666666666667,
  "label_2_support": 0,
  "label_1_support": 26,
  "label_-1_support": 46,
  "label_0_support": 38,
  "avg_roi": 0.000614427262917161,
  "sharpe": 1.2226745188236237
}