{
  "0": {
    "precision": 0.5352112676056338,
    "recall": 0.7037037037037037,
    "f1-score": 0.608,
    "support": 54.0
  },
  "1": {
    "precision": 0.5555555555555556,
    "recall": 0.37735849056603776,
    "f1-score": 0.449438202247191,
    "support": 53.0
  },
  "accuracy": 0.5420560747663551,
  "macro avg": {
    "precision": 0.5453834115805947,
    "recall": 0.5405310971348707,
    "f1-score": 0.5287191011235954,
    "support": 107.0
  },
  "weighted avg": {
    "precision": 0.5452883448144735,
    "recall": 0.5420560747663551,
    "f1-score": 0.5294600441037488,
    "support": 107.0
  },
  "auc": 0.5525856044723969,
  "pr_auc": 0.6022269850601186,
  "brier": 0.2488438533299869,
  "win_rate": 0.5555555555555556,
  "label_2_support": 0,
  "label_1_support": 53,
  "label_-1_support": 43,
  "label_0_support": 11,
  "avg_roi": -0.0003401289286557585,
  "sharpe": -0.6350879073143005
}