{
  "0": {
    "precision": 0.7681159420289855,
    "recall": 0.654320987654321,
    "f1-score": 0.7066666666666667,
    "support": 81.0
  },
  "1": {
    "precision": 0.2631578947368421,
    "recall": 0.38461538461538464,
    "f1-score": 0.3125,
    "support": 26.0
  },
  "accuracy": 0.5887850467289719,
  "macro avg": {
    "precision": 0.5156369183829138,
    "recall": 0.5194681861348528,
    "f1-score": 0.5095833333333333,
    "support": 107.0
  },
  "weighted avg": {
    "precision": 0.6454158557710815,
    "recall": 0.5887850467289719,
    "f1-score": 0.6108878504672898,
    "support": 107.0
  },
  "auc": 0.5239791073124407,
  "pr_auc": 0.2943676394659986,
  "brier": 0.2626838429718845,
  "win_rate": 0.2631578947368421,
  "label_2_support": 0,
  "label_1_support": 26,
  "label_-1_support": 43,
  "label_0_support": 38,
  "avg_roi": 8.897462248569354e-05,
  "sharpe": 0.2076678435141174
}