{
  "0": {
    "precision": 0.9772727272727273,
    "recall": 0.8113207547169812,
    "f1-score": 0.8865979381443299,
    "support": 106.0
  },
  "1": {
    "precision": 0.047619047619047616,
    "recall": 0.3333333333333333,
    "f1-score": 0.08333333333333333,
    "support": 3.0
  },
  "accuracy": 0.7981651376146789,
  "macro avg": {
    "precision": 0.5124458874458875,
    "recall": 0.5723270440251572,
    "f1-score": 0.4849656357388316,
    "support": 109.0
  },
  "weighted avg": {
    "precision": 0.9516859287501489,
    "recall": 0.7981651376146789,
    "f1-score": 0.8644897380119171,
    "support": 109.0
  },
  "auc": 0.6635220125786163,
  "pr_auc": 0.055892255892255896,
  "brier": 0.15549556156476846,
  "win_rate": 0.047619047619047616,
  "label_2_support": 0,
  "label_1_support": 3,
  "label_-1_support": 13,
  "label_0_support": 93,
  "avg_roi": 0.00017856254999060184,
  "sharpe": 0.7274659215096608
}