{
  "0": {
    "precision": 0.8020833333333334,
    "recall": 0.927710843373494,
    "f1-score": 0.8603351955307262,
    "support": 83.0
  },
  "1": {
    "precision": 0.45454545454545453,
    "recall": 0.20833333333333334,
    "f1-score": 0.2857142857142857,
    "support": 24.0
  },
  "accuracy": 0.7663551401869159,
  "macro avg": {
    "precision": 0.6283143939393939,
    "recall": 0.5680220883534136,
    "f1-score": 0.573024740622506,
    "support": 107.0
  },
  "weighted avg": {
    "precision": 0.724130911922968,
    "recall": 0.7663551401869159,
    "f1-score": 0.7314482624877864,
    "support": 107.0
  },
  "auc": 0.7454819277108433,
  "pr_auc": 0.45871979466796775,
  "brier": 0.1509902391241088,
  "win_rate": 0.45454545454545453,
  "label_2_support": 0,
  "label_1_support": 24,
  "label_-1_support": 29,
  "label_0_support": 54,
  "avg_roi": 0.0004834471910726279,
  "sharpe": 1.2648773342323725
}