{
  "0": {
    "precision": 0.9204545454545454,
    "recall": 0.8709677419354839,
    "f1-score": 0.8950276243093923,
    "support": 93.0
  },
  "1": {
    "precision": 0.4,
    "recall": 0.5333333333333333,
    "f1-score": 0.45714285714285713,
    "support": 15.0
  },
  "accuracy": 0.8240740740740741,
  "macro avg": {
    "precision": 0.6602272727272727,
    "recall": 0.7021505376344086,
    "f1-score": 0.6760852407261247,
    "support": 108.0
  },
  "weighted avg": {
    "precision": 0.8481691919191918,
    "recall": 0.8240740740740741,
    "f1-score": 0.8342102955362625,
    "support": 108.0
  },
  "auc": 0.8308243727598565,
  "pr_auc": 0.31643079158020604,
  "brier": 0.1846786578876084,
  "win_rate": 0.4,
  "label_2_support": 0,
  "label_1_support": 15,
  "label_-1_support": 11,
  "label_0_support": 82,
  "avg_roi": 0.0002626952191349119,
  "sharpe": 0.8461469105863736
}