{
  "0": {
    "precision": 0.8658536585365854,
    "recall": 0.7888888888888889,
    "f1-score": 0.8255813953488372,
    "support": 90.0
  },
  "1": {
    "precision": 0.2692307692307692,
    "recall": 0.3888888888888889,
    "f1-score": 0.3181818181818182,
    "support": 18.0
  },
  "accuracy": 0.7222222222222222,
  "macro avg": {
    "precision": 0.5675422138836773,
    "recall": 0.5888888888888889,
    "f1-score": 0.5718816067653277,
    "support": 108.0
  },
  "weighted avg": {
    "precision": 0.7664165103189492,
    "recall": 0.7222222222222222,
    "f1-score": 0.7410147991543341,
    "support": 108.0
  },
  "auc": 0.6308641975308642,
  "pr_auc": 0.21873910109204225,
  "brier": 0.23965950602189975,
  "win_rate": 0.2692307692307692,
  "label_2_support": 0,
  "label_1_support": 18,
  "label_-1_support": 21,
  "label_0_support": 69,
  "avg_roi": 0.00031085562659427524,
  "sharpe": 1.507699599517078
}