{
  "0": {
    "precision": 0.8441558441558441,
    "recall": 0.7926829268292683,
    "f1-score": 0.8176100628930818,
    "support": 82.0
  },
  "1": {
    "precision": 0.45161290322580644,
    "recall": 0.5384615384615384,
    "f1-score": 0.49122807017543857,
    "support": 26.0
  },
  "accuracy": 0.7314814814814815,
  "macro avg": {
    "precision": 0.6478843736908253,
    "recall": 0.6655722326454034,
    "f1-score": 0.6544190665342602,
    "support": 108.0
  },
  "weighted avg": {
    "precision": 0.749654765783798,
    "recall": 0.7314814814814815,
    "f1-score": 0.7390366202017973,
    "support": 108.0
  },
  "auc": 0.7551594746716699,
  "pr_auc": 0.44890053007261516,
  "brier": 0.18366148560446507,
  "win_rate": 0.45161290322580644,
  "label_2_support": 0,
  "label_1_support": 26,
  "label_-1_support": 32,
  "label_0_support": 50,
  "avg_roi": 0.00044425801024772227,
  "sharpe": 1.4877862470254675
}