{
  "0": {
    "precision": 0.6060606060606061,
    "recall": 0.273972602739726,
    "f1-score": 0.37735849056603776,
    "support": 73.0
  },
  "1": {
    "precision": 0.29333333333333333,
    "recall": 0.6285714285714286,
    "f1-score": 0.4,
    "support": 35.0
  },
  "accuracy": 0.3888888888888889,
  "macro avg": {
    "precision": 0.4496969696969697,
    "recall": 0.4512720156555773,
    "f1-score": 0.3886792452830189,
    "support": 108.0
  },
  "weighted avg": {
    "precision": 0.5047138047138047,
    "recall": 0.3888888888888889,
    "f1-score": 0.3846960167714885,
    "support": 108.0
  },
  "auc": 0.4495107632093933,
  "pr_auc": 0.30375132275132277,
  "brier": 0.2544218242436122,
  "win_rate": 0.29333333333333333,
  "label_2_support": 0,
  "label_1_support": 35,
  "label_-1_support": 41,
  "label_0_support": 32,
  "avg_roi": 1.9954004528699443e-06,
  "sharpe": 0.006519229778047066
}