{
  "0": {
    "precision": 0.7978723404255319,
    "recall": 0.8620689655172413,
    "f1-score": 0.8287292817679558,
    "support": 87.0
  },
  "1": {
    "precision": 0.14285714285714285,
    "recall": 0.09523809523809523,
    "f1-score": 0.11428571428571428,
    "support": 21.0
  },
  "accuracy": 0.7129629629629629,
  "macro avg": {
    "precision": 0.47036474164133735,
    "recall": 0.4786535303776683,
    "f1-score": 0.47150749802683506,
    "support": 108.0
  },
  "weighted avg": {
    "precision": 0.6705082742316785,
    "recall": 0.7129629629629629,
    "f1-score": 0.6898096992019644,
    "support": 108.0
  },
  "auc": 0.5071154898741106,
  "pr_auc": 0.20376194338265916,
  "brier": 0.2212786499131829,
  "win_rate": 0.14285714285714285,
  "label_2_support": 0,
  "label_1_support": 21,
  "label_-1_support": 37,
  "label_0_support": 50,
  "avg_roi": -0.00018030266801360995,
  "sharpe": -0.41176426688749046
}