{
  "0": {
    "precision": 0.5566037735849056,
    "recall": 0.9833333333333333,
    "f1-score": 0.7108433734939759,
    "support": 60.0
  },
  "1": {
    "precision": 0.0,
    "recall": 0.0,
    "f1-score": 0.0,
    "support": 47.0
  },
  "accuracy": 0.5514018691588785,
  "macro avg": {
    "precision": 0.2783018867924528,
    "recall": 0.49166666666666664,
    "f1-score": 0.35542168674698793,
    "support": 107.0
  },
  "weighted avg": {
    "precision": 0.31211426556162936,
    "recall": 0.5514018691588785,
    "f1-score": 0.39860376083774346,
    "support": 107.0
  },
  "auc": 0.6216312056737588,
  "pr_auc": 0.6072930057118846,
  "brier": 0.2744506110591975,
  "win_rate": 0.0,
  "label_2_support": 0,
  "label_1_support": 47,
  "label_-1_support": 29,
  "label_0_support": 31,
  "avg_roi": 0.0005176179111003876,
  "sharpe": 0.0
}