{
  "0": {
    "precision": 0.7857142857142857,
    "recall": 0.7586206896551724,
    "f1-score": 0.7719298245614035,
    "support": 87.0
  },
  "1": {
    "precision": 0.125,
    "recall": 0.14285714285714285,
    "f1-score": 0.13333333333333333,
    "support": 21.0
  },
  "accuracy": 0.6388888888888888,
  "macro avg": {
    "precision": 0.45535714285714285,
    "recall": 0.4507389162561576,
    "f1-score": 0.4526315789473684,
    "support": 108.0
  },
  "weighted avg": {
    "precision": 0.6572420634920635,
    "recall": 0.6388888888888888,
    "f1-score": 0.6477582846003898,
    "support": 108.0
  },
  "auc": 0.5621237000547346,
  "pr_auc": 0.2137794168215622,
  "brier": 0.21415042346570792,
  "win_rate": 0.125,
  "label_2_support": 0,
  "label_1_support": 21,
  "label_-1_support": 27,
  "label_0_support": 60,
  "avg_roi": -0.00016297756519634277,
  "sharpe": -0.8469960610575612
}