{
  "0": {
    "precision": 0.9537037037037037,
    "recall": 1.0,
    "f1-score": 0.976303317535545,
    "support": 103.0
  },
  "1": {
    "precision": 0.0,
    "recall": 0.0,
    "f1-score": 0.0,
    "support": 5.0
  },
  "accuracy": 0.9537037037037037,
  "macro avg": {
    "precision": 0.47685185185185186,
    "recall": 0.5,
    "f1-score": 0.4881516587677725,
    "support": 108.0
  },
  "weighted avg": {
    "precision": 0.9095507544581619,
    "recall": 0.9537037037037037,
    "f1-score": 0.9311040898718623,
    "support": 108.0
  },
  "auc": 0.5281553398058252,
  "pr_auc": 0.059212902170237065,
  "brier": 0.053509526821477346,
  "win_rate": 0.0,
  "label_2_support": 0,
  "label_1_support": 5,
  "label_-1_support": 2,
  "label_0_support": 101,
  "avg_roi": 0.0,
  "sharpe": 0.0
}