{
  "0": {
    "precision": 0.7551020408163265,
    "recall": 0.9487179487179487,
    "f1-score": 0.8409090909090909,
    "support": 78.0
  },
  "1": {
    "precision": 0.5555555555555556,
    "recall": 0.1724137931034483,
    "f1-score": 0.2631578947368421,
    "support": 29.0
  },
  "accuracy": 0.7383177570093458,
  "macro avg": {
    "precision": 0.655328798185941,
    "recall": 0.5605658709106984,
    "f1-score": 0.5520334928229665,
    "support": 107.0
  },
  "weighted avg": {
    "precision": 0.7010193485493886,
    "recall": 0.7383177570093458,
    "f1-score": 0.6843223181147432,
    "support": 107.0
  },
  "auc": 0.5512820512820513,
  "pr_auc": 0.4251953410542539,
  "brier": 0.1909085277520981,
  "win_rate": 0.5555555555555556,
  "label_2_support": 0,
  "label_1_support": 29,
  "label_-1_support": 19,
  "label_0_support": 59,
  "avg_roi": 0.000337267731083557,
  "sharpe": 0.9499593079090118
}