{
  "0": {
    "precision": 0.7685185185185185,
    "recall": 1.0,
    "f1-score": 0.8691099476439791,
    "support": 83.0
  },
  "1": {
    "precision": 0.0,
    "recall": 0.0,
    "f1-score": 0.0,
    "support": 25.0
  },
  "accuracy": 0.7685185185185185,
  "macro avg": {
    "precision": 0.38425925925925924,
    "recall": 0.5,
    "f1-score": 0.43455497382198954,
    "support": 108.0
  },
  "weighted avg": {
    "precision": 0.5906207133058985,
    "recall": 0.7685185185185185,
    "f1-score": 0.667927089393058,
    "support": 108.0
  },
  "auc": 0.4137349397590362,
  "pr_auc": 0.21056150440439247,
  "brier": 0.19391745628738558,
  "win_rate": 0.0,
  "label_2_support": 0,
  "label_1_support": 25,
  "label_-1_support": 38,
  "label_0_support": 45,
  "avg_roi": 0.0,
  "sharpe": 0.0
}