{
  "0": {
    "precision": 0.8378378378378378,
    "recall": 0.6666666666666666,
    "f1-score": 0.7425149700598802,
    "support": 93.0
  },
  "1": {
    "precision": 0.11428571428571428,
    "recall": 0.25,
    "f1-score": 0.1568627450980392,
    "support": 16.0
  },
  "accuracy": 0.6055045871559633,
  "macro avg": {
    "precision": 0.4760617760617761,
    "recall": 0.4583333333333333,
    "f1-score": 0.4496888575789597,
    "support": 109.0
  },
  "weighted avg": {
    "precision": 0.7316283518118379,
    "recall": 0.6055045871559633,
    "f1-score": 0.6565476709829128,
    "support": 109.0
  },
  "auc": 0.40624999999999994,
  "pr_auc": 0.15474009742574502,
  "brier": 0.23115641592540145,
  "win_rate": 0.11428571428571428,
  "label_2_support": 0,
  "label_1_support": 16,
  "label_-1_support": 22,
  "label_0_support": 71,
  "avg_roi": 0.00032367289531975985,
  "sharpe": 1.5081151033328415
}