{
  "0": {
    "precision": 0.9058823529411765,
    "recall": 0.8191489361702128,
    "f1-score": 0.8603351955307262,
    "support": 94.0
  },
  "1": {
    "precision": 0.2608695652173913,
    "recall": 0.42857142857142855,
    "f1-score": 0.32432432432432434,
    "support": 14.0
  },
  "accuracy": 0.7685185185185185,
  "macro avg": {
    "precision": 0.5833759590792839,
    "recall": 0.6238601823708206,
    "f1-score": 0.5923297599275252,
    "support": 108.0
  },
  "weighted avg": {
    "precision": 0.8222695841621673,
    "recall": 0.7685185185185185,
    "f1-score": 0.7908523048187853,
    "support": 108.0
  },
  "auc": 0.7682370820668692,
  "pr_auc": 0.5046043466039012,
  "brier": 0.13988570079482715,
  "win_rate": 0.2608695652173913,
  "label_2_support": 0,
  "label_1_support": 14,
  "label_-1_support": 24,
  "label_0_support": 70,
  "avg_roi": 0.00014702850603498518,
  "sharpe": 0.5649709156535022
}