{
  "0": {
    "precision": 1.0,
    "recall": 0.24731182795698925,
    "f1-score": 0.39655172413793105,
    "support": 93.0
  },
  "1": {
    "precision": 0.17647058823529413,
    "recall": 1.0,
    "f1-score": 0.3,
    "support": 15.0
  },
  "accuracy": 0.35185185185185186,
  "macro avg": {
    "precision": 0.5882352941176471,
    "recall": 0.6236559139784946,
    "f1-score": 0.34827586206896555,
    "support": 108.0
  },
  "weighted avg": {
    "precision": 0.8856209150326797,
    "recall": 0.35185185185185186,
    "f1-score": 0.3831417624521073,
    "support": 108.0
  },
  "auc": 0.6236559139784946,
  "pr_auc": 0.17647058823529413,
  "brier": 0.2569643551199934,
  "win_rate": 0.17647058823529413,
  "label_2_support": 0,
  "label_1_support": 15,
  "label_-1_support": 14,
  "label_0_support": 79,
  "avg_roi": -6.300954555626959e-05,
  "sharpe": -0.5184078859361924
}