{
  "0": {
    "precision": 0.8695652173913043,
    "recall": 0.449438202247191,
    "f1-score": 0.5925925925925926,
    "support": 89.0
  },
  "1": {
    "precision": 0.20967741935483872,
    "recall": 0.6842105263157895,
    "f1-score": 0.32098765432098764,
    "support": 19.0
  },
  "accuracy": 0.49074074074074076,
  "macro avg": {
    "precision": 0.5396213183730715,
    "recall": 0.5668243642814903,
    "f1-score": 0.4567901234567901,
    "support": 108.0
  },
  "weighted avg": {
    "precision": 0.7534738455145187,
    "recall": 0.49074074074074076,
    "f1-score": 0.5448102423411065,
    "support": 108.0
  },
  "auc": 0.6327616794795978,
  "pr_auc": 0.34570268189804315,
  "brier": 0.2649182788156146,
  "win_rate": 0.20967741935483872,
  "label_2_support": 0,
  "label_1_support": 19,
  "label_-1_support": 16,
  "label_0_support": 73,
  "avg_roi": -0.00015698501374572515,
  "sharpe": -0.7766952641779619
}