{
  "0": {
    "precision": 0.8301886792452831,
    "recall": 0.6111111111111112,
    "f1-score": 0.704,
    "support": 72.0
  },
  "1": {
    "precision": 0.4909090909090909,
    "recall": 0.75,
    "f1-score": 0.5934065934065934,
    "support": 36.0
  },
  "accuracy": 0.6574074074074074,
  "macro avg": {
    "precision": 0.660548885077187,
    "recall": 0.6805555555555556,
    "f1-score": 0.6487032967032966,
    "support": 108.0
  },
  "weighted avg": {
    "precision": 0.7170954831332189,
    "recall": 0.6574074074074074,
    "f1-score": 0.6671355311355311,
    "support": 108.0
  },
  "auc": 0.6923225308641975,
  "pr_auc": 0.45478728768313603,
  "brier": 0.21274894202303388,
  "win_rate": 0.4909090909090909,
  "label_2_support": 0,
  "label_1_support": 36,
  "label_-1_support": 46,
  "label_0_support": 26,
  "avg_roi": 0.0002670625108294189,
  "sharpe": 0.5620826564635658
}