{
  "0": {
    "precision": 0.6551724137931034,
    "recall": 0.21839080459770116,
    "f1-score": 0.3275862068965517,
    "support": 87.0
  },
  "1": {
    "precision": 0.15,
    "recall": 0.5454545454545454,
    "f1-score": 0.23529411764705882,
    "support": 22.0
  },
  "accuracy": 0.28440366972477066,
  "macro avg": {
    "precision": 0.4025862068965517,
    "recall": 0.3819226750261233,
    "f1-score": 0.28144016227180524,
    "support": 109.0
  },
  "weighted avg": {
    "precision": 0.5532110091743119,
    "recall": 0.28440366972477066,
    "f1-score": 0.3089584457636266,
    "support": 109.0
  },
  "auc": 0.46003134796238243,
  "pr_auc": 0.22646317055199458,
  "brier": 0.25548206113629074,
  "win_rate": 0.15,
  "label_2_support": 0,
  "label_1_support": 22,
  "label_-1_support": 33,
  "label_0_support": 54,
  "avg_roi": -0.0002315071615157649,
  "sharpe": -1.2869878943576765
}