{
  "0": {
    "precision": 0.6395348837209303,
    "recall": 0.9649122807017544,
    "f1-score": 0.7692307692307693,
    "support": 57.0
  },
  "1": {
    "precision": 0.9090909090909091,
    "recall": 0.39215686274509803,
    "f1-score": 0.547945205479452,
    "support": 51.0
  },
  "accuracy": 0.6944444444444444,
  "macro avg": {
    "precision": 0.7743128964059196,
    "recall": 0.6785345717234262,
    "f1-score": 0.6585879873551106,
    "support": 108.0
  },
  "weighted avg": {
    "precision": 0.7668252290345313,
    "recall": 0.6944444444444444,
    "f1-score": 0.664734808570425,
    "support": 108.0
  },
  "auc": 0.6596147230822152,
  "pr_auc": 0.6488841610283735,
  "brier": 0.2349356099215503,
  "win_rate": 0.9090909090909091,
  "label_2_support": 0,
  "label_1_support": 51,
  "label_-1_support": 47,
  "label_0_support": 10,
  "avg_roi": 0.00236918474547565,
  "sharpe": 2.2582211759690285
}