{
  "0": {
    "precision": 0.90625,
    "recall": 0.32222222222222224,
    "f1-score": 0.47540983606557374,
    "support": 90.0
  },
  "1": {
    "precision": 0.19736842105263158,
    "recall": 0.8333333333333334,
    "f1-score": 0.3191489361702128,
    "support": 18.0
  },
  "accuracy": 0.4074074074074074,
  "macro avg": {
    "precision": 0.5518092105263158,
    "recall": 0.5777777777777778,
    "f1-score": 0.39727938611789326,
    "support": 108.0
  },
  "weighted avg": {
    "precision": 0.7881030701754386,
    "recall": 0.4074074074074074,
    "f1-score": 0.44936635274968023,
    "support": 108.0
  },
  "auc": 0.5719135802469136,
  "pr_auc": 0.19429824561403508,
  "brier": 0.2529968345045797,
  "win_rate": 0.19736842105263158,
  "label_2_support": 0,
  "label_1_support": 18,
  "label_-1_support": 43,
  "label_0_support": 47,
  "avg_roi": -5.2889532526023686e-05,
  "sharpe": -0.2060408498645825
}