{
  "0": {
    "precision": 1.0,
    "recall": 0.13186813186813187,
    "f1-score": 0.23300970873786409,
    "support": 91.0
  },
  "1": {
    "precision": 0.17708333333333334,
    "recall": 1.0,
    "f1-score": 0.3008849557522124,
    "support": 17.0
  },
  "accuracy": 0.26851851851851855,
  "macro avg": {
    "precision": 0.5885416666666666,
    "recall": 0.5659340659340659,
    "f1-score": 0.26694733224503825,
    "support": 108.0
  },
  "weighted avg": {
    "precision": 0.8704668209876544,
    "recall": 0.26851851851851855,
    "f1-score": 0.24369377539753004,
    "support": 108.0
  },
  "auc": 0.5623787976729153,
  "pr_auc": 0.19834292412617222,
  "brier": 0.2580091701852795,
  "win_rate": 0.17708333333333334,
  "label_2_support": 0,
  "label_1_support": 17,
  "label_-1_support": 38,
  "label_0_support": 53,
  "avg_roi": -0.0001331372477579862,
  "sharpe": -0.8110988765477338
}