{
  "0": {
    "precision": 0.8032786885245902,
    "recall": 0.620253164556962,
    "f1-score": 0.7,
    "support": 79.0
  },
  "1": {
    "precision": 0.3617021276595745,
    "recall": 0.5862068965517241,
    "f1-score": 0.4473684210526316,
    "support": 29.0
  },
  "accuracy": 0.6111111111111112,
  "macro avg": {
    "precision": 0.5824904080920823,
    "recall": 0.603230030554343,
    "f1-score": 0.5736842105263158,
    "support": 108.0
  },
  "weighted avg": {
    "precision": 0.6847072045886138,
    "recall": 0.6111111111111112,
    "f1-score": 0.6321637426900585,
    "support": 108.0
  },
  "auc": 0.6776516804888694,
  "pr_auc": 0.45449885906437876,
  "brier": 0.2220541651491857,
  "win_rate": 0.3617021276595745,
  "label_2_support": 0,
  "label_1_support": 29,
  "label_-1_support": 34,
  "label_0_support": 45,
  "avg_roi": 0.00015596307639498264,
  "sharpe": 0.5853313655249144
}