{
  "0": {
    "precision": 0.7402597402597403,
    "recall": 0.6867469879518072,
    "f1-score": 0.7125,
    "support": 83.0
  },
  "1": {
    "precision": 0.16129032258064516,
    "recall": 0.2,
    "f1-score": 0.17857142857142858,
    "support": 25.0
  },
  "accuracy": 0.5740740740740741,
  "macro avg": {
    "precision": 0.4507750314201927,
    "recall": 0.44337349397590364,
    "f1-score": 0.4455357142857143,
    "support": 108.0
  },
  "weighted avg": {
    "precision": 0.6062390417229127,
    "recall": 0.5740740740740741,
    "f1-score": 0.5889054232804233,
    "support": 108.0
  },
  "auc": 0.5402409638554218,
  "pr_auc": 0.26758398572449965,
  "brier": 0.23129590747900122,
  "win_rate": 0.16129032258064516,
  "label_2_support": 0,
  "label_1_support": 25,
  "label_-1_support": 32,
  "label_0_support": 51,
  "avg_roi": -0.00015901905135251582,
  "sharpe": -0.6775884812497771
}