{
  "0": {
    "precision": 0.8641975308641975,
    "recall": 0.7608695652173914,
    "f1-score": 0.8092485549132948,
    "support": 92.0
  },
  "1": {
    "precision": 0.18518518518518517,
    "recall": 0.3125,
    "f1-score": 0.23255813953488372,
    "support": 16.0
  },
  "accuracy": 0.6944444444444444,
  "macro avg": {
    "precision": 0.5246913580246914,
    "recall": 0.5366847826086957,
    "f1-score": 0.5209033472240893,
    "support": 108.0
  },
  "weighted avg": {
    "precision": 0.7636031092821215,
    "recall": 0.6944444444444444,
    "f1-score": 0.723812937820197,
    "support": 108.0
  },
  "auc": 0.4466711956521739,
  "pr_auc": 0.15087073115868815,
  "brier": 0.20728773568312583,
  "win_rate": 0.18518518518518517,
  "label_2_support": 0,
  "label_1_support": 16,
  "label_-1_support": 55,
  "label_0_support": 37,
  "avg_roi": -0.0006954518612474203,
  "sharpe": -1.2470853804476096
}