{
  "0": {
    "precision": 0.7674418604651163,
    "recall": 0.7951807228915663,
    "f1-score": 0.7810650887573964,
    "support": 83.0
  },
  "1": {
    "precision": 0.2608695652173913,
    "recall": 0.23076923076923078,
    "f1-score": 0.24489795918367346,
    "support": 26.0
  },
  "accuracy": 0.6605504587155964,
  "macro avg": {
    "precision": 0.5141557128412538,
    "recall": 0.5129749768303985,
    "f1-score": 0.512981523970535,
    "support": 109.0
  },
  "weighted avg": {
    "precision": 0.646608101965659,
    "recall": 0.6605504587155964,
    "f1-score": 0.6531720119783432,
    "support": 109.0
  },
  "auc": 0.5189990732159407,
  "pr_auc": 0.34621274745513575,
  "brier": 0.21168150815751816,
  "win_rate": 0.2608695652173913,
  "label_2_support": 0,
  "label_1_support": 26,
  "label_-1_support": 23,
  "label_0_support": 60,
  "avg_roi": 3.945337448385544e-05,
  "sharpe": 0.1609459280134451
}