{
  "0": {
    "precision": 0.8058252427184466,
    "recall": 0.9431818181818182,
    "f1-score": 0.8691099476439791,
    "support": 88.0
  },
  "1": {
    "precision": 0.0,
    "recall": 0.0,
    "f1-score": 0.0,
    "support": 20.0
  },
  "accuracy": 0.7685185185185185,
  "macro avg": {
    "precision": 0.4029126213592233,
    "recall": 0.4715909090909091,
    "f1-score": 0.43455497382198954,
    "support": 108.0
  },
  "weighted avg": {
    "precision": 0.6565983459187342,
    "recall": 0.7685185185185185,
    "f1-score": 0.7081636610432421,
    "support": 108.0
  },
  "auc": 0.43636363636363634,
  "pr_auc": 0.1702153130995568,
  "brier": 0.17971692795073224,
  "win_rate": 0.0,
  "label_2_support": 0,
  "label_1_support": 20,
  "label_-1_support": 11,
  "label_0_support": 77,
  "avg_roi": -0.00041580043034628034,
  "sharpe": -1.118033988749895
}