{
  "0": {
    "precision": 0.7714285714285715,
    "recall": 0.9642857142857143,
    "f1-score": 0.8571428571428571,
    "support": 84.0
  },
  "1": {
    "precision": 0.0,
    "recall": 0.0,
    "f1-score": 0.0,
    "support": 24.0
  },
  "accuracy": 0.75,
  "macro avg": {
    "precision": 0.38571428571428573,
    "recall": 0.48214285714285715,
    "f1-score": 0.42857142857142855,
    "support": 108.0
  },
  "weighted avg": {
    "precision": 0.6,
    "recall": 0.75,
    "f1-score": 0.6666666666666666,
    "support": 108.0
  },
  "auc": 0.36011904761904767,
  "pr_auc": 0.2030621553540189,
  "brier": 0.21517704667656987,
  "win_rate": 0.0,
  "label_2_support": 0,
  "label_1_support": 24,
  "label_-1_support": 25,
  "label_0_support": 59,
  "avg_roi": 0.0005527915782295167,
  "sharpe": 1.2247448504309733
}