{
  "0": {
    "precision": 0.9615384615384616,
    "recall": 0.970873786407767,
    "f1-score": 0.966183574879227,
    "support": 103.0
  },
  "1": {
    "precision": 0.0,
    "recall": 0.0,
    "f1-score": 0.0,
    "support": 4.0
  },
  "accuracy": 0.9345794392523364,
  "macro avg": {
    "precision": 0.4807692307692308,
    "recall": 0.4854368932038835,
    "f1-score": 0.4830917874396135,
    "support": 107.0
  },
  "weighted avg": {
    "precision": 0.9255930984902948,
    "recall": 0.9345794392523364,
    "f1-score": 0.9300645627342091,
    "support": 107.0
  },
  "auc": 0.7087378640776699,
  "pr_auc": 0.09294871794871795,
  "brier": 0.06808655176092784,
  "win_rate": 0.0,
  "label_2_support": 0,
  "label_1_support": 4,
  "label_-1_support": 14,
  "label_0_support": 89,
  "avg_roi": -0.00036160534364171326,
  "sharpe": -1.2247448504309733
}