{
  "0": {
    "precision": 0.8541666666666666,
    "recall": 0.9761904761904762,
    "f1-score": 0.9111111111111111,
    "support": 84.0
  },
  "1": {
    "precision": 0.8181818181818182,
    "recall": 0.391304347826087,
    "f1-score": 0.5294117647058824,
    "support": 23.0
  },
  "accuracy": 0.8504672897196262,
  "macro avg": {
    "precision": 0.8361742424242424,
    "recall": 0.6837474120082816,
    "f1-score": 0.7202614379084967,
    "support": 107.0
  },
  "weighted avg": {
    "precision": 0.8464316057774002,
    "recall": 0.8504672897196262,
    "f1-score": 0.8290635880520432,
    "support": 107.0
  },
  "auc": 0.8100414078674948,
  "pr_auc": 0.6143644674679157,
  "brier": 0.14250734292015724,
  "win_rate": 0.8181818181818182,
  "label_2_support": 0,
  "label_1_support": 23,
  "label_-1_support": 23,
  "label_0_support": 61,
  "avg_roi": 0.00029370293486863375,
  "sharpe": 1.1494558493241205
}