{
  "0": {
    "precision": 0.3333333333333333,
    "recall": 0.06976744186046512,
    "f1-score": 0.11538461538461539,
    "support": 43.0
  },
  "1": {
    "precision": 0.5959595959595959,
    "recall": 0.9076923076923077,
    "f1-score": 0.7195121951219512,
    "support": 65.0
  },
  "accuracy": 0.5740740740740741,
  "macro avg": {
    "precision": 0.46464646464646464,
    "recall": 0.4887298747763864,
    "f1-score": 0.4174484052532833,
    "support": 108.0
  },
  "weighted avg": {
    "precision": 0.4913954358398803,
    "recall": 0.5740740740740741,
    "f1-score": 0.4789799180043082,
    "support": 108.0
  },
  "auc": 0.50304114490161,
  "pr_auc": 0.605872421123595,
  "brier": 0.24237145481101796,
  "win_rate": 0.5959595959595959,
  "label_2_support": 0,
  "label_1_support": 65,
  "label_-1_support": 37,
  "label_0_support": 6,
  "avg_roi": -0.0008325077942572534,
  "sharpe": -1.4199215175154152
}