{
  "0": {
    "precision": 0.8983050847457628,
    "recall": 0.5578947368421052,
    "f1-score": 0.6883116883116883,
    "support": 95.0
  },
  "1": {
    "precision": 0.14285714285714285,
    "recall": 0.5384615384615384,
    "f1-score": 0.22580645161290322,
    "support": 13.0
  },
  "accuracy": 0.5555555555555556,
  "macro avg": {
    "precision": 0.5205811138014528,
    "recall": 0.5481781376518218,
    "f1-score": 0.4570590699622958,
    "support": 108.0
  },
  "weighted avg": {
    "precision": 0.8073715361850956,
    "recall": 0.5555555555555555,
    "f1-score": 0.6326397616720199,
    "support": 108.0
  },
  "auc": 0.571255060728745,
  "pr_auc": 0.14783778235640774,
  "brier": 0.2094900096575584,
  "win_rate": 0.14285714285714285,
  "label_2_support": 0,
  "label_1_support": 13,
  "label_-1_support": 48,
  "label_0_support": 47,
  "avg_roi": -0.0003389347402844578,
  "sharpe": -1.240026816725731
}