{
  "0": {
    "precision": 0.6666666666666666,
    "recall": 0.6301369863013698,
    "f1-score": 0.647887323943662,
    "support": 73.0
  },
  "1": {
    "precision": 0.325,
    "recall": 0.3611111111111111,
    "f1-score": 0.34210526315789475,
    "support": 36.0
  },
  "accuracy": 0.5412844036697247,
  "macro avg": {
    "precision": 0.49583333333333335,
    "recall": 0.49562404870624044,
    "f1-score": 0.49499629355077834,
    "support": 109.0
  },
  "weighted avg": {
    "precision": 0.553822629969419,
    "recall": 0.5412844036697247,
    "f1-score": 0.5468950836841425,
    "support": 109.0
  },
  "auc": 0.5646879756468798,
  "pr_auc": 0.4157130299516845,
  "brier": 0.23559612057579368,
  "win_rate": 0.325,
  "label_2_support": 0,
  "label_1_support": 36,
  "label_-1_support": 30,
  "label_0_support": 43,
  "avg_roi": -0.0002960005367640406,
  "sharpe": -0.9668956491993362
}