{
  "0": {
    "precision": 0.9134615384615384,
    "recall": 0.9595959595959596,
    "f1-score": 0.9359605911330049,
    "support": 99.0
  },
  "1": {
    "precision": 0.0,
    "recall": 0.0,
    "f1-score": 0.0,
    "support": 9.0
  },
  "accuracy": 0.8796296296296297,
  "macro avg": {
    "precision": 0.4567307692307692,
    "recall": 0.4797979797979798,
    "f1-score": 0.46798029556650245,
    "support": 108.0
  },
  "weighted avg": {
    "precision": 0.8373397435897436,
    "recall": 0.8796296296296297,
    "f1-score": 0.8579638752052545,
    "support": 108.0
  },
  "auc": 0.48092031425364756,
  "pr_auc": 0.09297026321296416,
  "brier": 0.14245914316284797,
  "win_rate": 0.0,
  "label_2_support": 0,
  "label_1_support": 9,
  "label_-1_support": 18,
  "label_0_support": 81,
  "avg_roi": -0.0008798603666946292,
  "sharpe": -1.3947978019714355
}