{
  "0": {
    "precision": 0.8421052631578947,
    "recall": 0.16,
    "f1-score": 0.2689075630252101,
    "support": 100.0
  },
  "1": {
    "precision": 0.056179775280898875,
    "recall": 0.625,
    "f1-score": 0.10309278350515463,
    "support": 8.0
  },
  "accuracy": 0.19444444444444445,
  "macro avg": {
    "precision": 0.4491425192193968,
    "recall": 0.3925,
    "f1-score": 0.18600017326518237,
    "support": 108.0
  },
  "weighted avg": {
    "precision": 0.7838885603521913,
    "recall": 0.19444444444444445,
    "f1-score": 0.25662498676446527,
    "support": 108.0
  },
  "auc": 0.39749999999999996,
  "pr_auc": 0.06870196827005985,
  "brier": 0.26070706653451053,
  "win_rate": 0.056179775280898875,
  "label_2_support": 0,
  "label_1_support": 8,
  "label_-1_support": 24,
  "label_0_support": 76,
  "avg_roi": -0.00014178769197314978,
  "sharpe": -0.9816690950801397
}