{
  "0": {
    "precision": 0.8289473684210527,
    "recall": 0.6847826086956522,
    "f1-score": 0.75,
    "support": 92.0
  },
  "1": {
    "precision": 0.09375,
    "recall": 0.1875,
    "f1-score": 0.125,
    "support": 16.0
  },
  "accuracy": 0.6111111111111112,
  "macro avg": {
    "precision": 0.4613486842105263,
    "recall": 0.4361413043478261,
    "f1-score": 0.4375,
    "support": 108.0
  },
  "weighted avg": {
    "precision": 0.7200292397660819,
    "recall": 0.6111111111111112,
    "f1-score": 0.6574074074074074,
    "support": 108.0
  },
  "auc": 0.4517663043478261,
  "pr_auc": 0.1997271276690868,
  "brier": 0.24240610323925557,
  "win_rate": 0.09375,
  "label_2_support": 0,
  "label_1_support": 16,
  "label_-1_support": 37,
  "label_0_support": 55,
  "avg_roi": -0.000632549577858299,
  "sharpe": -1.359055813139494
}