{
  "0": {
    "precision": 0.9411764705882353,
    "recall": 0.96,
    "f1-score": 0.9504950495049505,
    "support": 100.0
  },
  "1": {
    "precision": 0.3333333333333333,
    "recall": 0.25,
    "f1-score": 0.2857142857142857,
    "support": 8.0
  },
  "accuracy": 0.9074074074074074,
  "macro avg": {
    "precision": 0.6372549019607843,
    "recall": 0.605,
    "f1-score": 0.618104667609618,
    "support": 108.0
  },
  "weighted avg": {
    "precision": 0.896151053013798,
    "recall": 0.9074074074074074,
    "f1-score": 0.9012520299649013,
    "support": 108.0
  },
  "auc": 0.645,
  "pr_auc": 0.2671428326192046,
  "brier": 0.10768471586794696,
  "win_rate": 0.3333333333333333,
  "label_2_support": 0,
  "label_1_support": 8,
  "label_-1_support": 12,
  "label_0_support": 88,
  "avg_roi": 0.0007413511048071086,
  "sharpe": 1.6038693758277476
}