{
  "0": {
    "precision": 0.8404255319148937,
    "recall": 0.8977272727272727,
    "f1-score": 0.8681318681318682,
    "support": 88.0
  },
  "1": {
    "precision": 0.4,
    "recall": 0.2857142857142857,
    "f1-score": 0.3333333333333333,
    "support": 21.0
  },
  "accuracy": 0.7798165137614679,
  "macro avg": {
    "precision": 0.6202127659574468,
    "recall": 0.5917207792207793,
    "f1-score": 0.6007326007326007,
    "support": 109.0
  },
  "weighted avg": {
    "precision": 0.7555729065000977,
    "recall": 0.7798165137614679,
    "f1-score": 0.7650972880330679,
    "support": 109.0
  },
  "auc": 0.6547619047619048,
  "pr_auc": 0.36587425434602866,
  "brier": 0.20141307258984517,
  "win_rate": 0.4,
  "label_2_support": 0,
  "label_1_support": 21,
  "label_-1_support": 31,
  "label_0_support": 57,
  "avg_roi": 0.0003880693984683603,
  "sharpe": 1.2762741311903494
}