{
  "0": {
    "precision": 1.0,
    "recall": 0.16494845360824742,
    "f1-score": 0.2831858407079646,
    "support": 97.0
  },
  "1": {
    "precision": 0.11956521739130435,
    "recall": 1.0,
    "f1-score": 0.21359223300970873,
    "support": 11.0
  },
  "accuracy": 0.25,
  "macro avg": {
    "precision": 0.5597826086956522,
    "recall": 0.5824742268041238,
    "f1-score": 0.24838903685883668,
    "support": 108.0
  },
  "weighted avg": {
    "precision": 0.9103260869565217,
    "recall": 0.25,
    "f1-score": 0.2760976028868459,
    "support": 108.0
  },
  "auc": 0.5510777881911902,
  "pr_auc": 0.11304885590599875,
  "brier": 0.26093440649815697,
  "win_rate": 0.11956521739130435,
  "label_2_support": 0,
  "label_1_support": 11,
  "label_-1_support": 62,
  "label_0_support": 35,
  "avg_roi": -0.00023349856201093644,
  "sharpe": -1.069707711821261
}