{
  "0": {
    "precision": 0.8787878787878788,
    "recall": 0.6444444444444445,
    "f1-score": 0.7435897435897436,
    "support": 90.0
  },
  "1": {
    "precision": 0.2558139534883721,
    "recall": 0.5789473684210527,
    "f1-score": 0.3548387096774194,
    "support": 19.0
  },
  "accuracy": 0.6330275229357798,
  "macro avg": {
    "precision": 0.5673009161381255,
    "recall": 0.6116959064327485,
    "f1-score": 0.5492142266335815,
    "support": 109.0
  },
  "weighted avg": {
    "precision": 0.7701960936439282,
    "recall": 0.6330275229357798,
    "f1-score": 0.6758258018986044,
    "support": 109.0
  },
  "auc": 0.7558479532163743,
  "pr_auc": 0.3278375449369393,
  "brier": 0.18640331838451693,
  "win_rate": 0.2558139534883721,
  "label_2_support": 0,
  "label_1_support": 19,
  "label_-1_support": 48,
  "label_0_support": 42,
  "avg_roi": 2.0070494429091923e-05,
  "sharpe": 0.07168083916923888
}