{
  "0": {
    "precision": 0.8469387755102041,
    "recall": 0.9431818181818182,
    "f1-score": 0.8924731182795699,
    "support": 88.0
  },
  "1": {
    "precision": 0.5454545454545454,
    "recall": 0.2857142857142857,
    "f1-score": 0.375,
    "support": 21.0
  },
  "accuracy": 0.8165137614678899,
  "macro avg": {
    "precision": 0.6961966604823748,
    "recall": 0.614448051948052,
    "f1-score": 0.633736559139785,
    "support": 109.0
  },
  "weighted avg": {
    "precision": 0.7888546577930589,
    "recall": 0.8165137614678899,
    "f1-score": 0.7927764624642398,
    "support": 109.0
  },
  "auc": 0.5654761904761905,
  "pr_auc": 0.42983383160756883,
  "brier": 0.18319644055574347,
  "win_rate": 0.5454545454545454,
  "label_2_support": 0,
  "label_1_support": 21,
  "label_-1_support": 37,
  "label_0_support": 51,
  "avg_roi": 0.0004612506600096822,
  "sharpe": 0.8740319630635645
}