{
  "0": {
    "precision": 0.8715596330275229,
    "recall": 1.0,
    "f1-score": 0.9313725490196079,
    "support": 95.0
  },
  "1": {
    "precision": 0.0,
    "recall": 0.0,
    "f1-score": 0.0,
    "support": 14.0
  },
  "accuracy": 0.8715596330275229,
  "macro avg": {
    "precision": 0.43577981651376146,
    "recall": 0.5,
    "f1-score": 0.46568627450980393,
    "support": 109.0
  },
  "weighted avg": {
    "precision": 0.7596161939230704,
    "recall": 0.8715596330275229,
    "f1-score": 0.8117467170354381,
    "support": 109.0
  },
  "auc": 0.45,
  "pr_auc": 0.14428124642705112,
  "brier": 0.12640622708938998,
  "win_rate": 0.0,
  "label_2_support": 0,
  "label_1_support": 14,
  "label_-1_support": 18,
  "label_0_support": 77,
  "avg_roi": 0.0,
  "sharpe": 0.0
}