{
  "0": {
    "precision": 0.8962264150943396,
    "recall": 0.9693877551020408,
    "f1-score": 0.9313725490196079,
    "support": 98.0
  },
  "1": {
    "precision": 0.0,
    "recall": 0.0,
    "f1-score": 0.0,
    "support": 11.0
  },
  "accuracy": 0.8715596330275229,
  "macro avg": {
    "precision": 0.4481132075471698,
    "recall": 0.4846938775510204,
    "f1-score": 0.46568627450980393,
    "support": 109.0
  },
  "weighted avg": {
    "precision": 0.8057815475160117,
    "recall": 0.8715596330275229,
    "f1-score": 0.8373808238891888,
    "support": 109.0
  },
  "auc": 0.6243042671614101,
  "pr_auc": 0.24617827610186274,
  "brier": 0.11834679822712624,
  "win_rate": 0.0,
  "label_2_support": 0,
  "label_1_support": 11,
  "label_-1_support": 17,
  "label_0_support": 81,
  "avg_roi": 0.0,
  "sharpe": 0.0
}