{
  "0": {
    "precision": 0.0,
    "recall": 0.0,
    "f1-score": 0.0,
    "support": 47.0
  },
  "1": {
    "precision": 0.5648148148148148,
    "recall": 1.0,
    "f1-score": 0.7218934911242604,
    "support": 61.0
  },
  "accuracy": 0.5648148148148148,
  "macro avg": {
    "precision": 0.2824074074074074,
    "recall": 0.5,
    "f1-score": 0.3609467455621302,
    "support": 108.0
  },
  "weighted avg": {
    "precision": 0.3190157750342935,
    "recall": 0.5648148148148148,
    "f1-score": 0.40773613850536927,
    "support": 108.0
  },
  "auc": 0.42047436344611094,
  "pr_auc": 0.5350349918512127,
  "brier": 0.24959532039859614,
  "win_rate": 0.5648148148148148,
  "label_2_support": 0,
  "label_1_support": 61,
  "label_-1_support": 42,
  "label_0_support": 5,
  "avg_roi": 0.00015835982048884034,
  "sharpe": 0.4591852817495886
}