{
  "0": {
    "precision": 0.8260869565217391,
    "recall": 0.7402597402597403,
    "f1-score": 0.7808219178082192,
    "support": 77.0
  },
  "1": {
    "precision": 0.09090909090909091,
    "recall": 0.14285714285714285,
    "f1-score": 0.1111111111111111,
    "support": 14.0
  },
  "accuracy": 0.6483516483516484,
  "macro avg": {
    "precision": 0.45849802371541504,
    "recall": 0.4415584415584416,
    "f1-score": 0.4459665144596652,
    "support": 91.0
  },
  "weighted avg": {
    "precision": 0.7129826695044087,
    "recall": 0.6483516483516484,
    "f1-score": 0.6777894860086642,
    "support": 91.0
  },
  "auc": 0.44155844155844154,
  "pr_auc": 0.14485514485514486,
  "brier": 0.23823932382698523,
  "win_rate": 0.09090909090909091,
  "label_2_support": 0,
  "label_1_support": 14,
  "label_-1_support": 12,
  "label_0_support": 65,
  "avg_roi": -7.632773485966027e-05,
  "sharpe": -0.5416044376895711
}