{
  "0": {
    "precision": 0.9175257731958762,
    "recall": 0.9081632653061225,
    "f1-score": 0.9128205128205128,
    "support": 98.0
  },
  "1": {
    "precision": 0.18181818181818182,
    "recall": 0.2,
    "f1-score": 0.19047619047619047,
    "support": 10.0
  },
  "accuracy": 0.8425925925925926,
  "macro avg": {
    "precision": 0.549671977507029,
    "recall": 0.5540816326530612,
    "f1-score": 0.5516483516483517,
    "support": 108.0
  },
  "weighted avg": {
    "precision": 0.8494046999201638,
    "recall": 0.8425925925925926,
    "f1-score": 0.8459367792701125,
    "support": 108.0
  },
  "auc": 0.6433673469387755,
  "pr_auc": 0.16033761528326745,
  "brier": 0.11859320363987758,
  "win_rate": 0.18181818181818182,
  "label_2_support": 0,
  "label_1_support": 10,
  "label_-1_support": 12,
  "label_0_support": 86,
  "avg_roi": 0.00018880028801504523,
  "sharpe": 0.6385852760321306
}