{
  "0": {
    "precision": 0.8526315789473684,
    "recall": 0.8617021276595744,
    "f1-score": 0.8571428571428571,
    "support": 94.0
  },
  "1": {
    "precision": 0.0,
    "recall": 0.0,
    "f1-score": 0.0,
    "support": 14.0
  },
  "accuracy": 0.75,
  "macro avg": {
    "precision": 0.4263157894736842,
    "recall": 0.4308510638297872,
    "f1-score": 0.42857142857142855,
    "support": 108.0
  },
  "weighted avg": {
    "precision": 0.7421052631578947,
    "recall": 0.75,
    "f1-score": 0.746031746031746,
    "support": 108.0
  },
  "auc": 0.6462765957446808,
  "pr_auc": 0.1829062543249012,
  "brier": 0.14769497272334187,
  "win_rate": 0.0,
  "label_2_support": 0,
  "label_1_support": 14,
  "label_-1_support": 21,
  "label_0_support": 73,
  "avg_roi": 0.0002830401645042002,
  "sharpe": 1.1474703485649262
}