{
  "0": {
    "precision": 0.8611111111111112,
    "recall": 1.0,
    "f1-score": 0.9253731343283582,
    "support": 93.0
  },
  "1": {
    "precision": 0.0,
    "recall": 0.0,
    "f1-score": 0.0,
    "support": 15.0
  },
  "accuracy": 0.8611111111111112,
  "macro avg": {
    "precision": 0.4305555555555556,
    "recall": 0.5,
    "f1-score": 0.4626865671641791,
    "support": 108.0
  },
  "weighted avg": {
    "precision": 0.7415123456790125,
    "recall": 0.8611111111111112,
    "f1-score": 0.796849087893864,
    "support": 108.0
  },
  "auc": 0.5867383512544803,
  "pr_auc": 0.23406277289772437,
  "brier": 0.14150861146442462,
  "win_rate": 0.0,
  "label_2_support": 0,
  "label_1_support": 15,
  "label_-1_support": 23,
  "label_0_support": 70,
  "avg_roi": 0.0,
  "sharpe": 0.0
}