{
  "0": {
    "precision": 0.7663551401869159,
    "recall": 1.0,
    "f1-score": 0.8677248677248677,
    "support": 82.0
  },
  "1": {
    "precision": 0.0,
    "recall": 0.0,
    "f1-score": 0.0,
    "support": 25.0
  },
  "accuracy": 0.7663551401869159,
  "macro avg": {
    "precision": 0.38317757009345793,
    "recall": 0.5,
    "f1-score": 0.43386243386243384,
    "support": 107.0
  },
  "weighted avg": {
    "precision": 0.5873002008909075,
    "recall": 0.7663551401869159,
    "f1-score": 0.664985412648964,
    "support": 107.0
  },
  "auc": 0.35829268292682925,
  "pr_auc": 0.20112711750341827,
  "brier": 0.18944272761879039,
  "win_rate": 0.0,
  "label_2_support": 0,
  "label_1_support": 25,
  "label_-1_support": 16,
  "label_0_support": 66,
  "avg_roi": 0.0,
  "sharpe": 0.0
}