{
  "total_entries": 438,
  "tp_count": 328,
  "trail_count": 0,
  "sl_count": 110,
  "hold_count": 0,
  "force_count": 0,
  "win_rate": 0.7488584474885844,
  "loss_rate": 0.2511415525114155,
  "avg_roi": 0.0007442922374428405,
  "cum_roi": 0.32599999999996415,
  "sharpe": 7.183752917987023,
  "mdd": -0.03940290517978125,
  "avg_roi_gross": 0.0017442922374428407,
  "cum_roi_gross": 0.7639999999999643
}