{
  "total_entries": 886,
  "tp_count": 673,
  "trail_count": 0,
  "sl_count": 212,
  "hold_count": 0,
  "force_count": 1,
  "win_rate": 0.7595936794582393,
  "loss_rate": 0.23927765237020315,
  "avg_roi": 0.0008022681681888346,
  "cum_roi": 0.7108095970153074,
  "sharpe": 11.196426883477205,
  "mdd": -0.06528253910833062,
  "avg_roi_gross": 0.001802268168188835,
  "cum_roi_gross": 1.5968095970153078
}