{
  "total_entries": 1059,
  "tp_count": 575,
  "trail_count": 0,
  "sl_count": 484,
  "hold_count": 0,
  "force_count": 0,
  "win_rate": 0.5429650613786591,
  "loss_rate": 0.45703493862134087,
  "avg_roi": -0.0008281397544853627,
  "cum_roi": -0.8769999999999991,
  "sharpe": -13.524803964166486,
  "mdd": -0.5862395828892009,
  "avg_roi_gross": 0.00017186024551463745,
  "cum_roi_gross": 0.18200000000000105
}