{
  "total_entries": 458,
  "tp_count": 274,
  "trail_count": 0,
  "sl_count": 184,
  "hold_count": 0,
  "force_count": 0,
  "win_rate": 0.5982532751091703,
  "loss_rate": 0.4017467248908297,
  "avg_roi": -8.733624454213459e-06,
  "cum_roi": -0.0040000000000297645,
  "sharpe": -0.07624976913414006,
  "mdd": -0.13916236266927923,
  "avg_roi_gross": 0.0009912663755457867,
  "cum_roi_gross": 0.4539999999999703
}