{
  "total_entries": 476,
  "tp_count": 268,
  "trail_count": 0,
  "sl_count": 208,
  "hold_count": 0,
  "force_count": 0,
  "win_rate": 0.5630252100840336,
  "loss_rate": 0.4369747899159664,
  "avg_roi": -0.0001848739495798944,
  "cum_roi": -0.08800000000002973,
  "sharpe": -1.626361480346561,
  "mdd": -0.17462090834382618,
  "avg_roi_gross": 0.0008151260504201058,
  "cum_roi_gross": 0.38799999999997037
}