{
  "total_entries": 354,
  "tp_count": 316,
  "trail_count": 0,
  "sl_count": 38,
  "hold_count": 0,
  "force_count": 0,
  "win_rate": 0.8926553672316384,
  "loss_rate": 0.10734463276836158,
  "avg_roi": 0.0014632768361580956,
  "cum_roi": 0.5179999999999658,
  "sharpe": 17.78795601188021,
  "mdd": -0.010980815656074472,
  "avg_roi_gross": 0.002463276836158096,
  "cum_roi_gross": 0.8719999999999659
}