{
  "total_entries": 1119,
  "tp_count": 811,
  "trail_count": 0,
  "sl_count": 308,
  "hold_count": 0,
  "force_count": 0,
  "win_rate": 0.7247542448614834,
  "loss_rate": 0.2752457551385165,
  "avg_roi": -0.00010098302055406571,
  "cum_roi": -0.11299999999999953,
  "sharpe": -1.8908092143956374,
  "mdd": -0.13189293812490271,
  "avg_roi_gross": 0.0008990169794459345,
  "cum_roi_gross": 1.0060000000000007
}