{
  "total_entries": 824,
  "tp_count": 532,
  "trail_count": 0,
  "sl_count": 291,
  "hold_count": 0,
  "force_count": 1,
  "win_rate": 0.6456310679611651,
  "loss_rate": 0.35315533980582525,
  "avg_roi": -0.0004140287545120854,
  "cum_roi": -0.34115969371795835,
  "sharpe": -6.218571882083436,
  "mdd": -0.29218778159252806,
  "avg_roi_gross": 0.0005859712454879147,
  "cum_roi_gross": 0.4828403062820418
}