{
  "total_entries": 295,
  "tp_count": 235,
  "trail_count": 0,
  "sl_count": 60,
  "hold_count": 0,
  "force_count": 0,
  "win_rate": 0.7966101694915254,
  "loss_rate": 0.2033898305084746,
  "avg_roi": 0.0009830508474575445,
  "cum_roi": 0.28999999999997567,
  "sharpe": 8.389371864667803,
  "mdd": -0.02187041699336759,
  "avg_roi_gross": 0.0019830508474575448,
  "cum_roi_gross": 0.5849999999999758
}