{
  "total_entries": 359,
  "tp_count": 243,
  "trail_count": 0,
  "sl_count": 116,
  "hold_count": 0,
  "force_count": 0,
  "win_rate": 0.6768802228412256,
  "loss_rate": 0.3231197771587744,
  "avg_roi": 0.0003844011142060488,
  "cum_roi": 0.1379999999999715,
  "sharpe": 3.114757031701718,
  "mdd": -0.06524044768594504,
  "avg_roi_gross": 0.0013844011142060489,
  "cum_roi_gross": 0.4969999999999716
}