{
  "total_entries": 335,
  "tp_count": 255,
  "trail_count": 0,
  "sl_count": 79,
  "hold_count": 0,
  "force_count": 1,
  "win_rate": 0.7611940298507462,
  "loss_rate": 0.23582089552238805,
  "avg_roi": 0.000808152111964357,
  "cum_roi": 0.2707309575080596,
  "sharpe": 6.950148235844108,
  "mdd": -0.03268367770069797,
  "avg_roi_gross": 0.001808152111964357,
  "cum_roi_gross": 0.6057309575080596
}