{
  "total_entries": 311,
  "tp_count": 274,
  "trail_count": 0,
  "sl_count": 37,
  "hold_count": 0,
  "force_count": 0,
  "win_rate": 0.8810289389067524,
  "loss_rate": 0.1189710610932476,
  "avg_roi": 0.0014051446945336646,
  "cum_roi": 0.4369999999999697,
  "sharpe": 15.307895319224526,
  "mdd": -0.029685613805969645,
  "avg_roi_gross": 0.002405144694533665,
  "cum_roi_gross": 0.7479999999999698
}