{
  "total_entries": 1,
  "tp_count": 0,
  "trail_count": 0,
  "sl_count": 1,
  "hold_count": 0,
  "force_count": 0,
  "win_rate": 0.0,
  "loss_rate": 1.0,
  "avg_roi": -0.003000000000000113,
  "cum_roi": -0.003000000000000113,
  "sharpe": 0.0,
  "mdd": 0.0,
  "avg_roi_gross": -0.002000000000000113,
  "cum_roi_gross": -0.002000000000000113
}