{
  "total_entries": 154,
  "tp_count": 151,
  "trail_count": 0,
  "sl_count": 3,
  "hold_count": 0,
  "force_count": 0,
  "win_rate": 0.9805194805194806,
  "loss_rate": 0.01948051948051948,
  "avg_roi": 0.0009220779220779229,
  "cum_roi": 0.14200000000000013,
  "sharpe": 20.698535209608227,
  "mdd": -0.0030000000000000447,
  "avg_roi_gross": 0.001922077922077923,
  "cum_roi_gross": 0.29600000000000015
}