{
  "total_entries": 801,
  "tp_count": 534,
  "trail_count": 0,
  "sl_count": 266,
  "hold_count": 0,
  "force_count": 1,
  "win_rate": 0.6666666666666666,
  "loss_rate": 0.33208489388264667,
  "avg_roi": -0.00033191179365998734,
  "cum_roi": -0.26586134672164985,
  "sharpe": -4.985971682363924,
  "mdd": -0.23687070328505624,
  "avg_roi_gross": 0.0006680882063400127,
  "cum_roi_gross": 0.5351386532783502
}