{
  "total_entries": 298,
  "tp_count": 195,
  "trail_count": 0,
  "sl_count": 103,
  "hold_count": 0,
  "force_count": 0,
  "win_rate": 0.6543624161073825,
  "loss_rate": 0.34563758389261745,
  "avg_roi": 0.00027181208053684257,
  "cum_roi": 0.08099999999997909,
  "sharpe": 1.9732732499309005,
  "mdd": -0.06242773087857904,
  "avg_roi_gross": 0.0012718120805368428,
  "cum_roi_gross": 0.37899999999997913
}