{
  "total_entries": 406,
  "tp_count": 332,
  "trail_count": 0,
  "sl_count": 74,
  "hold_count": 0,
  "force_count": 0,
  "win_rate": 0.8177339901477833,
  "loss_rate": 0.18226600985221675,
  "avg_roi": 0.0010886699507388258,
  "cum_roi": 0.4419999999999633,
  "sharpe": 11.363977890133679,
  "mdd": -0.018912472524284383,
  "avg_roi_gross": 0.0020886699507388262,
  "cum_roi_gross": 0.8479999999999634
}