{
  "total_entries": 1079,
  "tp_count": 776,
  "trail_count": 0,
  "sl_count": 303,
  "hold_count": 0,
  "force_count": 0,
  "win_rate": 0.7191844300278035,
  "loss_rate": 0.2808155699721965,
  "avg_roi": -0.00012326227988878518,
  "cum_roi": -0.1329999999999992,
  "sharpe": -2.252424264078842,
  "mdd": -0.15976453057705364,
  "avg_roi_gross": 0.0008767377201112148,
  "cum_roi_gross": 0.9460000000000008
}