{
  "total_entries": 1197,
  "tp_count": 774,
  "trail_count": 0,
  "sl_count": 422,
  "hold_count": 0,
  "force_count": 1,
  "win_rate": 0.6466165413533834,
  "loss_rate": 0.35254803675856305,
  "avg_roi": -0.00041186299081035995,
  "cum_roi": -0.4930000000000009,
  "sharpe": -7.457763527436227,
  "mdd": -0.3912146578958608,
  "avg_roi_gross": 0.0005881370091896402,
  "cum_roi_gross": 0.7039999999999993
}