{
  "total_entries": 334,
  "tp_count": 291,
  "trail_count": 0,
  "sl_count": 42,
  "hold_count": 0,
  "force_count": 1,
  "win_rate": 0.8712574850299402,
  "loss_rate": 0.12574850299401197,
  "avg_roi": 0.0013635788991778676,
  "cum_roi": 0.45543535232540777,
  "sharpe": 15.004687668277793,
  "mdd": -0.0059910000000000276,
  "avg_roi_gross": 0.002363578899177868,
  "cum_roi_gross": 0.7894353523254078
}