{
  "total_entries": 1131,
  "tp_count": 839,
  "trail_count": 0,
  "sl_count": 291,
  "hold_count": 0,
  "force_count": 1,
  "win_rate": 0.7418213969938108,
  "loss_rate": 0.2572944297082228,
  "avg_roi": -3.094606542882403e-05,
  "cum_roi": -0.03499999999999998,
  "sharpe": -0.5951970486298316,
  "mdd": -0.09045624953822312,
  "avg_roi_gross": 0.000969053934571176,
  "cum_roi_gross": 1.096
}