{
  "total_entries": 856,
  "tp_count": 588,
  "trail_count": 0,
  "sl_count": 268,
  "hold_count": 0,
  "force_count": 0,
  "win_rate": 0.6869158878504673,
  "loss_rate": 0.3130841121495327,
  "avg_roi": -0.0002523364485981295,
  "cum_roi": -0.21599999999999886,
  "sharpe": -3.9799221962740154,
  "mdd": -0.19948477170904755,
  "avg_roi_gross": 0.0007476635514018706,
  "cum_roi_gross": 0.6400000000000012
}