{
  "total_entries": 1172,
  "tp_count": 817,
  "trail_count": 0,
  "sl_count": 354,
  "hold_count": 0,
  "force_count": 1,
  "win_rate": 0.697098976109215,
  "loss_rate": 0.30204778156996587,
  "avg_roi": -0.0002091643517334717,
  "cum_roi": -0.24514062023162886,
  "sharpe": -3.8996068007693836,
  "mdd": -0.22116873867099,
  "avg_roi_gross": 0.0007908356482665284,
  "cum_roi_gross": 0.9268593797683713
}