{
  "total_entries": 9,
  "tp_count": 9,
  "trail_count": 0,
  "sl_count": 0,
  "hold_count": 0,
  "force_count": 0,
  "win_rate": 1.0,
  "loss_rate": 0.0,
  "avg_roi": 0.0010000000000000018,
  "cum_roi": 0.009000000000000015,
  "sharpe": 0.0,
  "mdd": 0.0,
  "avg_roi_gross": 0.0020000000000000018,
  "cum_roi_gross": 0.018000000000000016
}