{
  "total_entries": 1036,
  "tp_count": 807,
  "trail_count": 0,
  "sl_count": 229,
  "hold_count": 0,
  "force_count": 0,
  "win_rate": 0.778957528957529,
  "loss_rate": 0.22104247104247104,
  "avg_roi": 0.00011583011583011653,
  "cum_roi": 0.12000000000000072,
  "sharpe": 2.2461906953895507,
  "mdd": -0.09195624549871474,
  "avg_roi_gross": 0.0011158301158301167,
  "cum_roi_gross": 1.1560000000000008
}