{
  "total_entries": 995,
  "tp_count": 613,
  "trail_count": 0,
  "sl_count": 382,
  "hold_count": 0,
  "force_count": 0,
  "win_rate": 0.6160804020100502,
  "loss_rate": 0.38391959798994973,
  "avg_roi": -0.0005356783919597992,
  "cum_roi": -0.5330000000000001,
  "sharpe": -8.685940286050549,
  "mdd": -0.41667729847975565,
  "avg_roi_gross": 0.000464321608040201,
  "cum_roi_gross": 0.46199999999999997
}