{
  "total_entries": 1119,
  "tp_count": 713,
  "trail_count": 0,
  "sl_count": 405,
  "hold_count": 0,
  "force_count": 1,
  "win_rate": 0.6371760500446828,
  "loss_rate": 0.36193029490616624,
  "avg_roi": -0.00044950848972296557,
  "cum_roi": -0.5029999999999984,
  "sharpe": -7.82421330989836,
  "mdd": -0.4229971621319871,
  "avg_roi_gross": 0.0005504915102770346,
  "cum_roi_gross": 0.6160000000000017
}