{
  "total_entries": 1115,
  "tp_count": 777,
  "trail_count": 0,
  "sl_count": 338,
  "hold_count": 0,
  "force_count": 0,
  "win_rate": 0.6968609865470852,
  "loss_rate": 0.3031390134529148,
  "avg_roi": -0.0002125560538116581,
  "cum_roi": -0.23699999999999877,
  "sharpe": -3.860618867668383,
  "mdd": -0.2915140229817883,
  "avg_roi_gross": 0.000787443946188342,
  "cum_roi_gross": 0.8780000000000013
}