{
  "total_entries": 328,
  "tp_count": 243,
  "trail_count": 0,
  "sl_count": 85,
  "hold_count": 0,
  "force_count": 0,
  "win_rate": 0.7408536585365854,
  "loss_rate": 0.25914634146341464,
  "avg_roi": 0.0007042682926828468,
  "cum_roi": 0.23099999999997375,
  "sharpe": 5.821920862329453,
  "mdd": -0.02867933584068471,
  "avg_roi_gross": 0.001704268292682847,
  "cum_roi_gross": 0.5589999999999739
}