{
  "total_entries": 269,
  "tp_count": 226,
  "trail_count": 0,
  "sl_count": 42,
  "hold_count": 0,
  "force_count": 1,
  "win_rate": 0.8401486988847584,
  "loss_rate": 0.15613382899628253,
  "avg_roi": 0.001206303662083754,
  "cum_roi": 0.32449568510052984,
  "sharpe": 10.859912633687141,
  "mdd": -0.018868293003472612,
  "avg_roi_gross": 0.0022063036620837547,
  "cum_roi_gross": 0.59349568510053
}