{
  "total_entries": 244,
  "tp_count": 182,
  "trail_count": 0,
  "sl_count": 62,
  "hold_count": 0,
  "force_count": 0,
  "win_rate": 0.7459016393442623,
  "loss_rate": 0.2540983606557377,
  "avg_roi": 0.0007295081967212291,
  "cum_roi": 0.1779999999999799,
  "sharpe": 5.234960057736073,
  "mdd": -0.033511738411730954,
  "avg_roi_gross": 0.0017295081967212292,
  "cum_roi_gross": 0.42199999999997995
}