{
  "total_entries": 1145,
  "tp_count": 855,
  "trail_count": 0,
  "sl_count": 290,
  "hold_count": 0,
  "force_count": 0,
  "win_rate": 0.7467248908296943,
  "loss_rate": 0.25327510917030566,
  "avg_roi": -1.3100436681222125e-05,
  "cum_roi": -0.014999999999999333,
  "sharpe": -0.25483082178455485,
  "mdd": -0.1884987638116098,
  "avg_roi_gross": 0.000986899563318778,
  "cum_roi_gross": 1.1300000000000008
}