{
  "total_entries": 804,
  "tp_count": 498,
  "trail_count": 0,
  "sl_count": 306,
  "hold_count": 0,
  "force_count": 0,
  "win_rate": 0.6194029850746269,
  "loss_rate": 0.3805970149253731,
  "avg_roi": -0.0005223880597014908,
  "cum_roi": -0.4199999999999986,
  "sharpe": -7.626792640525436,
  "mdd": -0.3466358104559905,
  "avg_roi_gross": 0.00047761194029850927,
  "cum_roi_gross": 0.38400000000000145
}