{
  "total_entries": 281,
  "tp_count": 237,
  "trail_count": 0,
  "sl_count": 44,
  "hold_count": 0,
  "force_count": 0,
  "win_rate": 0.8434163701067615,
  "loss_rate": 0.15658362989323843,
  "avg_roi": 0.0012170818505337134,
  "cum_roi": 0.34199999999997344,
  "sharpe": 11.228164078983031,
  "mdd": -0.03454199364482855,
  "avg_roi_gross": 0.0022170818505337134,
  "cum_roi_gross": 0.6229999999999735
}