{
  "total_entries": 863,
  "tp_count": 701,
  "trail_count": 0,
  "sl_count": 162,
  "hold_count": 0,
  "force_count": 0,
  "win_rate": 0.8122827346465817,
  "loss_rate": 0.18771726535341832,
  "avg_roi": 0.00024913093858632636,
  "cum_roi": 0.21499999999999964,
  "sharpe": 4.685623079553904,
  "mdd": -0.045136896654224816,
  "avg_roi_gross": 0.0012491309385863265,
  "cum_roi_gross": 1.0779999999999998
}