{
  "total_entries": 1030,
  "tp_count": 800,
  "trail_count": 0,
  "sl_count": 230,
  "hold_count": 0,
  "force_count": 0,
  "win_rate": 0.7766990291262136,
  "loss_rate": 0.22330097087378642,
  "avg_roi": 0.00010679611650485639,
  "cum_roi": 0.11000000000000208,
  "sharpe": 2.057512084596597,
  "mdd": -0.10927324695653201,
  "avg_roi_gross": 0.0011067961165048567,
  "cum_roi_gross": 1.1400000000000023
}