{
  "total_entries": 493,
  "tp_count": 402,
  "trail_count": 0,
  "sl_count": 91,
  "hold_count": 0,
  "force_count": 0,
  "win_rate": 0.8154158215010142,
  "loss_rate": 0.1845841784989858,
  "avg_roi": 0.0002616632860040569,
  "cum_roi": 0.12900000000000006,
  "sharpe": 3.7438587568192165,
  "mdd": -0.0431572332933606,
  "avg_roi_gross": 0.001261663286004057,
  "cum_roi_gross": 0.6220000000000001
}