{
  "total_entries": 982,
  "tp_count": 745,
  "trail_count": 0,
  "sl_count": 237,
  "hold_count": 0,
  "force_count": 0,
  "win_rate": 0.7586558044806517,
  "loss_rate": 0.24134419551934827,
  "avg_roi": 3.4623217922607535e-05,
  "cum_roi": 0.0340000000000006,
  "sharpe": 0.6339023477215798,
  "mdd": -0.0856577491443816,
  "avg_roi_gross": 0.0010346232179226076,
  "cum_roi_gross": 1.0160000000000007
}