{
  "total_entries": 1004,
  "tp_count": 687,
  "trail_count": 0,
  "sl_count": 317,
  "hold_count": 0,
  "force_count": 0,
  "win_rate": 0.6842629482071713,
  "loss_rate": 0.3157370517928287,
  "avg_roi": -0.0002629482071713155,
  "cum_roi": -0.2640000000000008,
  "sharpe": -4.481287345713001,
  "mdd": -0.27620348604808875,
  "avg_roi_gross": 0.0007370517928286846,
  "cum_roi_gross": 0.7399999999999993
}