{
  "total_entries": 928,
  "tp_count": 629,
  "trail_count": 0,
  "sl_count": 299,
  "hold_count": 0,
  "force_count": 0,
  "win_rate": 0.677801724137931,
  "loss_rate": 0.32219827586206895,
  "avg_roi": -0.00028879310344827715,
  "cum_roi": -0.2680000000000012,
  "sharpe": -4.706389580843885,
  "mdd": -0.25283650893536713,
  "avg_roi_gross": 0.000711206896551723,
  "cum_roi_gross": 0.6599999999999989
}