{
  "total_entries": 312,
  "tp_count": 274,
  "trail_count": 0,
  "sl_count": 38,
  "hold_count": 0,
  "force_count": 0,
  "win_rate": 0.8782051282051282,
  "loss_rate": 0.12179487179487179,
  "avg_roi": 0.0013910256410255464,
  "cum_roi": 0.43399999999997046,
  "sharpe": 15.02553493096211,
  "mdd": -0.010965970314702365,
  "avg_roi_gross": 0.0023910256410255466,
  "cum_roi_gross": 0.7459999999999706
}