{
  "total_entries": 1103,
  "tp_count": 747,
  "trail_count": 0,
  "sl_count": 355,
  "hold_count": 0,
  "force_count": 1,
  "win_rate": 0.6772438803263826,
  "loss_rate": 0.32184950135992746,
  "avg_roi": -0.000289211242067089,
  "cum_roi": -0.3189999999999992,
  "sharpe": -5.140655419920017,
  "mdd": -0.35057742810124704,
  "avg_roi_gross": 0.000710788757932911,
  "cum_roi_gross": 0.7840000000000009
}