{
  "total_entries": 305,
  "tp_count": 251,
  "trail_count": 0,
  "sl_count": 54,
  "hold_count": 0,
  "force_count": 0,
  "win_rate": 0.8229508196721311,
  "loss_rate": 0.17704918032786884,
  "avg_roi": 0.001114754098360571,
  "cum_roi": 0.3399999999999741,
  "sharpe": 10.200585296275475,
  "mdd": -0.013947873209106405,
  "avg_roi_gross": 0.002114754098360571,
  "cum_roi_gross": 0.6449999999999741
}