{
  "total_entries": 382,
  "tp_count": 318,
  "trail_count": 0,
  "sl_count": 64,
  "hold_count": 0,
  "force_count": 0,
  "win_rate": 0.8324607329842932,
  "loss_rate": 0.16753926701570682,
  "avg_roi": 0.0011623036649213746,
  "cum_roi": 0.4439999999999651,
  "sharpe": 12.165811979973153,
  "mdd": -0.020900124184580735,
  "avg_roi_gross": 0.002162303664921375,
  "cum_roi_gross": 0.8259999999999652
}