{
  "total_entries": 273,
  "tp_count": 245,
  "trail_count": 0,
  "sl_count": 28,
  "hold_count": 0,
  "force_count": 0,
  "win_rate": 0.8974358974358975,
  "loss_rate": 0.10256410256410256,
  "avg_roi": 0.0014871794871793883,
  "cum_roi": 0.405999999999973,
  "sharpe": 16.198518450771203,
  "mdd": -0.01689127318654724,
  "avg_roi_gross": 0.0024871794871793884,
  "cum_roi_gross": 0.6789999999999731
}