{
  "total_entries": 1027,
  "tp_count": 737,
  "trail_count": 0,
  "sl_count": 289,
  "hold_count": 0,
  "force_count": 1,
  "win_rate": 0.7176241480038948,
  "loss_rate": 0.28140214216163584,
  "avg_roi": -0.0001292028060326191,
  "cum_roi": -0.1326912817954998,
  "sharpe": -2.3000870712583854,
  "mdd": -0.1756001897560317,
  "avg_roi_gross": 0.000870797193967381,
  "cum_roi_gross": 0.8943087182045003
}