{
  "total_entries": 629,
  "tp_count": 445,
  "trail_count": 0,
  "sl_count": 184,
  "hold_count": 0,
  "force_count": 0,
  "win_rate": 0.7074721780604134,
  "loss_rate": 0.29252782193958665,
  "avg_roi": -0.00017011128775834458,
  "cum_roi": -0.10699999999999874,
  "sharpe": -2.344553741847729,
  "mdd": -0.1803126641768529,
  "avg_roi_gross": 0.0008298887122416556,
  "cum_roi_gross": 0.5220000000000014
}