{
  "total_entries": 1248,
  "tp_count": 922,
  "trail_count": 0,
  "sl_count": 326,
  "hold_count": 0,
  "force_count": 0,
  "win_rate": 0.7387820512820513,
  "loss_rate": 0.26121794871794873,
  "avg_roi": -4.4871794871794624e-05,
  "cum_roi": -0.05599999999999969,
  "sharpe": -0.9021132627156114,
  "mdd": -0.21247517636636218,
  "avg_roi_gross": 0.0009551282051282054,
  "cum_roi_gross": 1.1920000000000004
}