{
  "total_entries": 1376,
  "tp_count": 989,
  "trail_count": 0,
  "sl_count": 387,
  "hold_count": 0,
  "force_count": 0,
  "win_rate": 0.71875,
  "loss_rate": 0.28125,
  "avg_roi": -0.0001249999999999989,
  "cum_roi": -0.1719999999999985,
  "sharpe": -2.57824416903616,
  "mdd": -0.278790967321655,
  "avg_roi_gross": 0.0008750000000000011,
  "cum_roi_gross": 1.2040000000000015
}