{
  "total_entries": 1019,
  "tp_count": 576,
  "trail_count": 0,
  "sl_count": 442,
  "hold_count": 0,
  "force_count": 1,
  "win_rate": 0.5652600588812562,
  "loss_rate": 0.4337585868498528,
  "avg_roi": -0.0007362619124872047,
  "cum_roi": -0.7502508888244616,
  "sharpe": -11.86001513000573,
  "mdd": -0.5287067593560908,
  "avg_roi_gross": 0.0002637380875127956,
  "cum_roi_gross": 0.2687491111755387
}