{
  "total_entries": 1038,
  "tp_count": 742,
  "trail_count": 0,
  "sl_count": 295,
  "hold_count": 0,
  "force_count": 1,
  "win_rate": 0.7148362235067437,
  "loss_rate": 0.2842003853564547,
  "avg_roi": -0.0001397870239265157,
  "cum_roi": -0.1450989308357233,
  "sharpe": -2.4953631385436394,
  "mdd": -0.14752834066824583,
  "avg_roi_gross": 0.0008602129760734844,
  "cum_roi_gross": 0.8929010691642768
}