{
  "total_entries": 1052,
  "tp_count": 625,
  "trail_count": 0,
  "sl_count": 427,
  "hold_count": 0,
  "force_count": 0,
  "win_rate": 0.594106463878327,
  "loss_rate": 0.405893536121673,
  "avg_roi": -0.0006235741444866929,
  "cum_roi": -0.6560000000000009,
  "sharpe": -10.29669317781813,
  "mdd": -0.4863605126822588,
  "avg_roi_gross": 0.0003764258555133073,
  "cum_roi_gross": 0.39599999999999924
}