{
  "total_entries": 1013,
  "tp_count": 711,
  "trail_count": 0,
  "sl_count": 302,
  "hold_count": 0,
  "force_count": 0,
  "win_rate": 0.7018756169792695,
  "loss_rate": 0.2981243830207305,
  "avg_roi": -0.00019249753208292042,
  "cum_roi": -0.1949999999999984,
  "sharpe": -3.348428817041611,
  "mdd": -0.1975117814059708,
  "avg_roi_gross": 0.0008075024679170797,
  "cum_roi_gross": 0.8180000000000017
}