{
  "total_entries": 765,
  "tp_count": 504,
  "trail_count": 0,
  "sl_count": 261,
  "hold_count": 0,
  "force_count": 0,
  "win_rate": 0.6588235294117647,
  "loss_rate": 0.3411764705882353,
  "avg_roi": -0.0003647058823529411,
  "cum_roi": -0.2789999999999999,
  "sharpe": -5.319115339284416,
  "mdd": -0.2520444094648903,
  "avg_roi_gross": 0.0006352941176470591,
  "cum_roi_gross": 0.4860000000000002
}