{
  "total_entries": 1036,
  "tp_count": 778,
  "trail_count": 0,
  "sl_count": 258,
  "hold_count": 0,
  "force_count": 0,
  "win_rate": 0.750965250965251,
  "loss_rate": 0.24903474903474904,
  "avg_roi": 3.861003861004936e-06,
  "cum_roi": 0.004000000000001114,
  "sharpe": 0.07184229976798301,
  "mdd": -0.11371887574529736,
  "avg_roi_gross": 0.0010038610038610053,
  "cum_roi_gross": 1.0400000000000014
}