{
  "total_entries": 852,
  "tp_count": 658,
  "trail_count": 0,
  "sl_count": 193,
  "hold_count": 0,
  "force_count": 1,
  "win_rate": 0.7723004694835681,
  "loss_rate": 0.22652582159624413,
  "avg_roi": 0.0008636871117380586,
  "cum_roi": 0.7358614192008259,
  "sharpe": 12.041087462250514,
  "mdd": -0.06620884872490128,
  "avg_roi_gross": 0.001863687111738059,
  "cum_roi_gross": 1.5878614192008262
}