{
  "total_entries": 947,
  "tp_count": 580,
  "trail_count": 0,
  "sl_count": 366,
  "hold_count": 0,
  "force_count": 1,
  "win_rate": 0.6124604012671595,
  "loss_rate": 0.3864836325237592,
  "avg_roi": -0.0005476617702335102,
  "cum_roi": -0.5186356964111342,
  "sharpe": -8.655516189832015,
  "mdd": -0.40641538591064064,
  "avg_roi_gross": 0.00045233822976649,
  "cum_roi_gross": 0.428364303588866
}