{
  "total_entries": 307,
  "tp_count": 259,
  "trail_count": 0,
  "sl_count": 48,
  "hold_count": 0,
  "force_count": 0,
  "win_rate": 0.8436482084690554,
  "loss_rate": 0.1563517915309446,
  "avg_roi": 0.0012182410423451843,
  "cum_roi": 0.3739999999999716,
  "sharpe": 11.754395108885399,
  "mdd": -0.01393307240375821,
  "avg_roi_gross": 0.0022182410423451844,
  "cum_roi_gross": 0.6809999999999716
}