{
  "total_entries": 305,
  "tp_count": 221,
  "trail_count": 0,
  "sl_count": 84,
  "hold_count": 0,
  "force_count": 0,
  "win_rate": 0.7245901639344262,
  "loss_rate": 0.2754098360655738,
  "avg_roi": 0.000622950819672049,
  "cum_roi": 0.18999999999997494,
  "sharpe": 4.870771277945059,
  "mdd": -0.03268367770069849,
  "avg_roi_gross": 0.0016229508196720492,
  "cum_roi_gross": 0.494999999999975
}