{
  "total_entries": 2,
  "tp_count": 0,
  "trail_count": 0,
  "sl_count": 1,
  "hold_count": 0,
  "force_count": 1,
  "win_rate": 0.0,
  "loss_rate": 0.5,
  "avg_roi": -0.002142484903335572,
  "cum_roi": -0.004284969806671144,
  "sharpe": -3.5333852654753617,
  "mdd": -0.0012849698066711478,
  "avg_roi_gross": -0.0011424849033355722,
  "cum_roi_gross": -0.0022849698066711444
}