{
  "total_entries": 1159,
  "tp_count": 771,
  "trail_count": 0,
  "sl_count": 387,
  "hold_count": 0,
  "force_count": 1,
  "win_rate": 0.6652286453839517,
  "loss_rate": 0.3339085418464193,
  "avg_roi": -0.00033830935302944955,
  "cum_roi": -0.39210054016113205,
  "sharpe": -6.104434076791535,
  "mdd": -0.32647656222279864,
  "avg_roi_gross": 0.0006616906469705505,
  "cum_roi_gross": 0.7668994598388681
}