{
  "total_entries": 730,
  "tp_count": 574,
  "trail_count": 0,
  "sl_count": 155,
  "hold_count": 0,
  "force_count": 1,
  "win_rate": 0.7863013698630137,
  "loss_rate": 0.21232876712328766,
  "avg_roi": 0.00014794520547945273,
  "cum_roi": 0.10800000000000048,
  "sharpe": 2.443200114649025,
  "mdd": -0.07438136165575134,
  "avg_roi_gross": 0.0011479452054794527,
  "cum_roi_gross": 0.8380000000000005
}