{
  "total_entries": 295,
  "tp_count": 263,
  "trail_count": 0,
  "sl_count": 32,
  "hold_count": 0,
  "force_count": 0,
  "win_rate": 0.8915254237288136,
  "loss_rate": 0.10847457627118644,
  "avg_roi": 0.0014576271186439705,
  "cum_roi": 0.4299999999999713,
  "sharpe": 16.101138872880348,
  "mdd": -0.014939841648658069,
  "avg_roi_gross": 0.002457627118643971,
  "cum_roi_gross": 0.7249999999999714
}