{
  "total_entries": 295,
  "tp_count": 255,
  "trail_count": 0,
  "sl_count": 39,
  "hold_count": 0,
  "force_count": 1,
  "win_rate": 0.864406779661017,
  "loss_rate": 0.13220338983050847,
  "avg_roi": 0.0013244925256501903,
  "cum_roi": 0.39072529506680614,
  "sharpe": 13.334002121159045,
  "mdd": -0.024790167901390804,
  "avg_roi_gross": 0.0023244925256501905,
  "cum_roi_gross": 0.6857252950668062
}