{
  "total_entries": 1043,
  "tp_count": 591,
  "trail_count": 0,
  "sl_count": 451,
  "hold_count": 0,
  "force_count": 1,
  "win_rate": 0.5666347075743049,
  "loss_rate": 0.4324065196548418,
  "avg_roi": -0.0007315436241610738,
  "cum_roi": -0.763,
  "sharpe": -11.926487775809942,
  "mdd": -0.5352756514124246,
  "avg_roi_gross": 0.0002684563758389264,
  "cum_roi_gross": 0.28000000000000025
}