{
  "total_entries": 1064,
  "tp_count": 623,
  "trail_count": 0,
  "sl_count": 440,
  "hold_count": 0,
  "force_count": 1,
  "win_rate": 0.5855263157894737,
  "loss_rate": 0.41353383458646614,
  "avg_roi": -0.0006556625635104067,
  "cum_roi": -0.6976249675750728,
  "sharpe": -10.860710691237236,
  "mdd": -0.5084893842846309,
  "avg_roi_gross": 0.00034433743648959345,
  "cum_roi_gross": 0.3663750324249274
}