{
  "total_entries": 1009,
  "tp_count": 722,
  "trail_count": 0,
  "sl_count": 287,
  "hold_count": 0,
  "force_count": 0,
  "win_rate": 0.7155599603567889,
  "loss_rate": 0.2844400396432111,
  "avg_roi": -0.00013776015857284315,
  "cum_roi": -0.13899999999999874,
  "sharpe": -2.4248833129519056,
  "mdd": -0.15764627025154843,
  "avg_roi_gross": 0.0008622398414271569,
  "cum_roi_gross": 0.8700000000000013
}