{
  "total_entries": 1133,
  "tp_count": 631,
  "trail_count": 0,
  "sl_count": 502,
  "hold_count": 0,
  "force_count": 0,
  "win_rate": 0.5569285083848191,
  "loss_rate": 0.44307149161518095,
  "avg_roi": -0.0007722859664607229,
  "cum_roi": -0.8749999999999991,
  "sharpe": -13.082672760407162,
  "mdd": -0.5829604881331876,
  "avg_roi_gross": 0.00022771403353927716,
  "cum_roi_gross": 0.258000000000001
}