{
  "total_entries": 1242,
  "tp_count": 842,
  "trail_count": 0,
  "sl_count": 400,
  "hold_count": 0,
  "force_count": 0,
  "win_rate": 0.677938808373591,
  "loss_rate": 0.322061191626409,
  "avg_roi": -0.000288244766505635,
  "cum_roi": -0.3579999999999987,
  "sharpe": -5.434978016986857,
  "mdd": -0.34152508830568434,
  "avg_roi_gross": 0.0007117552334943651,
  "cum_roi_gross": 0.8840000000000015
}