{
  "total_entries": 149,
  "tp_count": 144,
  "trail_count": 0,
  "sl_count": 5,
  "hold_count": 0,
  "force_count": 0,
  "win_rate": 0.9664429530201343,
  "loss_rate": 0.03355704697986577,
  "avg_roi": 0.0008657718120805369,
  "cum_roi": 0.129,
  "sharpe": 14.670894868752717,
  "mdd": -0.00400198799099979,
  "avg_roi_gross": 0.0018657718120805372,
  "cum_roi_gross": 0.278
}