{
  "total_entries": 291,
  "tp_count": 251,
  "trail_count": 0,
  "sl_count": 40,
  "hold_count": 0,
  "force_count": 0,
  "win_rate": 0.8625429553264605,
  "loss_rate": 0.13745704467353953,
  "avg_roi": 0.001312714776632209,
  "cum_roi": 0.38199999999997286,
  "sharpe": 13.006875901503594,
  "mdd": -0.012940090134433473,
  "avg_roi_gross": 0.0023127147766322095,
  "cum_roi_gross": 0.672999999999973
}