{
  "total_entries": 426,
  "tp_count": 333,
  "trail_count": 0,
  "sl_count": 93,
  "hold_count": 0,
  "force_count": 0,
  "win_rate": 0.7816901408450704,
  "loss_rate": 0.21830985915492956,
  "avg_roi": 0.0009084507042252661,
  "cum_roi": 0.3869999999999634,
  "sharpe": 9.077832586240314,
  "mdd": -0.024746253060087983,
  "avg_roi_gross": 0.0019084507042252665,
  "cum_roi_gross": 0.8129999999999635
}