{
  "total_entries": 518,
  "tp_count": 285,
  "trail_count": 0,
  "sl_count": 233,
  "hold_count": 0,
  "force_count": 0,
  "win_rate": 0.5501930501930502,
  "loss_rate": 0.4498069498069498,
  "avg_roi": -0.00024903474903480876,
  "cum_roi": -0.12900000000003095,
  "sharpe": -2.2786844848960333,
  "mdd": -0.2070123225841001,
  "avg_roi_gross": 0.0007509652509651914,
  "cum_roi_gross": 0.38899999999996915
}