{
  "total_entries": 1069,
  "tp_count": 814,
  "trail_count": 0,
  "sl_count": 255,
  "hold_count": 0,
  "force_count": 0,
  "win_rate": 0.7614593077642656,
  "loss_rate": 0.23854069223573432,
  "avg_roi": 4.583723105706282e-05,
  "cum_roi": 0.049000000000000155,
  "sharpe": 0.8791088429533802,
  "mdd": -0.11181736716967984,
  "avg_roi_gross": 0.001045837231057063,
  "cum_roi_gross": 1.1180000000000003
}