{
  "total_entries": 1281,
  "tp_count": 878,
  "trail_count": 0,
  "sl_count": 403,
  "hold_count": 0,
  "force_count": 0,
  "win_rate": 0.6854020296643247,
  "loss_rate": 0.31459797033567527,
  "avg_roi": -0.0002583918813427002,
  "cum_roi": -0.330999999999999,
  "sharpe": -4.979007566863855,
  "mdd": -0.3408349319345465,
  "avg_roi_gross": 0.0007416081186572999,
  "cum_roi_gross": 0.9500000000000011
}