{
  "total_entries": 1101,
  "tp_count": 821,
  "trail_count": 0,
  "sl_count": 279,
  "hold_count": 0,
  "force_count": 1,
  "win_rate": 0.745685740236149,
  "loss_rate": 0.25340599455040874,
  "avg_roi": -1.5440508628517625e-05,
  "cum_roi": -0.016999999999997906,
  "sharpe": -0.2944749566606115,
  "mdd": -0.14268075446417122,
  "avg_roi_gross": 0.0009845594913714827,
  "cum_roi_gross": 1.0840000000000023
}