{
  "total_entries": 1370,
  "tp_count": 1007,
  "trail_count": 0,
  "sl_count": 362,
  "hold_count": 0,
  "force_count": 1,
  "win_rate": 0.7350364963503649,
  "loss_rate": 0.26423357664233577,
  "avg_roi": -5.839416058393979e-05,
  "cum_roi": -0.07999999999999752,
  "sharpe": -1.2255117550381114,
  "mdd": -0.2353051960787803,
  "avg_roi_gross": 0.0009416058394160604,
  "cum_roi_gross": 1.2900000000000027
}