{
  "total_entries": 951,
  "tp_count": 629,
  "trail_count": 0,
  "sl_count": 321,
  "hold_count": 0,
  "force_count": 1,
  "win_rate": 0.6614090431125131,
  "loss_rate": 0.33753943217665616,
  "avg_roi": -0.00035226077812828844,
  "cum_roi": -0.3350000000000023,
  "sharpe": -5.744364122036948,
  "mdd": -0.28448819248332785,
  "avg_roi_gross": 0.0006477392218717118,
  "cum_roi_gross": 0.6159999999999979
}