{
  "total_entries": 1085,
  "tp_count": 771,
  "trail_count": 0,
  "sl_count": 314,
  "hold_count": 0,
  "force_count": 0,
  "win_rate": 0.7105990783410139,
  "loss_rate": 0.2894009216589862,
  "avg_roi": -0.0001576036866359433,
  "cum_roi": -0.1709999999999985,
  "sharpe": -2.861929788846201,
  "mdd": -0.176045840285729,
  "avg_roi_gross": 0.0008423963133640567,
  "cum_roi_gross": 0.9140000000000016
}