{
  "total_entries": 934,
  "tp_count": 753,
  "trail_count": 0,
  "sl_count": 180,
  "hold_count": 0,
  "force_count": 1,
  "win_rate": 0.8062098501070664,
  "loss_rate": 0.19271948608137046,
  "avg_roi": 0.0002283772891287641,
  "cum_roi": 0.21330438804626567,
  "sharpe": 4.424318048446556,
  "mdd": -0.057491970651726,
  "avg_roi_gross": 0.0012283772891287642,
  "cum_roi_gross": 1.1473043880462659
}