{
  "total_entries": 323,
  "tp_count": 266,
  "trail_count": 0,
  "sl_count": 57,
  "hold_count": 0,
  "force_count": 0,
  "win_rate": 0.8235294117647058,
  "loss_rate": 0.17647058823529413,
  "avg_roi": 0.0011176470588234407,
  "cum_roi": 0.36099999999997134,
  "sharpe": 10.538048974571314,
  "mdd": -0.016935541730868107,
  "avg_roi_gross": 0.0021176470588234408,
  "cum_roi_gross": 0.6839999999999714
}