{
  "total_entries": 396,
  "tp_count": 324,
  "trail_count": 0,
  "sl_count": 71,
  "hold_count": 0,
  "force_count": 1,
  "win_rate": 0.8181818181818182,
  "loss_rate": 0.17929292929292928,
  "avg_roi": 0.0011018589506244735,
  "cum_roi": 0.4363361444472915,
  "sharpe": 11.435096836866157,
  "mdd": -0.014925055732920193,
  "avg_roi_gross": 0.002101858950624474,
  "cum_roi_gross": 0.8323361444472916
}