{
  "total_entries": 1028,
  "tp_count": 591,
  "trail_count": 0,
  "sl_count": 436,
  "hold_count": 0,
  "force_count": 1,
  "win_rate": 0.5749027237354085,
  "loss_rate": 0.42412451361867703,
  "avg_roi": -0.000697354693357119,
  "cum_roi": -0.7168806247711182,
  "sharpe": -11.313551921590248,
  "mdd": -0.515797576813625,
  "avg_roi_gross": 0.0003026453066428813,
  "cum_roi_gross": 0.311119375228882
}