{
  "total_entries": 559,
  "tp_count": 405,
  "trail_count": 0,
  "sl_count": 154,
  "hold_count": 0,
  "force_count": 0,
  "win_rate": 0.7245080500894454,
  "loss_rate": 0.27549194991055453,
  "avg_roi": -0.00010196779964221753,
  "cum_roi": -0.0569999999999996,
  "sharpe": -1.349065065601553,
  "mdd": -0.16523162045345197,
  "avg_roi_gross": 0.0008980322003577826,
  "cum_roi_gross": 0.5020000000000004
}