{
  "total_entries": 873,
  "tp_count": 616,
  "trail_count": 0,
  "sl_count": 257,
  "hold_count": 0,
  "force_count": 0,
  "win_rate": 0.7056128293241696,
  "loss_rate": 0.2943871706758305,
  "avg_roi": -0.00017754868270332026,
  "cum_roi": -0.15499999999999858,
  "sharpe": -2.877543588386135,
  "mdd": -0.17878595669766084,
  "avg_roi_gross": 0.0008224513172966799,
  "cum_roi_gross": 0.7180000000000015
}