{
  "total_entries": 1095,
  "tp_count": 761,
  "trail_count": 0,
  "sl_count": 334,
  "hold_count": 0,
  "force_count": 0,
  "win_rate": 0.6949771689497717,
  "loss_rate": 0.3050228310502283,
  "avg_roi": -0.00022009132420091273,
  "cum_roi": -0.24099999999999944,
  "sharpe": -3.954563458764269,
  "mdd": -0.2211032266312954,
  "avg_roi_gross": 0.0007799086757990873,
  "cum_roi_gross": 0.8540000000000006
}