{
  "total_entries": 1171,
  "tp_count": 759,
  "trail_count": 0,
  "sl_count": 411,
  "hold_count": 0,
  "force_count": 1,
  "win_rate": 0.6481639624252775,
  "loss_rate": 0.35098206660973524,
  "avg_roi": -0.00040653643701750165,
  "cum_roi": -0.47605416774749443,
  "sharpe": -7.286337011448781,
  "mdd": -0.3782916742926079,
  "avg_roi_gross": 0.0005934635629824985,
  "cum_roi_gross": 0.6949458322525057
}