{
  "total_entries": 703,
  "tp_count": 479,
  "trail_count": 0,
  "sl_count": 224,
  "hold_count": 0,
  "force_count": 0,
  "win_rate": 0.6813655761024182,
  "loss_rate": 0.3186344238975818,
  "avg_roi": -0.0002745376955903252,
  "cum_roi": -0.1929999999999986,
  "sharpe": -3.9055591023362353,
  "mdd": -0.24945567056224566,
  "avg_roi_gross": 0.0007254623044096749,
  "cum_roi_gross": 0.5100000000000015
}