{
  "total_entries": 1111,
  "tp_count": 633,
  "trail_count": 0,
  "sl_count": 478,
  "hold_count": 0,
  "force_count": 0,
  "win_rate": 0.5697569756975698,
  "loss_rate": 0.4302430243024302,
  "avg_roi": -0.0007209720972097213,
  "cum_roi": -0.8010000000000004,
  "sharpe": -12.134272701735329,
  "mdd": -0.5522255319424955,
  "avg_roi_gross": 0.0002790279027902788,
  "cum_roi_gross": 0.3099999999999997
}