{
  "total_entries": 956,
  "tp_count": 733,
  "trail_count": 0,
  "sl_count": 223,
  "hold_count": 0,
  "force_count": 0,
  "win_rate": 0.7667364016736402,
  "loss_rate": 0.23326359832635984,
  "avg_roi": 6.694560669456163e-05,
  "cum_roi": 0.06400000000000092,
  "sharpe": 1.2236142046070688,
  "mdd": -0.07913300698944896,
  "avg_roi_gross": 0.0010669456066945617,
  "cum_roi_gross": 1.020000000000001
}