{
  "total_entries": 1284,
  "tp_count": 868,
  "trail_count": 0,
  "sl_count": 416,
  "hold_count": 0,
  "force_count": 0,
  "win_rate": 0.67601246105919,
  "loss_rate": 0.32398753894080995,
  "avg_roi": -0.0002959501557632391,
  "cum_roi": -0.37999999999999906,
  "sharpe": -5.664995761361992,
  "mdd": -0.3855321396112894,
  "avg_roi_gross": 0.0007040498442367609,
  "cum_roi_gross": 0.904000000000001
}