{
  "total_entries": 319,
  "tp_count": 264,
  "trail_count": 0,
  "sl_count": 55,
  "hold_count": 0,
  "force_count": 0,
  "win_rate": 0.8275862068965517,
  "loss_rate": 0.1724137931034483,
  "avg_roi": 0.001137931034482669,
  "cum_roi": 0.36299999999997135,
  "sharpe": 10.76090144922751,
  "mdd": -0.012984536597145333,
  "avg_roi_gross": 0.002137931034482669,
  "cum_roi_gross": 0.6819999999999714
}