{
  "total_entries": 1420,
  "tp_count": 1020,
  "trail_count": 0,
  "sl_count": 399,
  "hold_count": 0,
  "force_count": 1,
  "win_rate": 0.7183098591549296,
  "loss_rate": 0.28098591549295776,
  "avg_roi": -0.0001253521126760549,
  "cum_roi": -0.17799999999999794,
  "sharpe": -2.627413653173145,
  "mdd": -0.23316547618859793,
  "avg_roi_gross": 0.0008746478873239452,
  "cum_roi_gross": 1.2420000000000022
}