{
  "total_entries": 1521,
  "tp_count": 1082,
  "trail_count": 0,
  "sl_count": 439,
  "hold_count": 0,
  "force_count": 0,
  "win_rate": 0.7113740959894806,
  "loss_rate": 0.2886259040105194,
  "avg_roi": -0.00015450361604207728,
  "cum_roi": -0.23499999999999954,
  "sharpe": -3.324501915087885,
  "mdd": -0.2868568474581521,
  "avg_roi_gross": 0.0008454963839579227,
  "cum_roi_gross": 1.2860000000000005
}