{
  "total_entries": 404,
  "tp_count": 322,
  "trail_count": 0,
  "sl_count": 82,
  "hold_count": 0,
  "force_count": 0,
  "win_rate": 0.7970297029702971,
  "loss_rate": 0.20297029702970298,
  "avg_roi": 0.0009851485148513978,
  "cum_roi": 0.3979999999999647,
  "sharpe": 9.846205331516106,
  "mdd": -0.02474625306008834,
  "avg_roi_gross": 0.001985148514851398,
  "cum_roi_gross": 0.8019999999999649
}