{
  "total_entries": 171,
  "tp_count": 165,
  "trail_count": 0,
  "sl_count": 6,
  "hold_count": 0,
  "force_count": 0,
  "win_rate": 0.9649122807017544,
  "loss_rate": 0.03508771929824561,
  "avg_roi": 0.0008596491228070183,
  "cum_roi": 0.14700000000000013,
  "sharpe": 15.273472993157942,
  "mdd": -0.008973026999999821,
  "avg_roi_gross": 0.0018596491228070186,
  "cum_roi_gross": 0.31800000000000017
}