{
  "total_entries": 347,
  "tp_count": 232,
  "trail_count": 0,
  "sl_count": 115,
  "hold_count": 0,
  "force_count": 0,
  "win_rate": 0.6685878962536023,
  "loss_rate": 0.3314121037463977,
  "avg_roi": 0.00034293948126793767,
  "cum_roi": 0.11899999999997438,
  "sharpe": 2.7142433460407287,
  "mdd": -0.083772884953914,
  "avg_roi_gross": 0.0013429394812679379,
  "cum_roi_gross": 0.46599999999997443
}