{
  "total_entries": 1356,
  "tp_count": 985,
  "trail_count": 0,
  "sl_count": 370,
  "hold_count": 0,
  "force_count": 1,
  "win_rate": 0.726401179941003,
  "loss_rate": 0.2728613569321534,
  "avg_roi": -9.299516748186265e-05,
  "cum_roi": -0.12610144710540575,
  "sharpe": -1.922026638129557,
  "mdd": -0.17728146403109407,
  "avg_roi_gross": 0.0009070048325181375,
  "cum_roi_gross": 1.2298985528945945
}