{
  "total_entries": 318,
  "tp_count": 273,
  "trail_count": 0,
  "sl_count": 45,
  "hold_count": 0,
  "force_count": 0,
  "win_rate": 0.8584905660377359,
  "loss_rate": 0.14150943396226415,
  "avg_roi": 0.0012924528301885875,
  "cum_roi": 0.41099999999997083,
  "sharpe": 13.225064448626068,
  "mdd": -0.017939245470078545,
  "avg_roi_gross": 0.0022924528301885875,
  "cum_roi_gross": 0.7289999999999709
}