{
  "total_entries": 1431,
  "tp_count": 1001,
  "trail_count": 0,
  "sl_count": 429,
  "hold_count": 0,
  "force_count": 1,
  "win_rate": 0.6995108315863033,
  "loss_rate": 0.29979035639413,
  "avg_roi": -0.00020055904961565173,
  "cum_roi": -0.28699999999999765,
  "sharpe": -4.140142957542376,
  "mdd": -0.28509561854334253,
  "avg_roi_gross": 0.0007994409503843483,
  "cum_roi_gross": 1.1440000000000023
}