{
  "total_entries": 1035,
  "tp_count": 749,
  "trail_count": 0,
  "sl_count": 285,
  "hold_count": 0,
  "force_count": 1,
  "win_rate": 0.7236714975845411,
  "loss_rate": 0.2753623188405797,
  "avg_roi": -0.00010398765186180637,
  "cum_roi": -0.1076272196769696,
  "sharpe": -1.872002545279568,
  "mdd": -0.1546140000782231,
  "avg_roi_gross": 0.0008960123481381937,
  "cum_roi_gross": 0.9273727803230305
}