{
  "total_entries": 1017,
  "tp_count": 609,
  "trail_count": 0,
  "sl_count": 408,
  "hold_count": 0,
  "force_count": 0,
  "win_rate": 0.5988200589970502,
  "loss_rate": 0.40117994100294985,
  "avg_roi": -0.000604719764011799,
  "cum_roi": -0.6149999999999995,
  "sharpe": -9.83641567125704,
  "mdd": -0.4588936658897192,
  "avg_roi_gross": 0.00039528023598820117,
  "cum_roi_gross": 0.4020000000000006
}