{
  "total_entries": 1193,
  "tp_count": 868,
  "trail_count": 0,
  "sl_count": 324,
  "hold_count": 0,
  "force_count": 1,
  "win_rate": 0.7275775356244761,
  "loss_rate": 0.2715842414082146,
  "avg_roi": -8.801341156747754e-05,
  "cum_roi": -0.1050000000000007,
  "sharpe": -1.708784080710648,
  "mdd": -0.22477261007670687,
  "avg_roi_gross": 0.0009119865884325226,
  "cum_roi_gross": 1.0879999999999994
}