{
  "total_entries": 850,
  "tp_count": 606,
  "trail_count": 0,
  "sl_count": 244,
  "hold_count": 0,
  "force_count": 0,
  "win_rate": 0.7129411764705882,
  "loss_rate": 0.28705882352941176,
  "avg_roi": -0.00014823529411764797,
  "cum_roi": -0.12600000000000078,
  "sharpe": -2.3882995202192596,
  "mdd": -0.12488502486519434,
  "avg_roi_gross": 0.0008517647058823521,
  "cum_roi_gross": 0.7239999999999993
}