{
  "total_entries": 916,
  "tp_count": 566,
  "trail_count": 0,
  "sl_count": 349,
  "hold_count": 0,
  "force_count": 1,
  "win_rate": 0.6179039301310044,
  "loss_rate": 0.38100436681222705,
  "avg_roi": -0.0005268952414458485,
  "cum_roi": -0.4826360411643973,
  "sharpe": -8.210544670569968,
  "mdd": -0.3842064047123626,
  "avg_roi_gross": 0.0004731047585541516,
  "cum_roi_gross": 0.43336395883560286
}