{
  "total_entries": 305,
  "tp_count": 247,
  "trail_count": 0,
  "sl_count": 58,
  "hold_count": 0,
  "force_count": 0,
  "win_rate": 0.8098360655737705,
  "loss_rate": 0.1901639344262295,
  "avg_roi": 0.001049180327868765,
  "cum_roi": 0.3199999999999733,
  "sharpe": 9.338291364408091,
  "mdd": -0.016891273186546905,
  "avg_roi_gross": 0.002049180327868765,
  "cum_roi_gross": 0.6249999999999734
}