{
  "total_entries": 290,
  "tp_count": 233,
  "trail_count": 0,
  "sl_count": 57,
  "hold_count": 0,
  "force_count": 0,
  "win_rate": 0.803448275862069,
  "loss_rate": 0.19655172413793104,
  "avg_roi": 0.0010172413793102576,
  "cum_roi": 0.29499999999997467,
  "sharpe": 8.71837654621988,
  "mdd": -0.01597512396101893,
  "avg_roi_gross": 0.0020172413793102576,
  "cum_roi_gross": 0.5849999999999748
}