{
  "total_entries": 826,
  "tp_count": 602,
  "trail_count": 0,
  "sl_count": 224,
  "hold_count": 0,
  "force_count": 0,
  "win_rate": 0.7288135593220338,
  "loss_rate": 0.2711864406779661,
  "avg_roi": -8.474576271186517e-05,
  "cum_roi": -0.07000000000000063,
  "sharpe": -1.3696380654145763,
  "mdd": -0.09649373196756542,
  "avg_roi_gross": 0.0009152542372881349,
  "cum_roi_gross": 0.7559999999999995
}