{
  "total_entries": 289,
  "tp_count": 202,
  "trail_count": 0,
  "sl_count": 87,
  "hold_count": 0,
  "force_count": 0,
  "win_rate": 0.698961937716263,
  "loss_rate": 0.30103806228373703,
  "avg_roi": 0.0004948096885812377,
  "cum_roi": 0.1429999999999777,
  "sharpe": 3.667580402819986,
  "mdd": -0.03356976482824426,
  "avg_roi_gross": 0.0014948096885812378,
  "cum_roi_gross": 0.43199999999997774
}