{
  "total_entries": 274,
  "tp_count": 230,
  "trail_count": 0,
  "sl_count": 44,
  "hold_count": 0,
  "force_count": 0,
  "win_rate": 0.8394160583941606,
  "loss_rate": 0.16058394160583941,
  "avg_roi": 0.0011970802919707097,
  "cum_roi": 0.3279999999999744,
  "sharpe": 10.79416033015944,
  "mdd": -0.01696505298631428,
  "avg_roi_gross": 0.0021970802919707095,
  "cum_roi_gross": 0.6019999999999744
}