{
  "total_entries": 1235,
  "tp_count": 834,
  "trail_count": 0,
  "sl_count": 401,
  "hold_count": 0,
  "force_count": 0,
  "win_rate": 0.6753036437246963,
  "loss_rate": 0.32469635627530363,
  "avg_roi": -0.0002987854251012141,
  "cum_roi": -0.3689999999999994,
  "sharpe": -5.605890907608681,
  "mdd": -0.3128556034497055,
  "avg_roi_gross": 0.000701214574898786,
  "cum_roi_gross": 0.8660000000000008
}