{
  "total_entries": 1243,
  "tp_count": 820,
  "trail_count": 0,
  "sl_count": 422,
  "hold_count": 0,
  "force_count": 1,
  "win_rate": 0.6596942880128721,
  "loss_rate": 0.3395012067578439,
  "avg_roi": -0.000360212377454615,
  "cum_roi": -0.44774398517608643,
  "sharpe": -6.704618739647924,
  "mdd": -0.3701549901763639,
  "avg_roi_gross": 0.0006397876225453851,
  "cum_roi_gross": 0.7952560148239137
}