{
  "total_entries": 363,
  "tp_count": 274,
  "trail_count": 0,
  "sl_count": 89,
  "hold_count": 0,
  "force_count": 0,
  "win_rate": 0.7548209366391184,
  "loss_rate": 0.24517906336088155,
  "avg_roi": 0.0007741046831955113,
  "cum_roi": 0.2809999999999706,
  "sharpe": 6.856766232875689,
  "mdd": -0.023808118868973032,
  "avg_roi_gross": 0.0017741046831955115,
  "cum_roi_gross": 0.6439999999999707
}