{
  "total_entries": 279,
  "tp_count": 223,
  "trail_count": 0,
  "sl_count": 56,
  "hold_count": 0,
  "force_count": 0,
  "win_rate": 0.7992831541218638,
  "loss_rate": 0.2007168458781362,
  "avg_roi": 0.0009964157706092304,
  "cum_roi": 0.27799999999997527,
  "sharpe": 8.310563039873326,
  "mdd": -0.019840599366987823,
  "avg_roi_gross": 0.0019964157706092306,
  "cum_roi_gross": 0.5569999999999753
}