{
  "total_entries": 1088,
  "tp_count": 756,
  "trail_count": 0,
  "sl_count": 331,
  "hold_count": 0,
  "force_count": 1,
  "win_rate": 0.6948529411764706,
  "loss_rate": 0.30422794117647056,
  "avg_roi": -0.00021874999999999938,
  "cum_roi": -0.23799999999999932,
  "sharpe": -3.921216579958639,
  "mdd": -0.2372265137806563,
  "avg_roi_gross": 0.0007812500000000007,
  "cum_roi_gross": 0.8500000000000008
}