{
  "total_entries": 826,
  "tp_count": 527,
  "trail_count": 0,
  "sl_count": 299,
  "hold_count": 0,
  "force_count": 0,
  "win_rate": 0.6380145278450363,
  "loss_rate": 0.3619854721549637,
  "avg_roi": -0.00044794188861985493,
  "cum_roi": -0.37000000000000016,
  "sharpe": -6.697162775141026,
  "mdd": -0.31448472104157726,
  "avg_roi_gross": 0.0005520581113801453,
  "cum_roi_gross": 0.45599999999999996
}