{
  "total_entries": 524,
  "tp_count": 462,
  "trail_count": 0,
  "sl_count": 62,
  "hold_count": 0,
  "force_count": 0,
  "win_rate": 0.8816793893129771,
  "loss_rate": 0.1183206106870229,
  "avg_roi": 0.0005267175572519092,
  "cum_roi": 0.2760000000000004,
  "sharpe": 9.332497917805282,
  "mdd": -0.013942952779489717,
  "avg_roi_gross": 0.0015267175572519092,
  "cum_roi_gross": 0.8000000000000005
}