{
  "0": {
    "precision": 0.7540106951871658,
    "recall": 0.6497695852534562,
    "f1-score": 0.698019801980198,
    "support": 434.0
  },
  "1": {
    "precision": 0.36401673640167365,
    "recall": 0.4860335195530726,
    "f1-score": 0.41626794258373206,
    "support": 179.0
  },
  "accuracy": 0.601957585644372,
  "macro avg": {
    "precision": 0.5590137157944197,
    "recall": 0.5679015524032645,
    "f1-score": 0.557143872281965,
    "support": 613.0
  },
  "weighted avg": {
    "precision": 0.6401299143998851,
    "recall": 0.601957585644372,
    "f1-score": 0.6157464205251124,
    "support": 613.0
  },
  "auc": 0.588342815951394,
  "pr_auc": 0.37377391235579616,
  "brier": 0.23586683687317664,
  "win_rate": 0.36401673640167365,
  "label_2_support": 0,
  "label_1_support": 179,
  "label_-1_support": 174,
  "label_0_support": 260,
  "avg_roi": 0.0002725849044509232,
  "sharpe": 3.5051504331792542
}