{
  "0": {
    "precision": 0.8854166666666666,
    "recall": 0.9976525821596244,
    "f1-score": 0.9381898454746137,
    "support": 426.0
  },
  "1": {
    "precision": 0.0,
    "recall": 0.0,
    "f1-score": 0.0,
    "support": 55.0
  },
  "accuracy": 0.8835758835758836,
  "macro avg": {
    "precision": 0.4427083333333333,
    "recall": 0.4988262910798122,
    "f1-score": 0.46909492273730685,
    "support": 481.0
  },
  "weighted avg": {
    "precision": 0.7841735966735967,
    "recall": 0.8835758835758836,
    "f1-score": 0.8309124203163939,
    "support": 481.0
  },
  "auc": 0.5624839948783611,
  "pr_auc": 0.14667559796230195,
  "brier": 0.1067968719340056,
  "win_rate": 0.0,
  "label_2_support": 0,
  "label_1_support": 55,
  "label_-1_support": 131,
  "label_0_support": 295,
  "avg_roi": 0.0008424599654972553,
  "sharpe": 0.0
}