{
  "0": {
    "precision": 0.7904761904761904,
    "recall": 0.48349514563106794,
    "f1-score": 0.6,
    "support": 515.0
  },
  "1": {
    "precision": 0.31266149870801035,
    "recall": 0.6470588235294118,
    "f1-score": 0.42160278745644597,
    "support": 187.0
  },
  "accuracy": 0.5270655270655271,
  "macro avg": {
    "precision": 0.5515688445921004,
    "recall": 0.5652769845802399,
    "f1-score": 0.510801393728223,
    "support": 702.0
  },
  "weighted avg": {
    "precision": 0.6631950688798234,
    "recall": 0.5270655270655271,
    "f1-score": 0.5524782354050646,
    "support": 702.0
  },
  "auc": 0.615186127407715,
  "pr_auc": 0.3690319405987931,
  "brier": 0.2700192608876819,
  "win_rate": 0.31266149870801035,
  "label_2_support": 0,
  "label_1_support": 187,
  "label_-1_support": 184,
  "label_0_support": 331,
  "avg_roi": 9.61881669354625e-05,
  "sharpe": 1.6510915962659751
}