{
  "0": {
    "precision": 0.4050632911392405,
    "recall": 0.5052631578947369,
    "f1-score": 0.4496487119437939,
    "support": 380.0
  },
  "1": {
    "precision": 0.7071651090342679,
    "recall": 0.6168478260869565,
    "f1-score": 0.6589259796806967,
    "support": 736.0
  },
  "accuracy": 0.578853046594982,
  "macro avg": {
    "precision": 0.5561142000867542,
    "recall": 0.5610554919908467,
    "f1-score": 0.5542873458122453,
    "support": 1116.0
  },
  "weighted avg": {
    "precision": 0.6042988986399037,
    "recall": 0.578853046594982,
    "f1-score": 0.5876666949674143,
    "support": 1116.0
  },
  "auc": 0.5965675057208237,
  "pr_auc": 0.7382854067204215,
  "brier": 0.25104316896722634,
  "win_rate": 0.7071651090342679,
  "label_2_support": 0,
  "label_1_support": 736,
  "label_-1_support": 335,
  "label_0_support": 45,
  "avg_roi": -5.740740743931383e-05,
  "sharpe": -0.3005173331803694
}