{
  "0": {
    "precision": 0.8831460674157303,
    "recall": 0.960880195599022,
    "f1-score": 0.9203747072599532,
    "support": 409.0
  },
  "1": {
    "precision": 0.2,
    "recall": 0.07142857142857142,
    "f1-score": 0.10526315789473684,
    "support": 56.0
  },
  "accuracy": 0.853763440860215,
  "macro avg": {
    "precision": 0.5415730337078651,
    "recall": 0.5161543835137967,
    "f1-score": 0.512818932577345,
    "support": 465.0
  },
  "weighted avg": {
    "precision": 0.8008747130602875,
    "recall": 0.853763440860215,
    "f1-score": 0.822210735723497,
    "support": 465.0
  },
  "auc": 0.6892245895913377,
  "pr_auc": 0.20647718240472002,
  "brier": 0.11535947032466,
  "win_rate": 0.2,
  "label_2_support": 0,
  "label_1_support": 56,
  "label_-1_support": 127,
  "label_0_support": 282,
  "avg_roi": -0.00013791921082884073,
  "sharpe": -0.5330409149877152
}