{
  "0": {
    "precision": 0.6681614349775785,
    "recall": 0.873900293255132,
    "f1-score": 0.7573062261753494,
    "support": 341.0
  },
  "1": {
    "precision": 0.532608695652174,
    "recall": 0.24873096446700507,
    "f1-score": 0.3391003460207612,
    "support": 197.0
  },
  "accuracy": 0.6449814126394052,
  "macro avg": {
    "precision": 0.6003850653148762,
    "recall": 0.5613156288610686,
    "f1-score": 0.5482032860980552,
    "support": 538.0
  },
  "weighted avg": {
    "precision": 0.6185259523621423,
    "recall": 0.6449814126394052,
    "f1-score": 0.604171359278595,
    "support": 538.0
  },
  "auc": 0.6658826681751194,
  "pr_auc": 0.5119640451978005,
  "brier": 0.2199536761988711,
  "win_rate": 0.532608695652174,
  "label_2_support": 0,
  "label_1_support": 197,
  "label_-1_support": 155,
  "label_0_support": 186,
  "avg_roi": 0.0005461228429339826,
  "sharpe": 2.8386086141658917
}