{
  "0": {
    "precision": 0.6566265060240963,
    "recall": 0.436,
    "f1-score": 0.5240384615384616,
    "support": 250.0
  },
  "1": {
    "precision": 0.6039325842696629,
    "recall": 0.7904411764705882,
    "f1-score": 0.6847133757961783,
    "support": 272.0
  },
  "accuracy": 0.6206896551724138,
  "macro avg": {
    "precision": 0.6302795451468797,
    "recall": 0.6132205882352941,
    "f1-score": 0.6043759186673199,
    "support": 522.0
  },
  "weighted avg": {
    "precision": 0.6291691368340466,
    "recall": 0.6206896551724138,
    "f1-score": 0.6077617885079999,
    "support": 522.0
  },
  "auc": 0.6593455882352941,
  "pr_auc": 0.674989953183375,
  "brier": 0.23658957103199824,
  "win_rate": 0.6039325842696629,
  "label_2_support": 0,
  "label_1_support": 272,
  "label_-1_support": 206,
  "label_0_support": 44,
  "avg_roi": 0.00037869124207645655,
  "sharpe": 3.2729532589925676
}