{
  "0": {
    "precision": 0.42911877394636017,
    "recall": 0.5283018867924528,
    "f1-score": 0.47357293868921774,
    "support": 212.0
  },
  "1": {
    "precision": 0.6491228070175439,
    "recall": 0.5538922155688623,
    "f1-score": 0.5977382875605816,
    "support": 334.0
  },
  "accuracy": 0.5439560439560439,
  "macro avg": {
    "precision": 0.539120790481952,
    "recall": 0.5410970511806575,
    "f1-score": 0.5356556131248996,
    "support": 546.0
  },
  "weighted avg": {
    "precision": 0.5636999956419194,
    "recall": 0.5439560439560439,
    "f1-score": 0.5495275660207847,
    "support": 546.0
  },
  "auc": 0.5433990509546944,
  "pr_auc": 0.6511469811904222,
  "brier": 0.2632363648686292,
  "win_rate": 0.6491228070175439,
  "label_2_support": 0,
  "label_1_support": 334,
  "label_-1_support": 185,
  "label_0_support": 27,
  "avg_roi": 0.00017015845514833927,
  "sharpe": 1.418250607785451
}