{
  "0": {
    "precision": 0.4402730375426621,
    "recall": 0.7588235294117647,
    "f1-score": 0.5572354211663066,
    "support": 170.0
  },
  "1": {
    "precision": 0.7112676056338029,
    "recall": 0.38113207547169814,
    "f1-score": 0.4963144963144963,
    "support": 265.0
  },
  "accuracy": 0.5287356321839081,
  "macro avg": {
    "precision": 0.5757703215882325,
    "recall": 0.5699778024417315,
    "f1-score": 0.5267749587404015,
    "support": 435.0
  },
  "weighted avg": {
    "precision": 0.6053616824717479,
    "recall": 0.5287356321839081,
    "f1-score": 0.52012267384279,
    "support": 435.0
  },
  "auc": 0.5920199778024418,
  "pr_auc": 0.7062737685939515,
  "brier": 0.2577262763078651,
  "win_rate": 0.7112676056338029,
  "label_2_support": 0,
  "label_1_support": 265,
  "label_-1_support": 159,
  "label_0_support": 11,
  "avg_roi": 0.0003335144720040262,
  "sharpe": 1.8865958569241603
}