{
  "0": {
    "precision": 0.8289655172413793,
    "recall": 0.9950331125827815,
    "f1-score": 0.9044394281414597,
    "support": 604.0
  },
  "1": {
    "precision": 0.25,
    "recall": 0.008,
    "f1-score": 0.015503875968992248,
    "support": 125.0
  },
  "accuracy": 0.8257887517146777,
  "macro avg": {
    "precision": 0.5394827586206896,
    "recall": 0.5015165562913907,
    "f1-score": 0.459971652055226,
    "support": 729.0
  },
  "weighted avg": {
    "precision": 0.7296915945319521,
    "recall": 0.8257887517146777,
    "f1-score": 0.7520156366166882,
    "support": 729.0
  },
  "auc": 0.5874172185430464,
  "pr_auc": 0.24760048139651997,
  "brier": 0.14649062924069953,
  "win_rate": 0.25,
  "label_2_support": 0,
  "label_1_support": 125,
  "label_-1_support": 86,
  "label_0_support": 518,
  "avg_roi": 0.0003012774104718119,
  "sharpe": 1.154700517654419
}