{
  "0": {
    "precision": 0.7167487684729064,
    "recall": 0.7311557788944724,
    "f1-score": 0.7238805970149254,
    "support": 398.0
  },
  "1": {
    "precision": 0.4880382775119617,
    "recall": 0.4700460829493088,
    "f1-score": 0.4788732394366197,
    "support": 217.0
  },
  "accuracy": 0.6390243902439025,
  "macro avg": {
    "precision": 0.602393522992434,
    "recall": 0.6006009309218906,
    "f1-score": 0.6013769182257725,
    "support": 615.0
  },
  "weighted avg": {
    "precision": 0.6360492944265242,
    "recall": 0.6390243902439025,
    "f1-score": 0.6374308464547753,
    "support": 615.0
  },
  "auc": 0.6178994048583932,
  "pr_auc": 0.4534915055415787,
  "brier": 0.23678051091155183,
  "win_rate": 0.4880382775119617,
  "label_2_support": 0,
  "label_1_support": 217,
  "label_-1_support": 144,
  "label_0_support": 254,
  "avg_roi": 0.00041592406341806054,
  "sharpe": 4.132834330857999
}