{
  "0": {
    "precision": 0.6743295019157088,
    "recall": 0.9513513513513514,
    "f1-score": 0.7892376681614349,
    "support": 370.0
  },
  "1": {
    "precision": 0.3793103448275862,
    "recall": 0.06077348066298342,
    "f1-score": 0.10476190476190476,
    "support": 181.0
  },
  "accuracy": 0.6588021778584392,
  "macro avg": {
    "precision": 0.5268199233716475,
    "recall": 0.5060624160071674,
    "f1-score": 0.4469997864616698,
    "support": 551.0
  },
  "weighted avg": {
    "precision": 0.5774175827996468,
    "recall": 0.6588021778584392,
    "f1-score": 0.564391727734366,
    "support": 551.0
  },
  "auc": 0.6094967896072868,
  "pr_auc": 0.41895645801331044,
  "brier": 0.22876151488782204,
  "win_rate": 0.3793103448275862,
  "label_2_support": 0,
  "label_1_support": 181,
  "label_-1_support": 181,
  "label_0_support": 189,
  "avg_roi": 0.000255908933468163,
  "sharpe": 0.971442319415214
}