{
  "0": {
    "precision": 0.6638418079096046,
    "recall": 0.6911764705882353,
    "f1-score": 0.6772334293948127,
    "support": 340.0
  },
  "1": {
    "precision": 0.5333333333333333,
    "recall": 0.502092050209205,
    "f1-score": 0.5172413793103449,
    "support": 239.0
  },
  "accuracy": 0.613126079447323,
  "macro avg": {
    "precision": 0.598587570621469,
    "recall": 0.5966342603987201,
    "f1-score": 0.5972374043525788,
    "support": 579.0
  },
  "weighted avg": {
    "precision": 0.609970434120781,
    "recall": 0.613126079447323,
    "f1-score": 0.6111918059575281,
    "support": 579.0
  },
  "auc": 0.6510890967265567,
  "pr_auc": 0.5363893344632837,
  "brier": 0.22873184745456332,
  "win_rate": 0.5333333333333333,
  "label_2_support": 0,
  "label_1_support": 239,
  "label_-1_support": 168,
  "label_0_support": 172,
  "avg_roi": 7.983906107256189e-05,
  "sharpe": 0.6468352116644382
}