{
  "0": {
    "precision": 0.8870481927710844,
    "recall": 1.0,
    "f1-score": 0.9401436552274541,
    "support": 589.0
  },
  "1": {
    "precision": 0.0,
    "recall": 0.0,
    "f1-score": 0.0,
    "support": 75.0
  },
  "accuracy": 0.8870481927710844,
  "macro avg": {
    "precision": 0.4435240963855422,
    "recall": 0.5,
    "f1-score": 0.47007182761372707,
    "support": 664.0
  },
  "weighted avg": {
    "precision": 0.7868544962984468,
    "recall": 0.8870481927710844,
    "f1-score": 0.8339527303147145,
    "support": 664.0
  },
  "auc": 0.6122920203735145,
  "pr_auc": 0.17142735853478006,
  "brier": 0.10262262942461302,
  "win_rate": 0.0,
  "label_2_support": 0,
  "label_1_support": 75,
  "label_-1_support": 143,
  "label_0_support": 446,
  "avg_roi": 0.0,
  "sharpe": 0.0
}