{
  "0": {
    "precision": 0.6845238095238095,
    "recall": 0.6534090909090909,
    "f1-score": 0.6686046511627907,
    "support": 352.0
  },
  "1": {
    "precision": 0.4808510638297872,
    "recall": 0.5159817351598174,
    "f1-score": 0.4977973568281938,
    "support": 219.0
  },
  "accuracy": 0.6007005253940455,
  "macro avg": {
    "precision": 0.5826874366767983,
    "recall": 0.5846954130344542,
    "f1-score": 0.5832010039954922,
    "support": 571.0
  },
  "weighted avg": {
    "precision": 0.6064076426113911,
    "recall": 0.6007005253940455,
    "f1-score": 0.6030936223374374,
    "support": 571.0
  },
  "auc": 0.6081880448318804,
  "pr_auc": 0.5020014611668143,
  "brier": 0.23926976194137495,
  "win_rate": 0.4808510638297872,
  "label_2_support": 0,
  "label_1_support": 219,
  "label_-1_support": 150,
  "label_0_support": 202,
  "avg_roi": 0.00014280196046456695,
  "sharpe": 1.2748884158049136
}