{
  "0": {
    "precision": 0.8723404255319149,
    "recall": 0.9955849889624724,
    "f1-score": 0.9298969072164949,
    "support": 453.0
  },
  "1": {
    "precision": 0.8461538461538461,
    "recall": 0.14285714285714285,
    "f1-score": 0.24444444444444444,
    "support": 77.0
  },
  "accuracy": 0.8716981132075472,
  "macro avg": {
    "precision": 0.8592471358428806,
    "recall": 0.5692210659098076,
    "f1-score": 0.5871706758304697,
    "support": 530.0
  },
  "weighted avg": {
    "precision": 0.8685359602260445,
    "recall": 0.8716981132075472,
    "f1-score": 0.8303123041345176,
    "support": 530.0
  },
  "auc": 0.6918953011668243,
  "pr_auc": 0.35527657405193014,
  "brier": 0.11335716019465487,
  "win_rate": 0.8461538461538461,
  "label_2_support": 0,
  "label_1_support": 77,
  "label_-1_support": 188,
  "label_0_support": 265,
  "avg_roi": 0.0009606262901797891,
  "sharpe": 3.631140323752424
}