{
  "0": {
    "precision": 0.8096153846153846,
    "recall": 1.0,
    "f1-score": 0.8947927736450585,
    "support": 421.0
  },
  "1": {
    "precision": 0.0,
    "recall": 0.0,
    "f1-score": 0.0,
    "support": 99.0
  },
  "accuracy": 0.8096153846153846,
  "macro avg": {
    "precision": 0.4048076923076923,
    "recall": 0.5,
    "f1-score": 0.44739638682252925,
    "support": 520.0
  },
  "weighted avg": {
    "precision": 0.6554770710059171,
    "recall": 0.8096153846153846,
    "f1-score": 0.7244379955857109,
    "support": 520.0
  },
  "auc": 0.46853331413901494,
  "pr_auc": 0.20962243347852327,
  "brier": 0.18596369091778667,
  "win_rate": 0.0,
  "label_2_support": 0,
  "label_1_support": 99,
  "label_-1_support": 81,
  "label_0_support": 340,
  "avg_roi": 0.0,
  "sharpe": 0.0
}