{
  "0": {
    "precision": 0.9013933547695605,
    "recall": 0.9859320046893317,
    "f1-score": 0.9417693169092946,
    "support": 853.0
  },
  "1": {
    "precision": 0.6,
    "recall": 0.16363636363636364,
    "f1-score": 0.2571428571428571,
    "support": 110.0
  },
  "accuracy": 0.8920041536863966,
  "macro avg": {
    "precision": 0.7506966773847803,
    "recall": 0.5747841841628477,
    "f1-score": 0.5994560870260759,
    "support": 963.0
  },
  "weighted avg": {
    "precision": 0.866966284131293,
    "recall": 0.8920041536863966,
    "f1-score": 0.8635669175590266,
    "support": 963.0
  },
  "auc": 0.7661941809655761,
  "pr_auc": 0.33940459786831134,
  "brier": 0.08924285127464263,
  "win_rate": 0.6,
  "label_2_support": 0,
  "label_1_support": 110,
  "label_-1_support": 184,
  "label_0_support": 669,
  "avg_roi": 0.0005682268529199064,
  "sharpe": 2.2100947477532236
}