{
  "0": {
    "precision": 0.910371318822023,
    "recall": 0.9985955056179775,
    "f1-score": 0.9524447421299397,
    "support": 712.0
  },
  "1": {
    "precision": 0.0,
    "recall": 0.0,
    "f1-score": 0.0,
    "support": 70.0
  },
  "accuracy": 0.9092071611253197,
  "macro avg": {
    "precision": 0.4551856594110115,
    "recall": 0.49929775280898875,
    "f1-score": 0.47622237106496984,
    "support": 782.0
  },
  "weighted avg": {
    "precision": 0.8288802800527882,
    "recall": 0.9092071611253197,
    "f1-score": 0.8671875401489989,
    "support": 782.0
  },
  "auc": 0.5985453451043339,
  "pr_auc": 0.11440460330184549,
  "brier": 0.08303391022413,
  "win_rate": 0.0,
  "label_2_support": 0,
  "label_1_support": 70,
  "label_-1_support": 103,
  "label_0_support": 609,
  "avg_roi": 0.0008704483043402433,
  "sharpe": 0.0
}