{
  "0": {
    "precision": 0.8557457212713936,
    "recall": 0.9043927648578811,
    "f1-score": 0.8793969849246231,
    "support": 387.0
  },
  "1": {
    "precision": 0.2127659574468085,
    "recall": 0.14492753623188406,
    "f1-score": 0.1724137931034483,
    "support": 69.0
  },
  "accuracy": 0.7894736842105263,
  "macro avg": {
    "precision": 0.534255839359101,
    "recall": 0.5246601505448826,
    "f1-score": 0.5259053890140357,
    "support": 456.0
  },
  "weighted avg": {
    "precision": 0.7584527306926735,
    "recall": 0.7894736842105263,
    "f1-score": 0.7724192651095769,
    "support": 456.0
  },
  "auc": 0.5445455566790248,
  "pr_auc": 0.18887705627977047,
  "brier": 0.16382081134417906,
  "win_rate": 0.2127659574468085,
  "label_2_support": 0,
  "label_1_support": 69,
  "label_-1_support": 112,
  "label_0_support": 275,
  "avg_roi": 0.00020240576122887433,
  "sharpe": 1.27450002288596
}