{
  "0": {
    "precision": 0.5905511811023622,
    "recall": 0.8670520231213873,
    "f1-score": 0.702576112412178,
    "support": 346.0
  },
  "1": {
    "precision": 0.3333333333333333,
    "recall": 0.09956709956709957,
    "f1-score": 0.15333333333333332,
    "support": 231.0
  },
  "accuracy": 0.5597920277296361,
  "macro avg": {
    "precision": 0.46194225721784776,
    "recall": 0.4833095613442434,
    "f1-score": 0.42795472287275566,
    "support": 577.0
  },
  "weighted avg": {
    "precision": 0.48757488502845286,
    "recall": 0.5597920277296361,
    "f1-score": 0.4826886220010634,
    "support": 577.0
  },
  "auc": 0.41406425943998193,
  "pr_auc": 0.3489257528642467,
  "brier": 0.26693161874423776,
  "win_rate": 0.3333333333333333,
  "label_2_support": 0,
  "label_1_support": 231,
  "label_-1_support": 160,
  "label_0_support": 186,
  "avg_roi": 9.028730710269883e-05,
  "sharpe": 0.6293543176330813
}