{
  "0": {
    "precision": 0.8220338983050848,
    "recall": 1.0,
    "f1-score": 0.9023255813953488,
    "support": 485.0
  },
  "1": {
    "precision": 1.0,
    "recall": 0.018691588785046728,
    "f1-score": 0.03669724770642202,
    "support": 107.0
  },
  "accuracy": 0.8226351351351351,
  "macro avg": {
    "precision": 0.9110169491525424,
    "recall": 0.5093457943925234,
    "f1-score": 0.4695114145508854,
    "support": 592.0
  },
  "weighted avg": {
    "precision": 0.8542000687127806,
    "recall": 0.8226351351351351,
    "f1-score": 0.7458691089211678,
    "support": 592.0
  },
  "auc": 0.5415068889102996,
  "pr_auc": 0.2449535131485712,
  "brier": 0.15272698091411754,
  "win_rate": 1.0,
  "label_2_support": 0,
  "label_1_support": 107,
  "label_-1_support": 168,
  "label_0_support": 317,
  "avg_roi": 0.0007591093308292329,
  "sharpe": 1.4142135623730951
}