{
  "0": {
    "precision": 0.8312958435207825,
    "recall": 0.9214092140921409,
    "f1-score": 0.8740359897172236,
    "support": 369.0
  },
  "1": {
    "precision": 0.275,
    "recall": 0.1375,
    "f1-score": 0.18333333333333332,
    "support": 80.0
  },
  "accuracy": 0.7817371937639198,
  "macro avg": {
    "precision": 0.5531479217603912,
    "recall": 0.5294546070460705,
    "f1-score": 0.5286846615252785,
    "support": 449.0
  },
  "weighted avg": {
    "precision": 0.7321785440070573,
    "recall": 0.7817371937639198,
    "f1-score": 0.7509709284461519,
    "support": 449.0
  },
  "auc": 0.5789295392953928,
  "pr_auc": 0.23695580785524523,
  "brier": 0.1618006627377054,
  "win_rate": 0.275,
  "label_2_support": 0,
  "label_1_support": 80,
  "label_-1_support": 138,
  "label_0_support": 231,
  "avg_roi": 0.00010313163511455059,
  "sharpe": 0.5088308689241937
}