{
  "0": {
    "precision": 0.7951807228915663,
    "recall": 0.9401709401709402,
    "f1-score": 0.8616187989556136,
    "support": 351.0
  },
  "1": {
    "precision": 0.475,
    "recall": 0.18269230769230768,
    "f1-score": 0.2638888888888889,
    "support": 104.0
  },
  "accuracy": 0.7670329670329671,
  "macro avg": {
    "precision": 0.6350903614457831,
    "recall": 0.5614316239316239,
    "f1-score": 0.5627538439222513,
    "support": 455.0
  },
  "weighted avg": {
    "precision": 0.7219965576592082,
    "recall": 0.7670329670329671,
    "f1-score": 0.7249948195117908,
    "support": 455.0
  },
  "auc": 0.6388614946307255,
  "pr_auc": 0.3734413654767444,
  "brier": 0.17670881182701195,
  "win_rate": 0.475,
  "label_2_support": 0,
  "label_1_support": 104,
  "label_-1_support": 172,
  "label_0_support": 179,
  "avg_roi": 0.000676252762787044,
  "sharpe": 3.1316337237898697
}