{
  "0": {
    "precision": 0.6842105263157895,
    "recall": 0.8205980066445183,
    "f1-score": 0.7462235649546828,
    "support": 301.0
  },
  "1": {
    "precision": 0.6538461538461539,
    "recall": 0.4722222222222222,
    "f1-score": 0.5483870967741935,
    "support": 216.0
  },
  "accuracy": 0.6750483558994197,
  "macro avg": {
    "precision": 0.6690283400809717,
    "recall": 0.6464101144333703,
    "f1-score": 0.6473053308644381,
    "support": 517.0
  },
  "weighted avg": {
    "precision": 0.671524444200816,
    "recall": 0.6750483558994197,
    "f1-score": 0.6635684834711515,
    "support": 517.0
  },
  "auc": 0.6978128460686601,
  "pr_auc": 0.6675797486817061,
  "brier": 0.21511511008954906,
  "win_rate": 0.6538461538461539,
  "label_2_support": 0,
  "label_1_support": 216,
  "label_-1_support": 157,
  "label_0_support": 144,
  "avg_roi": 0.00041445501847192645,
  "sharpe": 1.8534472099504562
}