{
  "0": {
    "precision": 0.38953488372093026,
    "recall": 0.3806818181818182,
    "f1-score": 0.3850574712643678,
    "support": 176.0
  },
  "1": {
    "precision": 0.6292517006802721,
    "recall": 0.6379310344827587,
    "f1-score": 0.6335616438356164,
    "support": 290.0
  },
  "accuracy": 0.5407725321888412,
  "macro avg": {
    "precision": 0.5093932922006013,
    "recall": 0.5093064263322884,
    "f1-score": 0.5093095575499921,
    "support": 466.0
  },
  "weighted avg": {
    "precision": 0.5387148771076451,
    "recall": 0.5407725321888412,
    "f1-score": 0.5397059906756599,
    "support": 466.0
  },
  "auc": 0.499676724137931,
  "pr_auc": 0.633124591074779,
  "brier": 0.24876447398324905,
  "win_rate": 0.6292517006802721,
  "label_2_support": 0,
  "label_1_support": 290,
  "label_-1_support": 157,
  "label_0_support": 19,
  "avg_roi": 4.179227107670158e-05,
  "sharpe": 0.2752048311129126
}