{
  "0": {
    "precision": 0.6176470588235294,
    "recall": 0.532608695652174,
    "f1-score": 0.5719844357976653,
    "support": 276.0
  },
  "1": {
    "precision": 0.589171974522293,
    "recall": 0.6702898550724637,
    "f1-score": 0.6271186440677966,
    "support": 276.0
  },
  "accuracy": 0.6014492753623188,
  "macro avg": {
    "precision": 0.6034095166729112,
    "recall": 0.6014492753623188,
    "f1-score": 0.5995515399327309,
    "support": 552.0
  },
  "weighted avg": {
    "precision": 0.6034095166729112,
    "recall": 0.6014492753623188,
    "f1-score": 0.599551539932731,
    "support": 552.0
  },
  "auc": 0.6261814744801513,
  "pr_auc": 0.584852097803216,
  "brier": 0.24194350354303087,
  "win_rate": 0.589171974522293,
  "label_2_support": 0,
  "label_1_support": 276,
  "label_-1_support": 185,
  "label_0_support": 91,
  "avg_roi": 0.00039868731983006,
  "sharpe": 3.5054386161809905
}