{
  "0": {
    "precision": 0.673469387755102,
    "recall": 0.36,
    "f1-score": 0.46919431279620855,
    "support": 275.0
  },
  "1": {
    "precision": 0.4853801169590643,
    "recall": 0.7757009345794392,
    "f1-score": 0.5971223021582733,
    "support": 214.0
  },
  "accuracy": 0.5419222903885481,
  "macro avg": {
    "precision": 0.5794247523570831,
    "recall": 0.5678504672897196,
    "f1-score": 0.5331583074772409,
    "support": 489.0
  },
  "weighted avg": {
    "precision": 0.5911562917421121,
    "recall": 0.5419222903885481,
    "f1-score": 0.5251791588564987,
    "support": 489.0
  },
  "auc": 0.6251656754460493,
  "pr_auc": 0.6033339478563804,
  "brier": 0.25505315478958396,
  "win_rate": 0.4853801169590643,
  "label_2_support": 0,
  "label_1_support": 214,
  "label_-1_support": 192,
  "label_0_support": 83,
  "avg_roi": -4.1486360714770854e-05,
  "sharpe": -0.35401134826678804
}