{
  "0": {
    "precision": 0.8641509433962264,
    "recall": 0.9892008639308856,
    "f1-score": 0.9224572004028198,
    "support": 463.0
  },
  "1": {
    "precision": 0.375,
    "recall": 0.04,
    "f1-score": 0.07228915662650602,
    "support": 75.0
  },
  "accuracy": 0.8568773234200744,
  "macro avg": {
    "precision": 0.6195754716981132,
    "recall": 0.5146004319654428,
    "f1-score": 0.4973731785146629,
    "support": 538.0
  },
  "weighted avg": {
    "precision": 0.7959607561198008,
    "recall": 0.8568773234200744,
    "f1-score": 0.8039393504340029,
    "support": 538.0
  },
  "auc": 0.5950755939524838,
  "pr_auc": 0.19853513299888015,
  "brier": 0.12291892262381926,
  "win_rate": 0.375,
  "label_2_support": 0,
  "label_1_support": 75,
  "label_-1_support": 122,
  "label_0_support": 341,
  "avg_roi": 0.000394682923797518,
  "sharpe": 1.2052121453483018
}