{
  "0": {
    "precision": 0.8031088082901554,
    "recall": 0.7389749702026222,
    "f1-score": 0.7697082557417753,
    "support": 839.0
  },
  "1": {
    "precision": 0.5755813953488372,
    "recall": 0.6614699331848553,
    "f1-score": 0.6155440414507772,
    "support": 449.0
  },
  "accuracy": 0.7119565217391305,
  "macro avg": {
    "precision": 0.6893451018194963,
    "recall": 0.7002224516937388,
    "f1-score": 0.6926261485962762,
    "support": 1288.0
  },
  "weighted avg": {
    "precision": 0.723792186853314,
    "recall": 0.7119565217391305,
    "f1-score": 0.7159662276232519,
    "support": 1288.0
  },
  "auc": 0.7726134888548515,
  "pr_auc": 0.663684696999958,
  "brier": 0.19541126921085938,
  "win_rate": 0.5755813953488372,
  "label_2_support": 0,
  "label_1_support": 449,
  "label_-1_support": 498,
  "label_0_support": 341,
  "avg_roi": 0.0006376648088917136,
  "sharpe": 4.934945389016046
}