{
  "0": {
    "precision": 0.7802547770700637,
    "recall": 0.7205882352941176,
    "f1-score": 0.7492354740061162,
    "support": 340.0
  },
  "1": {
    "precision": 0.5410628019323671,
    "recall": 0.6187845303867403,
    "f1-score": 0.5773195876288659,
    "support": 181.0
  },
  "accuracy": 0.6852207293666027,
  "macro avg": {
    "precision": 0.6606587895012155,
    "recall": 0.6696863828404289,
    "f1-score": 0.6632775308174911,
    "support": 521.0
  },
  "weighted avg": {
    "precision": 0.6971573730395012,
    "recall": 0.6852207293666027,
    "f1-score": 0.689510377203271,
    "support": 521.0
  },
  "auc": 0.735310367240819,
  "pr_auc": 0.620744099342608,
  "brier": 0.19508226650832353,
  "win_rate": 0.5410628019323671,
  "label_2_support": 0,
  "label_1_support": 181,
  "label_-1_support": 151,
  "label_0_support": 189,
  "avg_roi": 0.00040673415060155094,
  "sharpe": 3.8791961814915763
}