{
  "0": {
    "precision": 0.44242424242424244,
    "recall": 0.7807486631016043,
    "f1-score": 0.5647969052224371,
    "support": 187.0
  },
  "1": {
    "precision": 0.6611570247933884,
    "recall": 0.30303030303030304,
    "f1-score": 0.4155844155844156,
    "support": 264.0
  },
  "accuracy": 0.5011086474501109,
  "macro avg": {
    "precision": 0.5517906336088154,
    "recall": 0.5418894830659536,
    "f1-score": 0.49019066040342635,
    "support": 451.0
  },
  "weighted avg": {
    "precision": 0.5704629442988646,
    "recall": 0.5011086474501109,
    "f1-score": 0.4774530088489611,
    "support": 451.0
  },
  "auc": 0.5390333819478206,
  "pr_auc": 0.6419869952740171,
  "brier": 0.28091935898221937,
  "win_rate": 0.6611570247933884,
  "label_2_support": 0,
  "label_1_support": 264,
  "label_-1_support": 158,
  "label_0_support": 29,
  "avg_roi": 0.00031417899299412966,
  "sharpe": 1.6569158732891083
}