{
  "0": {
    "precision": 0.6377358490566037,
    "recall": 0.5847750865051903,
    "f1-score": 0.6101083032490975,
    "support": 289.0
  },
  "1": {
    "precision": 0.4,
    "recall": 0.45454545454545453,
    "f1-score": 0.425531914893617,
    "support": 176.0
  },
  "accuracy": 0.535483870967742,
  "macro avg": {
    "precision": 0.5188679245283019,
    "recall": 0.5196602705253224,
    "f1-score": 0.5178201090713572,
    "support": 465.0
  },
  "weighted avg": {
    "precision": 0.5477541083384053,
    "recall": 0.535483870967742,
    "f1-score": 0.5402471326027221,
    "support": 465.0
  },
  "auc": 0.5385931110412079,
  "pr_auc": 0.3898062070012335,
  "brier": 0.24878306466550534,
  "win_rate": 0.4,
  "label_2_support": 0,
  "label_1_support": 176,
  "label_-1_support": 213,
  "label_0_support": 76,
  "avg_roi": -2.7172860427526757e-05,
  "sharpe": -0.2532646273868133
}