{
  "0": {
    "precision": 0.8292682926829268,
    "recall": 0.966824644549763,
    "f1-score": 0.8927789934354485,
    "support": 422.0
  },
  "1": {
    "precision": 0.36363636363636365,
    "recall": 0.08695652173913043,
    "f1-score": 0.14035087719298245,
    "support": 92.0
  },
  "accuracy": 0.8093385214007782,
  "macro avg": {
    "precision": 0.5964523281596452,
    "recall": 0.5268905831444467,
    "f1-score": 0.5165649353142154,
    "support": 514.0
  },
  "weighted avg": {
    "precision": 0.7459256127757599,
    "recall": 0.8093385214007782,
    "f1-score": 0.7581031438356297,
    "support": 514.0
  },
  "auc": 0.511565011333196,
  "pr_auc": 0.2075430799611926,
  "brier": 0.17414897241487912,
  "win_rate": 0.36363636363636365,
  "label_2_support": 0,
  "label_1_support": 92,
  "label_-1_support": 149,
  "label_0_support": 273,
  "avg_roi": 0.0005877244984731078,
  "sharpe": 2.953261837716054
}