{
  "0": {
    "precision": 0.543010752688172,
    "recall": 0.7769230769230769,
    "f1-score": 0.6392405063291139,
    "support": 260.0
  },
  "1": {
    "precision": 0.6081081081081081,
    "recall": 0.34615384615384615,
    "f1-score": 0.4411764705882353,
    "support": 260.0
  },
  "accuracy": 0.5615384615384615,
  "macro avg": {
    "precision": 0.5755594303981401,
    "recall": 0.5615384615384615,
    "f1-score": 0.5402084884586746,
    "support": 520.0
  },
  "weighted avg": {
    "precision": 0.5755594303981401,
    "recall": 0.5615384615384615,
    "f1-score": 0.5402084884586746,
    "support": 520.0
  },
  "auc": 0.6608801775147929,
  "pr_auc": 0.6049367312817902,
  "brier": 0.23942070248724898,
  "win_rate": 0.6081081081081081,
  "label_2_support": 0,
  "label_1_support": 260,
  "label_-1_support": 173,
  "label_0_support": 87,
  "avg_roi": 0.0005526982713490725,
  "sharpe": 2.399737118516606
}