{
  "0": {
    "precision": 0.9567567567567568,
    "recall": 0.9957805907172996,
    "f1-score": 0.9758787043418332,
    "support": 711.0
  },
  "1": {
    "precision": 0.0,
    "recall": 0.0,
    "f1-score": 0.0,
    "support": 32.0
  },
  "accuracy": 0.9528936742934051,
  "macro avg": {
    "precision": 0.4783783783783784,
    "recall": 0.4978902953586498,
    "f1-score": 0.4879393521709166,
    "support": 743.0
  },
  "weighted avg": {
    "precision": 0.9155505438143393,
    "recall": 0.9528936742934051,
    "f1-score": 0.9338489351104219,
    "support": 743.0
  },
  "auc": 0.6692598452883263,
  "pr_auc": 0.07582884972343372,
  "brier": 0.04354648969131615,
  "win_rate": 0.0,
  "label_2_support": 0,
  "label_1_support": 32,
  "label_-1_support": 115,
  "label_0_support": 596,
  "avg_roi": -0.0002853392797987908,
  "sharpe": -1.2247449536692465
}