{
  "0": {
    "precision": 0.36992840095465396,
    "recall": 0.47987616099071206,
    "f1-score": 0.41778975741239893,
    "support": 323.0
  },
  "1": {
    "precision": 0.7633802816901408,
    "recall": 0.6724565756823822,
    "f1-score": 0.7150395778364116,
    "support": 806.0
  },
  "accuracy": 0.6173604960141719,
  "macro avg": {
    "precision": 0.5666543413223974,
    "recall": 0.5761663683365471,
    "f1-score": 0.5664146676244053,
    "support": 1129.0
  },
  "weighted avg": {
    "precision": 0.6508161032334869,
    "recall": 0.6173604960141719,
    "f1-score": 0.629998220886052,
    "support": 1129.0
  },
  "auc": 0.6175913619986325,
  "pr_auc": 0.8031911464680315,
  "brier": 0.2502589731617476,
  "win_rate": 0.7633802816901408,
  "label_2_support": 0,
  "label_1_support": 806,
  "label_-1_support": 303,
  "label_0_support": 20,
  "avg_roi": 5.120937930769287e-05,
  "sharpe": 0.22100559392018815
}