{
  "0": {
    "precision": 0.631578947368421,
    "recall": 0.515625,
    "f1-score": 0.567741935483871,
    "support": 256.0
  },
  "1": {
    "precision": 0.5303030303030303,
    "recall": 0.6451612903225806,
    "f1-score": 0.5821205821205822,
    "support": 217.0
  },
  "accuracy": 0.5750528541226215,
  "macro avg": {
    "precision": 0.5809409888357256,
    "recall": 0.5803931451612903,
    "f1-score": 0.5749312588022266,
    "support": 473.0
  },
  "weighted avg": {
    "precision": 0.5851162116322903,
    "recall": 0.5750528541226215,
    "f1-score": 0.5743384816153009,
    "support": 473.0
  },
  "auc": 0.6379698300691243,
  "pr_auc": 0.6272313890239203,
  "brier": 0.23688929755491048,
  "win_rate": 0.5303030303030303,
  "label_2_support": 0,
  "label_1_support": 217,
  "label_-1_support": 192,
  "label_0_support": 64,
  "avg_roi": 0.0001243256265297532,
  "sharpe": 0.8196183411165548
}