{
  "0": {
    "precision": 0.8968824940047961,
    "recall": 0.9714285714285714,
    "f1-score": 0.9326683291770573,
    "support": 385.0
  },
  "1": {
    "precision": 0.35294117647058826,
    "recall": 0.12244897959183673,
    "f1-score": 0.18181818181818182,
    "support": 49.0
  },
  "accuracy": 0.8755760368663594,
  "macro avg": {
    "precision": 0.6249118352376922,
    "recall": 0.5469387755102041,
    "f1-score": 0.5572432554976195,
    "support": 434.0
  },
  "weighted avg": {
    "precision": 0.8354697646057727,
    "recall": 0.8755760368663594,
    "f1-score": 0.8478949254429908,
    "support": 434.0
  },
  "auc": 0.7481049562682216,
  "pr_auc": 0.28598980487985426,
  "brier": 0.0962979251400987,
  "win_rate": 0.35294117647058826,
  "label_2_support": 0,
  "label_1_support": 49,
  "label_-1_support": 43,
  "label_0_support": 342,
  "avg_roi": 0.0005358822527341545,
  "sharpe": 4.129714502590104
}