{
  "0": {
    "precision": 0.4583333333333333,
    "recall": 0.3707865168539326,
    "f1-score": 0.40993788819875776,
    "support": 178.0
  },
  "1": {
    "precision": 0.6327868852459017,
    "recall": 0.7121771217712177,
    "f1-score": 0.6701388888888888,
    "support": 271.0
  },
  "accuracy": 0.576837416481069,
  "macro avg": {
    "precision": 0.5455601092896175,
    "recall": 0.5414818193125752,
    "f1-score": 0.5400383885438234,
    "support": 449.0
  },
  "weighted avg": {
    "precision": 0.563627125244928,
    "recall": 0.576837416481069,
    "f1-score": 0.5669857082144049,
    "support": 449.0
  },
  "auc": 0.5730855342261288,
  "pr_auc": 0.655141949823127,
  "brier": 0.24817600929270342,
  "win_rate": 0.6327868852459017,
  "label_2_support": 0,
  "label_1_support": 271,
  "label_-1_support": 154,
  "label_0_support": 24,
  "avg_roi": 0.00015471226652152836,
  "sharpe": 1.144059886831249
}