{
  "0": {
    "precision": 0.4151898734177215,
    "recall": 0.8,
    "f1-score": 0.5466666666666666,
    "support": 205.0
  },
  "1": {
    "precision": 0.7092198581560284,
    "recall": 0.3021148036253776,
    "f1-score": 0.423728813559322,
    "support": 331.0
  },
  "accuracy": 0.4925373134328358,
  "macro avg": {
    "precision": 0.562204865786875,
    "recall": 0.5510574018126888,
    "f1-score": 0.4851977401129943,
    "support": 536.0
  },
  "weighted avg": {
    "precision": 0.5967643602617133,
    "recall": 0.4925373134328358,
    "f1-score": 0.4707479551395564,
    "support": 536.0
  },
  "auc": 0.5921376464519932,
  "pr_auc": 0.651785930250631,
  "brier": 0.2765838451138916,
  "win_rate": 0.7092198581560284,
  "label_2_support": 0,
  "label_1_support": 331,
  "label_-1_support": 177,
  "label_0_support": 28,
  "avg_roi": 0.0004504347743932158,
  "sharpe": 1.9579268982287148
}