{
  "0": {
    "precision": 0.9220389805097451,
    "recall": 1.0,
    "f1-score": 0.9594383775351014,
    "support": 615.0
  },
  "1": {
    "precision": 1.0,
    "recall": 0.08771929824561403,
    "f1-score": 0.16129032258064516,
    "support": 57.0
  },
  "accuracy": 0.9226190476190477,
  "macro avg": {
    "precision": 0.9610194902548725,
    "recall": 0.543859649122807,
    "f1-score": 0.5603643500578733,
    "support": 672.0
  },
  "weighted avg": {
    "precision": 0.9286517455557934,
    "recall": 0.9226190476190477,
    "f1-score": 0.8917383193023574,
    "support": 672.0
  },
  "auc": 0.7111966909142775,
  "pr_auc": 0.30089256663101777,
  "brier": 0.07157683881721415,
  "win_rate": 1.0,
  "label_2_support": 0,
  "label_1_support": 57,
  "label_-1_support": 111,
  "label_0_support": 504,
  "avg_roi": 0.0006720905657857656,
  "sharpe": 1.118033988749895
}