{
  "0": {
    "precision": 0.5654596100278552,
    "recall": 0.8942731277533039,
    "f1-score": 0.6928327645051194,
    "support": 454.0
  },
  "1": {
    "precision": 0.7288135593220338,
    "recall": 0.2925170068027211,
    "f1-score": 0.4174757281553398,
    "support": 441.0
  },
  "accuracy": 0.5977653631284916,
  "macro avg": {
    "precision": 0.6471365846749445,
    "recall": 0.5933950672780125,
    "f1-score": 0.5551542463302296,
    "support": 895.0
  },
  "weighted avg": {
    "precision": 0.6459502152107969,
    "recall": 0.5977653631284916,
    "f1-score": 0.5571540460355632,
    "support": 895.0
  },
  "auc": 0.6905361263448111,
  "pr_auc": 0.684487208966794,
  "brier": 0.23319396473432996,
  "win_rate": 0.7288135593220338,
  "label_2_support": 0,
  "label_1_support": 441,
  "label_-1_support": 330,
  "label_0_support": 124,
  "avg_roi": 0.00041285998304374516,
  "sharpe": 3.3530032033624013
}