{
  "0": {
    "precision": 0.8341013824884793,
    "recall": 0.9551451187335093,
    "f1-score": 0.8905289052890529,
    "support": 379.0
  },
  "1": {
    "precision": 0.34615384615384615,
    "recall": 0.1111111111111111,
    "f1-score": 0.16822429906542055,
    "support": 81.0
  },
  "accuracy": 0.8065217391304348,
  "macro avg": {
    "precision": 0.5901276143211627,
    "recall": 0.5331281149223102,
    "f1-score": 0.5293766021772367,
    "support": 460.0
  },
  "weighted avg": {
    "precision": 0.748180185873033,
    "recall": 0.8065217391304348,
    "f1-score": 0.7633404854975003,
    "support": 460.0
  },
  "auc": 0.6872210821199387,
  "pr_auc": 0.3042469149435508,
  "brier": 0.150141171876792,
  "win_rate": 0.34615384615384615,
  "label_2_support": 0,
  "label_1_support": 81,
  "label_-1_support": 168,
  "label_0_support": 211,
  "avg_roi": 0.00027745665283873677,
  "sharpe": 1.037712181213945
}