{
  "0": {
    "precision": 0.7138157894736842,
    "recall": 0.5817694369973191,
    "f1-score": 0.6410635155096012,
    "support": 373.0
  },
  "1": {
    "precision": 0.3246753246753247,
    "recall": 0.46296296296296297,
    "f1-score": 0.3816793893129771,
    "support": 162.0
  },
  "accuracy": 0.5457943925233645,
  "macro avg": {
    "precision": 0.5192455570745045,
    "recall": 0.522366199980141,
    "f1-score": 0.5113714524112891,
    "support": 535.0
  },
  "weighted avg": {
    "precision": 0.5959826020020315,
    "recall": 0.5457943925233645,
    "f1-score": 0.5625210324369785,
    "support": 535.0
  },
  "auc": 0.48548638003508426,
  "pr_auc": 0.32938902798032665,
  "brier": 0.24969665708989863,
  "win_rate": 0.3246753246753247,
  "label_2_support": 0,
  "label_1_support": 162,
  "label_-1_support": 177,
  "label_0_support": 196,
  "avg_roi": 0.00013523679808713496,
  "sharpe": 1.5716133484836605
}