{
  "0": {
    "precision": 0.49454545454545457,
    "recall": 0.6507177033492823,
    "f1-score": 0.5619834710743802,
    "support": 209.0
  },
  "1": {
    "precision": 0.6178010471204188,
    "recall": 0.4591439688715953,
    "f1-score": 0.5267857142857143,
    "support": 257.0
  },
  "accuracy": 0.5450643776824035,
  "macro avg": {
    "precision": 0.5561732508329367,
    "recall": 0.5549308361104388,
    "f1-score": 0.5443845926800472,
    "support": 466.0
  },
  "weighted avg": {
    "precision": 0.5625211783475271,
    "recall": 0.5450643776824035,
    "f1-score": 0.5425718326737641,
    "support": 466.0
  },
  "auc": 0.6052724666281906,
  "pr_auc": 0.6801149650746939,
  "brier": 0.24418553053923953,
  "win_rate": 0.6178010471204188,
  "label_2_support": 0,
  "label_1_support": 257,
  "label_-1_support": 144,
  "label_0_support": 65,
  "avg_roi": 0.000372153299394995,
  "sharpe": 2.8691347659213675
}