{
  "0": {
    "precision": 0.5874439461883408,
    "recall": 0.8733333333333333,
    "f1-score": 0.7024128686327078,
    "support": 300.0
  },
  "1": {
    "precision": 0.49333333333333335,
    "recall": 0.167420814479638,
    "f1-score": 0.25,
    "support": 221.0
  },
  "accuracy": 0.5738963531669866,
  "macro avg": {
    "precision": 0.5403886397608371,
    "recall": 0.5203770739064857,
    "f1-score": 0.4762064343163539,
    "support": 521.0
  },
  "weighted avg": {
    "precision": 0.5475237054187503,
    "recall": 0.5738963531669866,
    "f1-score": 0.5105064502683538,
    "support": 521.0
  },
  "auc": 0.545920060331825,
  "pr_auc": 0.4518764094466281,
  "brier": 0.24835675591728976,
  "win_rate": 0.49333333333333335,
  "label_2_support": 0,
  "label_1_support": 221,
  "label_-1_support": 199,
  "label_0_support": 101,
  "avg_roi": 0.00023276331194210798,
  "sharpe": 1.377335354106954
}