{
  "0": {
    "precision": 0.7397540983606558,
    "recall": 0.907035175879397,
    "f1-score": 0.8148984198645598,
    "support": 398.0
  },
  "1": {
    "precision": 0.6890756302521008,
    "recall": 0.3923444976076555,
    "f1-score": 0.5,
    "support": 209.0
  },
  "accuracy": 0.729818780889621,
  "macro avg": {
    "precision": 0.7144148643063783,
    "recall": 0.6496898367435262,
    "f1-score": 0.65744920993228,
    "support": 607.0
  },
  "weighted avg": {
    "precision": 0.7223046752392588,
    "recall": 0.729818780889621,
    "f1-score": 0.7064737580001562,
    "support": 607.0
  },
  "auc": 0.7613966964006637,
  "pr_auc": 0.6397698514811689,
  "brier": 0.18265819768828653,
  "win_rate": 0.6890756302521008,
  "label_2_support": 0,
  "label_1_support": 209,
  "label_-1_support": 195,
  "label_0_support": 203,
  "avg_roi": 0.0004951299633830786,
  "sharpe": 3.042625741237418
}