{
  "0": {
    "precision": 0.6743002544529262,
    "recall": 0.8631921824104235,
    "f1-score": 0.7571428571428571,
    "support": 307.0
  },
  "1": {
    "precision": 0.664,
    "recall": 0.3933649289099526,
    "f1-score": 0.49404761904761907,
    "support": 211.0
  },
  "accuracy": 0.6718146718146718,
  "macro avg": {
    "precision": 0.669150127226463,
    "recall": 0.6282785556601881,
    "f1-score": 0.6255952380952381,
    "support": 518.0
  },
  "weighted avg": {
    "precision": 0.6701045909595529,
    "recall": 0.6718146718146718,
    "f1-score": 0.6499747196175768,
    "support": 518.0
  },
  "auc": 0.6758726091050837,
  "pr_auc": 0.6463991736375866,
  "brier": 0.21881002545100103,
  "win_rate": 0.664,
  "label_2_support": 0,
  "label_1_support": 211,
  "label_-1_support": 137,
  "label_0_support": 170,
  "avg_roi": 0.0004792979161720723,
  "sharpe": 3.499841488127116
}