{
  "0": {
    "precision": 0.7372448979591837,
    "recall": 0.6784037558685446,
    "f1-score": 0.706601466992665,
    "support": 426.0
  },
  "1": {
    "precision": 0.3444976076555024,
    "recall": 0.4114285714285714,
    "f1-score": 0.375,
    "support": 175.0
  },
  "accuracy": 0.6006655574043261,
  "macro avg": {
    "precision": 0.540871252807343,
    "recall": 0.544916163648558,
    "f1-score": 0.5408007334963325,
    "support": 601.0
  },
  "weighted avg": {
    "precision": 0.6228842061070302,
    "recall": 0.6006655574043261,
    "f1-score": 0.610045299399127,
    "support": 601.0
  },
  "auc": 0.6002951039570757,
  "pr_auc": 0.37852264851036355,
  "brier": 0.22851182220530752,
  "win_rate": 0.3444976076555024,
  "label_2_support": 0,
  "label_1_support": 175,
  "label_-1_support": 141,
  "label_0_support": 285,
  "avg_roi": 0.00015007505135145038,
  "sharpe": 1.9862935930859065
}