{
  "0": {
    "precision": 0.7538759689922481,
    "recall": 0.8761261261261262,
    "f1-score": 0.8104166666666667,
    "support": 444.0
  },
  "1": {
    "precision": 0.5833333333333334,
    "recall": 0.37745098039215685,
    "f1-score": 0.4583333333333333,
    "support": 204.0
  },
  "accuracy": 0.7191358024691358,
  "macro avg": {
    "precision": 0.6686046511627908,
    "recall": 0.6267885532591415,
    "f1-score": 0.634375,
    "support": 648.0
  },
  "weighted avg": {
    "precision": 0.7001866207292564,
    "recall": 0.7191358024691358,
    "f1-score": 0.6995756172839506,
    "support": 648.0
  },
  "auc": 0.7299063769652006,
  "pr_auc": 0.5480852129006776,
  "brier": 0.19168968447280083,
  "win_rate": 0.5833333333333334,
  "label_2_support": 0,
  "label_1_support": 204,
  "label_-1_support": 215,
  "label_0_support": 229,
  "avg_roi": 0.0005130984354764223,
  "sharpe": 3.509203603719692
}