{
  "0": {
    "precision": 0.8237762237762237,
    "recall": 0.971947194719472,
    "f1-score": 0.8917486752460257,
    "support": 606.0
  },
  "1": {
    "precision": 0.45161290322580644,
    "recall": 0.1,
    "f1-score": 0.16374269005847952,
    "support": 140.0
  },
  "accuracy": 0.8083109919571045,
  "macro avg": {
    "precision": 0.637694563501015,
    "recall": 0.535973597359736,
    "f1-score": 0.5277456826522526,
    "support": 746.0
  },
  "weighted avg": {
    "precision": 0.7539332413672983,
    "recall": 0.8083109919571045,
    "f1-score": 0.7551255681062717,
    "support": 746.0
  },
  "auc": 0.6343470061291845,
  "pr_auc": 0.3227228587648072,
  "brier": 0.15475287896830842,
  "win_rate": 0.45161290322580644,
  "label_2_support": 0,
  "label_1_support": 140,
  "label_-1_support": 97,
  "label_0_support": 509,
  "avg_roi": 0.00016320492431987077,
  "sharpe": 2.0069235608512317
}