{
  "0": {
    "precision": 0.7309322033898306,
    "recall": 0.8079625292740047,
    "f1-score": 0.7675194660734149,
    "support": 427.0
  },
  "1": {
    "precision": 0.344,
    "recall": 0.2529411764705882,
    "f1-score": 0.29152542372881357,
    "support": 170.0
  },
  "accuracy": 0.6499162479061976,
  "macro avg": {
    "precision": 0.5374661016949153,
    "recall": 0.5304518528722965,
    "f1-score": 0.5295224449011142,
    "support": 597.0
  },
  "weighted avg": {
    "precision": 0.62075050393209,
    "recall": 0.6499162479061976,
    "f1-score": 0.6319767739484865,
    "support": 597.0
  },
  "auc": 0.5662212425953989,
  "pr_auc": 0.3341262269429701,
  "brier": 0.21951201413588933,
  "win_rate": 0.344,
  "label_2_support": 0,
  "label_1_support": 170,
  "label_-1_support": 184,
  "label_0_support": 243,
  "avg_roi": 0.00027945428155362606,
  "sharpe": 2.6873562169699703
}