{
  "0": {
    "precision": 0.8745454545454545,
    "recall": 0.9979253112033195,
    "f1-score": 0.9321705426356589,
    "support": 482.0
  },
  "1": {
    "precision": 0.0,
    "recall": 0.0,
    "f1-score": 0.0,
    "support": 69.0
  },
  "accuracy": 0.8729582577132486,
  "macro avg": {
    "precision": 0.43727272727272726,
    "recall": 0.49896265560165975,
    "f1-score": 0.46608527131782945,
    "support": 551.0
  },
  "weighted avg": {
    "precision": 0.765028873123247,
    "recall": 0.8729582577132486,
    "f1-score": 0.8154377523600501,
    "support": 551.0
  },
  "auc": 0.6102591857598172,
  "pr_auc": 0.17346463726416067,
  "brier": 0.1122930596428166,
  "win_rate": 0.0,
  "label_2_support": 0,
  "label_1_support": 69,
  "label_-1_support": 130,
  "label_0_support": 352,
  "avg_roi": 0.0,
  "sharpe": 0.0
}