{
  "0": {
    "precision": 0.7071129707112971,
    "recall": 0.845,
    "f1-score": 0.7699316628701595,
    "support": 400.0
  },
  "1": {
    "precision": 0.5,
    "recall": 0.3069306930693069,
    "f1-score": 0.3803680981595092,
    "support": 202.0
  },
  "accuracy": 0.6644518272425249,
  "macro avg": {
    "precision": 0.6035564853556485,
    "recall": 0.5759653465346535,
    "f1-score": 0.5751498805148343,
    "support": 602.0
  },
  "weighted avg": {
    "precision": 0.6376165918347488,
    "recall": 0.6644518272425249,
    "f1-score": 0.6392143205586124,
    "support": 602.0
  },
  "auc": 0.6426361386138614,
  "pr_auc": 0.4638157798296061,
  "brier": 0.21337472051697728,
  "win_rate": 0.5,
  "label_2_support": 0,
  "label_1_support": 202,
  "label_-1_support": 181,
  "label_0_support": 219,
  "avg_roi": 0.00043310524779371917,
  "sharpe": 3.751263889574548
}