{
  "0": {
    "precision": 0.9257206208425721,
    "recall": 1.0,
    "f1-score": 0.9614277489925158,
    "support": 835.0
  },
  "1": {
    "precision": 1.0,
    "recall": 0.028985507246376812,
    "f1-score": 0.056338028169014086,
    "support": 69.0
  },
  "accuracy": 0.9258849557522124,
  "macro avg": {
    "precision": 0.9628603104212861,
    "recall": 0.5144927536231884,
    "f1-score": 0.5088828885807649,
    "support": 904.0
  },
  "weighted avg": {
    "precision": 0.9313901752251634,
    "recall": 0.9258849557522124,
    "f1-score": 0.8923445733986866,
    "support": 904.0
  },
  "auc": 0.5788857068471753,
  "pr_auc": 0.13957799798706852,
  "brier": 0.08034739013684615,
  "win_rate": 1.0,
  "label_2_support": 0,
  "label_1_support": 69,
  "label_-1_support": 155,
  "label_0_support": 680,
  "avg_roi": 0.0,
  "sharpe": 0.0
}