{
  "0": {
    "precision": 0.6106750392464678,
    "recall": 0.9284009546539379,
    "f1-score": 0.7367424242424242,
    "support": 419.0
  },
  "1": {
    "precision": 0.4915254237288136,
    "recall": 0.10469314079422383,
    "f1-score": 0.17261904761904762,
    "support": 277.0
  },
  "accuracy": 0.6005747126436781,
  "macro avg": {
    "precision": 0.5511002314876408,
    "recall": 0.5165470477240809,
    "f1-score": 0.4546807359307359,
    "support": 696.0
  },
  "weighted avg": {
    "precision": 0.563254861806252,
    "recall": 0.6005747126436781,
    "f1-score": 0.5122278045230632,
    "support": 696.0
  },
  "auc": 0.5451909738676409,
  "pr_auc": 0.43436809571085816,
  "brier": 0.24557457681123224,
  "win_rate": 0.4915254237288136,
  "label_2_support": 0,
  "label_1_support": 277,
  "label_-1_support": 225,
  "label_0_support": 194,
  "avg_roi": 0.00023566029267385602,
  "sharpe": 0.951221618692582
}