{
  "0": {
    "precision": 0.6189555125725339,
    "recall": 0.8743169398907104,
    "f1-score": 0.72480181200453,
    "support": 366.0
  },
  "1": {
    "precision": 0.4025974025974026,
    "recall": 0.13596491228070176,
    "f1-score": 0.20327868852459016,
    "support": 228.0
  },
  "accuracy": 0.5909090909090909,
  "macro avg": {
    "precision": 0.5107764575849683,
    "recall": 0.505140926085706,
    "f1-score": 0.4640402502645601,
    "support": 594.0
  },
  "weighted avg": {
    "precision": 0.5359089653093522,
    "recall": 0.5909090909090909,
    "f1-score": 0.524621219153644,
    "support": 594.0
  },
  "auc": 0.5331523823219251,
  "pr_auc": 0.4316959331972713,
  "brier": 0.23889839599855137,
  "win_rate": 0.4025974025974026,
  "label_2_support": 0,
  "label_1_support": 228,
  "label_-1_support": 165,
  "label_0_support": 201,
  "avg_roi": -0.00022930502018425614,
  "sharpe": -1.4927646519291657
}