{
  "0": {
    "precision": 0.8107344632768362,
    "recall": 0.5344506517690876,
    "f1-score": 0.6442199775533108,
    "support": 537.0
  },
  "1": {
    "precision": 0.3556701030927835,
    "recall": 0.6731707317073171,
    "f1-score": 0.4654300168634064,
    "support": 205.0
  },
  "accuracy": 0.5727762803234502,
  "macro avg": {
    "precision": 0.5832022831848098,
    "recall": 0.6038106917382023,
    "f1-score": 0.5548249972083587,
    "support": 742.0
  },
  "weighted avg": {
    "precision": 0.6850091346545574,
    "recall": 0.5727762803234502,
    "f1-score": 0.5948238293842671,
    "support": 742.0
  },
  "auc": 0.6656038515692421,
  "pr_auc": 0.42971166344772826,
  "brier": 0.22764532215766484,
  "win_rate": 0.3556701030927835,
  "label_2_support": 0,
  "label_1_support": 205,
  "label_-1_support": 174,
  "label_0_support": 363,
  "avg_roi": 0.00011407551937736571,
  "sharpe": 1.4277067281861078
}