{
  "0": {
    "precision": 0.7797716150081566,
    "recall": 0.9815195071868583,
    "f1-score": 0.8690909090909091,
    "support": 487.0
  },
  "1": {
    "precision": 0.4375,
    "recall": 0.04929577464788732,
    "f1-score": 0.08860759493670886,
    "support": 142.0
  },
  "accuracy": 0.7710651828298887,
  "macro avg": {
    "precision": 0.6086358075040783,
    "recall": 0.5154076409173728,
    "f1-score": 0.478849252013809,
    "support": 629.0
  },
  "weighted avg": {
    "precision": 0.7025020294260291,
    "recall": 0.7710651828298887,
    "f1-score": 0.69289276821667,
    "support": 629.0
  },
  "auc": 0.5489704138589235,
  "pr_auc": 0.295934258254974,
  "brier": 0.17959818025707527,
  "win_rate": 0.4375,
  "label_2_support": 0,
  "label_1_support": 142,
  "label_-1_support": 174,
  "label_0_support": 313,
  "avg_roi": 0.0002850098244380206,
  "sharpe": 0.7572543025016785
}