{
  "0": {
    "precision": 0.9096509240246407,
    "recall": 0.9190871369294605,
    "f1-score": 0.9143446852425181,
    "support": 482.0
  },
  "1": {
    "precision": 0.1875,
    "recall": 0.16981132075471697,
    "f1-score": 0.1782178217821782,
    "support": 53.0
  },
  "accuracy": 0.8448598130841122,
  "macro avg": {
    "precision": 0.5485754620123203,
    "recall": 0.5444492288420888,
    "f1-score": 0.5462812535123481,
    "support": 535.0
  },
  "weighted avg": {
    "precision": 0.8381107390278071,
    "recall": 0.8448598130841122,
    "f1-score": 0.8414199679277555,
    "support": 535.0
  },
  "auc": 0.6604947937054725,
  "pr_auc": 0.21856266032998653,
  "brier": 0.1143929507508373,
  "win_rate": 0.1875,
  "label_2_support": 0,
  "label_1_support": 53,
  "label_-1_support": 111,
  "label_0_support": 371,
  "avg_roi": 0.00026717109722085297,
  "sharpe": 1.7693559575600923
}