{
  "0": {
    "precision": 0.5277777777777778,
    "recall": 0.09268292682926829,
    "f1-score": 0.15767634854771784,
    "support": 205.0
  },
  "1": {
    "precision": 0.5528846153846154,
    "recall": 0.9311740890688259,
    "f1-score": 0.693815987933635,
    "support": 247.0
  },
  "accuracy": 0.5508849557522124,
  "macro avg": {
    "precision": 0.5403311965811965,
    "recall": 0.5119285079490471,
    "f1-score": 0.4257461682406764,
    "support": 452.0
  },
  "weighted avg": {
    "precision": 0.5414976647000983,
    "recall": 0.5508849557522124,
    "f1-score": 0.45065531077851767,
    "support": 452.0
  },
  "auc": 0.5812481485138739,
  "pr_auc": 0.6241340811947942,
  "brier": 0.24998318614057877,
  "win_rate": 0.5528846153846154,
  "label_2_support": 0,
  "label_1_support": 247,
  "label_-1_support": 172,
  "label_0_support": 33,
  "avg_roi": 5.394914478529245e-05,
  "sharpe": 0.5113511505155137
}