{
  "0": {
    "precision": 0.9175257731958762,
    "recall": 0.6935064935064935,
    "f1-score": 0.7899408284023669,
    "support": 770.0
  },
  "1": {
    "precision": 0.5173824130879345,
    "recall": 0.840531561461794,
    "f1-score": 0.640506329113924,
    "support": 301.0
  },
  "accuracy": 0.734827264239029,
  "macro avg": {
    "precision": 0.7174540931419053,
    "recall": 0.7670190274841437,
    "f1-score": 0.7152235787581455,
    "support": 1071.0
  },
  "weighted avg": {
    "precision": 0.8050671817929906,
    "recall": 0.734827264239029,
    "f1-score": 0.7479428972297979,
    "support": 1071.0
  },
  "auc": 0.8150321439357984,
  "pr_auc": 0.5902476645771281,
  "brier": 0.1912105496022751,
  "win_rate": 0.5173824130879345,
  "label_2_support": 0,
  "label_1_support": 301,
  "label_-1_support": 295,
  "label_0_support": 475,
  "avg_roi": 0.0003345824661664665,
  "sharpe": 2.6116258966684396
}