{
  "0": {
    "precision": 0.827020202020202,
    "recall": 0.9718100890207715,
    "f1-score": 0.8935879945429741,
    "support": 674.0
  },
  "1": {
    "precision": 0.17391304347826086,
    "recall": 0.028368794326241134,
    "f1-score": 0.04878048780487805,
    "support": 141.0
  },
  "accuracy": 0.8085889570552147,
  "macro avg": {
    "precision": 0.5004666227492314,
    "recall": 0.5000894416735063,
    "f1-score": 0.4711842411739261,
    "support": 815.0
  },
  "weighted avg": {
    "precision": 0.7140286568000624,
    "recall": 0.8085889570552147,
    "f1-score": 0.747431113009144,
    "support": 815.0
  },
  "auc": 0.6691605109750195,
  "pr_auc": 0.30187063093523725,
  "brier": 0.13789695226928045,
  "win_rate": 0.17391304347826086,
  "label_2_support": 0,
  "label_1_support": 141,
  "label_-1_support": 99,
  "label_0_support": 575,
  "avg_roi": 0.00038194560329429805,
  "sharpe": 2.2360035762193538
}