{
  "0": {
    "precision": 0.8970276008492569,
    "recall": 0.7612612612612613,
    "f1-score": 0.8235867446393762,
    "support": 1110.0
  },
  "1": {
    "precision": 0.3629807692307692,
    "recall": 0.6088709677419355,
    "f1-score": 0.45481927710843373,
    "support": 248.0
  },
  "accuracy": 0.7334315169366715,
  "macro avg": {
    "precision": 0.6300041850400131,
    "recall": 0.6850661145015984,
    "f1-score": 0.639203010873905,
    "support": 1358.0
  },
  "weighted avg": {
    "precision": 0.7994991662090618,
    "recall": 0.7334315169366715,
    "f1-score": 0.7562418757530185,
    "support": 1358.0
  },
  "auc": 0.7254123074687591,
  "pr_auc": 0.4695718187949922,
  "brier": 0.17846634557938815,
  "win_rate": 0.3629807692307692,
  "label_2_support": 0,
  "label_1_support": 248,
  "label_-1_support": 451,
  "label_0_support": 659,
  "avg_roi": 0.00048728258116170764,
  "sharpe": 4.51991852476861
}