{
  "0": {
    "precision": 0.8201438848920863,
    "recall": 0.9978118161925602,
    "f1-score": 0.9002961500493584,
    "support": 457.0
  },
  "1": {
    "precision": 0.6666666666666666,
    "recall": 0.0196078431372549,
    "f1-score": 0.0380952380952381,
    "support": 102.0
  },
  "accuracy": 0.8193202146690519,
  "macro avg": {
    "precision": 0.7434052757793765,
    "recall": 0.5087098296649075,
    "f1-score": 0.4691956940722982,
    "support": 559.0
  },
  "weighted avg": {
    "precision": 0.792139097308915,
    "recall": 0.8193202146690519,
    "f1-score": 0.7429714755961915,
    "support": 559.0
  },
  "auc": 0.5837087570257862,
  "pr_auc": 0.24916448986030298,
  "brier": 0.15998011756425803,
  "win_rate": 0.6666666666666666,
  "label_2_support": 0,
  "label_1_support": 102,
  "label_-1_support": 157,
  "label_0_support": 300,
  "avg_roi": 0.0003080714668612927,
  "sharpe": 1.2247448504309733
}