{
  "0": {
    "precision": 0.827354260089686,
    "recall": 0.9634464751958225,
    "f1-score": 0.8902291917973462,
    "support": 383.0
  },
  "1": {
    "precision": 0.2631578947368421,
    "recall": 0.06097560975609756,
    "f1-score": 0.09900990099009901,
    "support": 82.0
  },
  "accuracy": 0.8043010752688172,
  "macro avg": {
    "precision": 0.5452560774132641,
    "recall": 0.51221104247596,
    "f1-score": 0.4946195463937226,
    "support": 465.0
  },
  "weighted avg": {
    "precision": 0.7278615677048834,
    "recall": 0.8043010752688172,
    "f1-score": 0.7507023491173584,
    "support": 465.0
  },
  "auc": 0.6066675157613195,
  "pr_auc": 0.2403726777347907,
  "brier": 0.15470660383803567,
  "win_rate": 0.2631578947368421,
  "label_2_support": 0,
  "label_1_support": 82,
  "label_-1_support": 122,
  "label_0_support": 261,
  "avg_roi": 0.0006241517257876694,
  "sharpe": 2.488342478593317
}