{
  "0": {
    "precision": 0.6385542168674698,
    "recall": 0.6928104575163399,
    "f1-score": 0.664576802507837,
    "support": 306.0
  },
  "1": {
    "precision": 0.5369458128078818,
    "recall": 0.4759825327510917,
    "f1-score": 0.5046296296296297,
    "support": 229.0
  },
  "accuracy": 0.6,
  "macro avg": {
    "precision": 0.5877500148376757,
    "recall": 0.5843964951337157,
    "f1-score": 0.5846032160687333,
    "support": 535.0
  },
  "weighted avg": {
    "precision": 0.5950620214849546,
    "recall": 0.6,
    "f1-score": 0.5961134331823987,
    "support": 535.0
  },
  "auc": 0.6464166452607243,
  "pr_auc": 0.5771435161990097,
  "brier": 0.23058455510098708,
  "win_rate": 0.5369458128078818,
  "label_2_support": 0,
  "label_1_support": 229,
  "label_-1_support": 205,
  "label_0_support": 101,
  "avg_roi": 0.00035330047830939293,
  "sharpe": 2.8198152415474547
}