{
  "0": {
    "precision": 0.6089285714285714,
    "recall": 1.0,
    "f1-score": 0.7569367369589345,
    "support": 341.0
  },
  "1": {
    "precision": 0.0,
    "recall": 0.0,
    "f1-score": 0.0,
    "support": 219.0
  },
  "accuracy": 0.6089285714285714,
  "macro avg": {
    "precision": 0.3044642857142857,
    "recall": 0.5,
    "f1-score": 0.37846836847946724,
    "support": 560.0
  },
  "weighted avg": {
    "precision": 0.37079400510204075,
    "recall": 0.6089285714285714,
    "f1-score": 0.46092040589820826,
    "support": 560.0
  },
  "auc": 0.5906948405843677,
  "pr_auc": 0.48156728622304784,
  "brier": 0.2661200994511319,
  "win_rate": 0.0,
  "label_2_support": 0,
  "label_1_support": 219,
  "label_-1_support": 176,
  "label_0_support": 165,
  "avg_roi": 0.0,
  "sharpe": 0.0
}