{
  "0": {
    "precision": 0.8159392789373814,
    "recall": 0.9953703703703703,
    "f1-score": 0.8967674661105318,
    "support": 432.0
  },
  "1": {
    "precision": 0.5,
    "recall": 0.020202020202020204,
    "f1-score": 0.038834951456310676,
    "support": 99.0
  },
  "accuracy": 0.8135593220338984,
  "macro avg": {
    "precision": 0.6579696394686907,
    "recall": 0.5077861952861953,
    "f1-score": 0.46780120878342124,
    "support": 531.0
  },
  "weighted avg": {
    "precision": 0.7570353455761747,
    "recall": 0.8135593220338984,
    "f1-score": 0.7368139464292364,
    "support": 531.0
  },
  "auc": 0.6051954732510287,
  "pr_auc": 0.2586405811076806,
  "brier": 0.1588078253325527,
  "win_rate": 0.5,
  "label_2_support": 0,
  "label_1_support": 99,
  "label_-1_support": 139,
  "label_0_support": 293,
  "avg_roi": 0.0006542066112160683,
  "sharpe": 1.8224612474441528
}