{
  "0": {
    "precision": 0.37857142857142856,
    "recall": 0.29608938547486036,
    "f1-score": 0.3322884012539185,
    "support": 179.0
  },
  "1": {
    "precision": 0.5909090909090909,
    "recall": 0.6765799256505576,
    "f1-score": 0.6308492201039861,
    "support": 269.0
  },
  "accuracy": 0.5245535714285714,
  "macro avg": {
    "precision": 0.48474025974025975,
    "recall": 0.48633465556270894,
    "f1-score": 0.4815688106789523,
    "support": 448.0
  },
  "weighted avg": {
    "precision": 0.5060688195732839,
    "recall": 0.5245535714285714,
    "f1-score": 0.5115581786438029,
    "support": 448.0
  },
  "auc": 0.5009345600299059,
  "pr_auc": 0.6075230676063101,
  "brier": 0.24905439060673137,
  "win_rate": 0.5909090909090909,
  "label_2_support": 0,
  "label_1_support": 269,
  "label_-1_support": 163,
  "label_0_support": 16,
  "avg_roi": -2.4040367861744016e-05,
  "sharpe": -0.18819461078619412
}