{
  "0": {
    "precision": 0.6460348162475822,
    "recall": 0.8652849740932642,
    "f1-score": 0.7397563676633444,
    "support": 386.0
  },
  "1": {
    "precision": 0.49514563106796117,
    "recall": 0.21794871794871795,
    "f1-score": 0.3026706231454006,
    "support": 234.0
  },
  "accuracy": 0.6209677419354839,
  "macro avg": {
    "precision": 0.5705902236577717,
    "recall": 0.5416168460209911,
    "f1-score": 0.5212134954043726,
    "support": 620.0
  },
  "weighted avg": {
    "precision": 0.5890863173249511,
    "recall": 0.6209677419354839,
    "f1-score": 0.5747917479581849,
    "support": 620.0
  },
  "auc": 0.5622647358398654,
  "pr_auc": 0.44375750382910795,
  "brier": 0.23470853223723748,
  "win_rate": 0.49514563106796117,
  "label_2_support": 0,
  "label_1_support": 234,
  "label_-1_support": 210,
  "label_0_support": 176,
  "avg_roi": 0.0001458024198655039,
  "sharpe": 0.8258734904287793
}