{
  "0": {
    "precision": 0.6111111111111112,
    "recall": 0.1981981981981982,
    "f1-score": 0.29931972789115646,
    "support": 333.0
  },
  "1": {
    "precision": 0.35507246376811596,
    "recall": 0.7777777777777778,
    "f1-score": 0.48756218905472637,
    "support": 189.0
  },
  "accuracy": 0.40804597701149425,
  "macro avg": {
    "precision": 0.48309178743961356,
    "recall": 0.487987987987988,
    "f1-score": 0.3934409584729414,
    "support": 522.0
  },
  "weighted avg": {
    "precision": 0.5184074629351991,
    "recall": 0.40804597701149425,
    "f1-score": 0.3674764810710697,
    "support": 522.0
  },
  "auc": 0.5554602221268887,
  "pr_auc": 0.4070468473494694,
  "brier": 0.2510031953192259,
  "win_rate": 0.35507246376811596,
  "label_2_support": 0,
  "label_1_support": 189,
  "label_-1_support": 166,
  "label_0_support": 167,
  "avg_roi": 1.52711527334759e-05,
  "sharpe": 0.2151702375500828
}