{
  "0": {
    "precision": 0.9292237442922374,
    "recall": 0.980722891566265,
    "f1-score": 0.9542790152403282,
    "support": 415.0
  },
  "1": {
    "precision": 0.38461538461538464,
    "recall": 0.1388888888888889,
    "f1-score": 0.20408163265306123,
    "support": 36.0
  },
  "accuracy": 0.9135254988913526,
  "macro avg": {
    "precision": 0.6569195644538111,
    "recall": 0.559805890227577,
    "f1-score": 0.5791803239466947,
    "support": 451.0
  },
  "weighted avg": {
    "precision": 0.8857516801051717,
    "recall": 0.9135254988913526,
    "f1-score": 0.8943962973397924,
    "support": 451.0
  },
  "auc": 0.755756358768407,
  "pr_auc": 0.22860581470895863,
  "brier": 0.07224979704660774,
  "win_rate": 0.38461538461538464,
  "label_2_support": 0,
  "label_1_support": 36,
  "label_-1_support": 31,
  "label_0_support": 384,
  "avg_roi": 0.0005000941455364227,
  "sharpe": 4.562641855580281
}