{
  "0": {
    "precision": 0.7642487046632125,
    "recall": 0.6570155902004454,
    "f1-score": 0.7065868263473054,
    "support": 449.0
  },
  "1": {
    "precision": 0.35564853556485354,
    "recall": 0.48295454545454547,
    "f1-score": 0.40963855421686746,
    "support": 176.0
  },
  "accuracy": 0.608,
  "macro avg": {
    "precision": 0.559948620114033,
    "recall": 0.5699850678274955,
    "f1-score": 0.5581126902820864,
    "support": 625.0
  },
  "weighted avg": {
    "precision": 0.6491868970451147,
    "recall": 0.608,
    "f1-score": 0.6229661929153741,
    "support": 625.0
  },
  "auc": 0.5666063474387527,
  "pr_auc": 0.34131920051398323,
  "brier": 0.24200458044707665,
  "win_rate": 0.35564853556485354,
  "label_2_support": 0,
  "label_1_support": 176,
  "label_-1_support": 162,
  "label_0_support": 287,
  "avg_roi": 0.00012076886196155101,
  "sharpe": 1.6868174842078971
}