{
  "0": {
    "precision": 0.723916532905297,
    "recall": 0.941544885177453,
    "f1-score": 0.8185117967332124,
    "support": 479.0
  },
  "1": {
    "precision": 0.5172413793103449,
    "recall": 0.1485148514851485,
    "f1-score": 0.23076923076923078,
    "support": 202.0
  },
  "accuracy": 0.7063142437591777,
  "macro avg": {
    "precision": 0.620578956107821,
    "recall": 0.5450298683313007,
    "f1-score": 0.5246405137512216,
    "support": 681.0
  },
  "weighted avg": {
    "precision": 0.6626120086377781,
    "recall": 0.7063142437591777,
    "f1-score": 0.6441740605735585,
    "support": 681.0
  },
  "auc": 0.573844023233221,
  "pr_auc": 0.38993452516160076,
  "brier": 0.20880808462799522,
  "win_rate": 0.5172413793103449,
  "label_2_support": 0,
  "label_1_support": 202,
  "label_-1_support": 186,
  "label_0_support": 293,
  "avg_roi": 0.0003012266824953258,
  "sharpe": 1.521221332785172
}