{
  "0": {
    "precision": 0.8524844720496895,
    "recall": 0.8459167950693375,
    "f1-score": 0.8491879350348028,
    "support": 649.0
  },
  "1": {
    "precision": 0.43820224719101125,
    "recall": 0.4508670520231214,
    "f1-score": 0.4444444444444444,
    "support": 173.0
  },
  "accuracy": 0.7627737226277372,
  "macro avg": {
    "precision": 0.6453433596203504,
    "recall": 0.6483919235462294,
    "f1-score": 0.6468161897396236,
    "support": 822.0
  },
  "weighted avg": {
    "precision": 0.7652936874991404,
    "recall": 0.7627737226277372,
    "f1-score": 0.7640046943144476,
    "support": 822.0
  },
  "auc": 0.755613349127604,
  "pr_auc": 0.4904349136639783,
  "brier": 0.15621277744558276,
  "win_rate": 0.43820224719101125,
  "label_2_support": 0,
  "label_1_support": 173,
  "label_-1_support": 154,
  "label_0_support": 495,
  "avg_roi": 0.00042451475746929646,
  "sharpe": 4.4013751670567665
}