{
  "0": {
    "precision": 0.6212121212121212,
    "recall": 0.36771300448430494,
    "f1-score": 0.4619718309859155,
    "support": 446.0
  },
  "1": {
    "precision": 0.23160762942779292,
    "recall": 0.4594594594594595,
    "f1-score": 0.3079710144927536,
    "support": 185.0
  },
  "accuracy": 0.39461172741679873,
  "macro avg": {
    "precision": 0.42640987531995705,
    "recall": 0.4135862319718822,
    "f1-score": 0.38497142273933455,
    "support": 631.0
  },
  "weighted avg": {
    "precision": 0.5069857646667952,
    "recall": 0.39461172741679873,
    "f1-score": 0.4168210369269061,
    "support": 631.0
  },
  "auc": 0.44204338868016,
  "pr_auc": 0.28263997110156686,
  "brier": 0.25559947140342576,
  "win_rate": 0.23160762942779292,
  "label_2_support": 0,
  "label_1_support": 185,
  "label_-1_support": 163,
  "label_0_support": 283,
  "avg_roi": 5.856177813257091e-05,
  "sharpe": 1.0741509551804984
}