{
  "0": {
    "precision": 0.43103448275862066,
    "recall": 0.2568493150684932,
    "f1-score": 0.3218884120171674,
    "support": 292.0
  },
  "1": {
    "precision": 0.5580448065173116,
    "recall": 0.7345844504021448,
    "f1-score": 0.6342592592592593,
    "support": 373.0
  },
  "accuracy": 0.524812030075188,
  "macro avg": {
    "precision": 0.4945396446379661,
    "recall": 0.495716882735319,
    "f1-score": 0.4780738356382134,
    "support": 665.0
  },
  "weighted avg": {
    "precision": 0.5022748598443224,
    "recall": 0.524812030075188,
    "f1-score": 0.4970979248311528,
    "support": 665.0
  },
  "auc": 0.5395075103749678,
  "pr_auc": 0.6065681313106276,
  "brier": 0.255156961359153,
  "win_rate": 0.5580448065173116,
  "label_2_support": 0,
  "label_1_support": 373,
  "label_-1_support": 216,
  "label_0_support": 76,
  "avg_roi": 0.00014836194168310612,
  "sharpe": 1.5129078770556115
}