{
  "0": {
    "precision": 0.8973214285714286,
    "recall": 0.95260663507109,
    "f1-score": 0.9241379310344827,
    "support": 633.0
  },
  "1": {
    "precision": 0.14285714285714285,
    "recall": 0.06756756756756757,
    "f1-score": 0.09174311926605505,
    "support": 74.0
  },
  "accuracy": 0.85997171145686,
  "macro avg": {
    "precision": 0.5200892857142857,
    "recall": 0.5100871013193288,
    "f1-score": 0.5079405251502689,
    "support": 707.0
  },
  "weighted avg": {
    "precision": 0.8183534552434836,
    "recall": 0.85997171145686,
    "f1-score": 0.8370131558281693,
    "support": 707.0
  },
  "auc": 0.6293283805132147,
  "pr_auc": 0.15644120763192174,
  "brier": 0.11024256065395151,
  "win_rate": 0.14285714285714285,
  "label_2_support": 0,
  "label_1_support": 74,
  "label_-1_support": 157,
  "label_0_support": 476,
  "avg_roi": 0.00031823868630453944,
  "sharpe": 1.7738258980321
}