{
  "0": {
    "precision": 0.6952908587257618,
    "recall": 0.6004784688995215,
    "f1-score": 0.6444159178433889,
    "support": 418.0
  },
  "1": {
    "precision": 0.3346613545816733,
    "recall": 0.4329896907216495,
    "f1-score": 0.3775280898876405,
    "support": 194.0
  },
  "accuracy": 0.5473856209150327,
  "macro avg": {
    "precision": 0.5149761066537175,
    "recall": 0.5167340798105855,
    "f1-score": 0.5109720038655147,
    "support": 612.0
  },
  "weighted avg": {
    "precision": 0.5809736629676684,
    "recall": 0.5473856209150327,
    "f1-score": 0.5598142207463053,
    "support": 612.0
  },
  "auc": 0.5549560992453016,
  "pr_auc": 0.36311333385596867,
  "brier": 0.24111495580049308,
  "win_rate": 0.3346613545816733,
  "label_2_support": 0,
  "label_1_support": 194,
  "label_-1_support": 133,
  "label_0_support": 285,
  "avg_roi": 0.00011357033508829772,
  "sharpe": 1.6974634064841452
}