{
  "0": {
    "precision": 0.9316353887399463,
    "recall": 0.9971305595408895,
    "f1-score": 0.9632709632709633,
    "support": 697.0
  },
  "1": {
    "precision": 0.0,
    "recall": 0.0,
    "f1-score": 0.0,
    "support": 51.0
  },
  "accuracy": 0.929144385026738,
  "macro avg": {
    "precision": 0.46581769436997317,
    "recall": 0.49856527977044474,
    "f1-score": 0.48163548163548164,
    "support": 748.0
  },
  "weighted avg": {
    "precision": 0.8681147940531317,
    "recall": 0.929144385026738,
    "f1-score": 0.8975933975933975,
    "support": 748.0
  },
  "auc": 0.7053478493262441,
  "pr_auc": 0.24993302836035025,
  "brier": 0.059170852626316314,
  "win_rate": 0.0,
  "label_2_support": 0,
  "label_1_support": 51,
  "label_-1_support": 88,
  "label_0_support": 609,
  "avg_roi": 0.0,
  "sharpe": 0.0
}