{
  "0": {
    "precision": 0.910761154855643,
    "recall": 0.8281622911694511,
    "f1-score": 0.8675,
    "support": 419.0
  },
  "1": {
    "precision": 0.2087912087912088,
    "recall": 0.3584905660377358,
    "f1-score": 0.2638888888888889,
    "support": 53.0
  },
  "accuracy": 0.7754237288135594,
  "macro avg": {
    "precision": 0.5597761818234259,
    "recall": 0.5933264286035934,
    "f1-score": 0.5656944444444445,
    "support": 472.0
  },
  "weighted avg": {
    "precision": 0.8319382583695942,
    "recall": 0.7754237288135594,
    "f1-score": 0.7997216337099812,
    "support": 472.0
  },
  "auc": 0.6556491196469582,
  "pr_auc": 0.2083632466614801,
  "brier": 0.1645759363470249,
  "win_rate": 0.2087912087912088,
  "label_2_support": 0,
  "label_1_support": 53,
  "label_-1_support": 104,
  "label_0_support": 315,
  "avg_roi": 0.000271797674940899,
  "sharpe": 2.581233450828849
}