{
  "0": {
    "precision": 0.8948106591865358,
    "recall": 0.9984350547730829,
    "f1-score": 0.9437869822485208,
    "support": 639.0
  },
  "1": {
    "precision": 0.0,
    "recall": 0.0,
    "f1-score": 0.0,
    "support": 75.0
  },
  "accuracy": 0.8935574229691877,
  "macro avg": {
    "precision": 0.4474053295932679,
    "recall": 0.49921752738654146,
    "f1-score": 0.4718934911242604,
    "support": 714.0
  },
  "weighted avg": {
    "precision": 0.8008179428854291,
    "recall": 0.8935574229691877,
    "f1-score": 0.8446496941972056,
    "support": 714.0
  },
  "auc": 0.5764006259780907,
  "pr_auc": 0.12100111149995123,
  "brier": 0.09886631160943392,
  "win_rate": 0.0,
  "label_2_support": 0,
  "label_1_support": 75,
  "label_-1_support": 155,
  "label_0_support": 484,
  "avg_roi": 0.0013060513883829117,
  "sharpe": 0.0
}