{
  "0": {
    "precision": 0.9001512859304085,
    "recall": 1.0,
    "f1-score": 0.947452229299363,
    "support": 595.0
  },
  "1": {
    "precision": 0.0,
    "recall": 0.0,
    "f1-score": 0.0,
    "support": 66.0
  },
  "accuracy": 0.9001512859304085,
  "macro avg": {
    "precision": 0.45007564296520425,
    "recall": 0.5,
    "f1-score": 0.4737261146496815,
    "support": 661.0
  },
  "weighted avg": {
    "precision": 0.8102723375621681,
    "recall": 0.9001512859304085,
    "f1-score": 0.8528503425614539,
    "support": 661.0
  },
  "auc": 0.6441685765215177,
  "pr_auc": 0.21132600963081657,
  "brier": 0.0914173569154658,
  "win_rate": 0.0,
  "label_2_support": 0,
  "label_1_support": 66,
  "label_-1_support": 107,
  "label_0_support": 488,
  "avg_roi": 0.0,
  "sharpe": 0.0
}