{
  "0": {
    "precision": 0.5771812080536913,
    "recall": 0.9745042492917847,
    "f1-score": 0.7249736564805058,
    "support": 353.0
  },
  "1": {
    "precision": 0.7096774193548387,
    "recall": 0.08029197080291971,
    "f1-score": 0.14426229508196722,
    "support": 274.0
  },
  "accuracy": 0.583732057416268,
  "macro avg": {
    "precision": 0.643429313704265,
    "recall": 0.5273981100473522,
    "f1-score": 0.4346179757812365,
    "support": 627.0
  },
  "weighted avg": {
    "precision": 0.6350822637100141,
    "recall": 0.583732057416268,
    "f1-score": 0.47120186537492437,
    "support": 627.0
  },
  "auc": 0.5844895680403631,
  "pr_auc": 0.5429747838218022,
  "brier": 0.24099240776398334,
  "win_rate": 0.7096774193548387,
  "label_2_support": 0,
  "label_1_support": 274,
  "label_-1_support": 206,
  "label_0_support": 147,
  "avg_roi": 0.00017632862727623433,
  "sharpe": 0.3902385660998934
}