{
  "0": {
    "precision": 0.6835443037974683,
    "recall": 0.7105263157894737,
    "f1-score": 0.6967741935483871,
    "support": 456.0
  },
  "1": {
    "precision": 0.36538461538461536,
    "recall": 0.336283185840708,
    "f1-score": 0.35023041474654376,
    "support": 226.0
  },
  "accuracy": 0.5865102639296188,
  "macro avg": {
    "precision": 0.5244644595910418,
    "recall": 0.5234047508150909,
    "f1-score": 0.5235023041474655,
    "support": 682.0
  },
  "weighted avg": {
    "precision": 0.5781130874025934,
    "recall": 0.5865102639296188,
    "f1-score": 0.5819371055583336,
    "support": 682.0
  },
  "auc": 0.5271551389535786,
  "pr_auc": 0.3806688485925021,
  "brier": 0.2462925089808314,
  "win_rate": 0.36538461538461536,
  "label_2_support": 0,
  "label_1_support": 226,
  "label_-1_support": 147,
  "label_0_support": 309,
  "avg_roi": 0.000625249813310802,
  "sharpe": 2.288122968332487
}