{
  "0": {
    "precision": 0.6574074074074074,
    "recall": 0.8765432098765432,
    "f1-score": 0.7513227513227513,
    "support": 324.0
  },
  "1": {
    "precision": 0.6,
    "recall": 0.28846153846153844,
    "f1-score": 0.38961038961038963,
    "support": 208.0
  },
  "accuracy": 0.6466165413533834,
  "macro avg": {
    "precision": 0.6287037037037038,
    "recall": 0.5825023741690408,
    "f1-score": 0.5704665704665705,
    "support": 532.0
  },
  "weighted avg": {
    "precision": 0.6349624060150376,
    "recall": 0.6466165413533834,
    "f1-score": 0.6099013768186701,
    "support": 532.0
  },
  "auc": 0.6746052943969609,
  "pr_auc": 0.55567610946105,
  "brier": 0.21864638764998598,
  "win_rate": 0.6,
  "label_2_support": 0,
  "label_1_support": 208,
  "label_-1_support": 160,
  "label_0_support": 164,
  "avg_roi": 0.0004451745771802962,
  "sharpe": 2.7427202463150024
}