{
  "0": {
    "precision": 0.7407407407407407,
    "recall": 0.8312958435207825,
    "f1-score": 0.783410138248848,
    "support": 409.0
  },
  "1": {
    "precision": 0.5273972602739726,
    "recall": 0.39285714285714285,
    "f1-score": 0.4502923976608187,
    "support": 196.0
  },
  "accuracy": 0.6892561983471074,
  "macro avg": {
    "precision": 0.6340690005073566,
    "recall": 0.6120764931889626,
    "f1-score": 0.6168512679548334,
    "support": 605.0
  },
  "weighted avg": {
    "precision": 0.6716245057465481,
    "recall": 0.6892561983471074,
    "f1-score": 0.6754910024550402,
    "support": 605.0
  },
  "auc": 0.6743737837433262,
  "pr_auc": 0.5109240961008812,
  "brier": 0.20277040321694945,
  "win_rate": 0.5273972602739726,
  "label_2_support": 0,
  "label_1_support": 196,
  "label_-1_support": 144,
  "label_0_support": 265,
  "avg_roi": 0.0004931700532324612,
  "sharpe": 4.008553808924404
}