{
  "0": {
    "precision": 0.8247422680412371,
    "recall": 0.9142857142857143,
    "f1-score": 0.8672086720867209,
    "support": 525.0
  },
  "1": {
    "precision": 0.5588235294117647,
    "recall": 0.3584905660377358,
    "f1-score": 0.4367816091954023,
    "support": 159.0
  },
  "accuracy": 0.7850877192982456,
  "macro avg": {
    "precision": 0.6917828987265009,
    "recall": 0.6363881401617251,
    "f1-score": 0.6519951406410616,
    "support": 684.0
  },
  "weighted avg": {
    "precision": 0.7629278244124563,
    "recall": 0.7850877192982456,
    "f1-score": 0.7671532583444408,
    "support": 684.0
  },
  "auc": 0.7241629230308475,
  "pr_auc": 0.5296839166420757,
  "brier": 0.162207694210404,
  "win_rate": 0.5588235294117647,
  "label_2_support": 0,
  "label_1_support": 159,
  "label_-1_support": 159,
  "label_0_support": 366,
  "avg_roi": 0.0004498552589211613,
  "sharpe": 3.125500995621526
}