{
  "0": {
    "precision": 0.6855123674911661,
    "recall": 0.8858447488584474,
    "f1-score": 0.7729083665338645,
    "support": 438.0
  },
  "1": {
    "precision": 0.4845360824742268,
    "recall": 0.2088888888888889,
    "f1-score": 0.2919254658385093,
    "support": 225.0
  },
  "accuracy": 0.6561085972850679,
  "macro avg": {
    "precision": 0.5850242249826965,
    "recall": 0.5473668188736682,
    "f1-score": 0.5324169161861869,
    "support": 663.0
  },
  "weighted avg": {
    "precision": 0.6173077458790827,
    "recall": 0.6561085972850679,
    "f1-score": 0.609678875347658,
    "support": 663.0
  },
  "auc": 0.5664231354642314,
  "pr_auc": 0.4382971259712614,
  "brier": 0.22799929968008345,
  "win_rate": 0.4845360824742268,
  "label_2_support": 0,
  "label_1_support": 225,
  "label_-1_support": 188,
  "label_0_support": 250,
  "avg_roi": 0.0002597362909000367,
  "sharpe": 1.5899535204542923
}