{
  "0": {
    "precision": 0.8557312252964426,
    "recall": 0.6550680786686838,
    "f1-score": 0.7420736932305055,
    "support": 661.0
  },
  "1": {
    "precision": 0.5393939393939394,
    "recall": 0.7852941176470588,
    "f1-score": 0.6395209580838324,
    "support": 340.0
  },
  "accuracy": 0.6993006993006993,
  "macro avg": {
    "precision": 0.697562582345191,
    "recall": 0.7201810981578713,
    "f1-score": 0.6907973256571689,
    "support": 1001.0
  },
  "weighted avg": {
    "precision": 0.7482839953195685,
    "recall": 0.6993006993006993,
    "f1-score": 0.7072405963774897,
    "support": 1001.0
  },
  "auc": 0.783928094687194,
  "pr_auc": 0.6096144183042531,
  "brier": 0.20426919300163646,
  "win_rate": 0.5393939393939394,
  "label_2_support": 0,
  "label_1_support": 340,
  "label_-1_support": 337,
  "label_0_support": 324,
  "avg_roi": 0.0004506015975493938,
  "sharpe": 3.613565258639218
}