{
  "0": {
    "precision": 0.8263358778625954,
    "recall": 0.9774266365688488,
    "f1-score": 0.8955532574974147,
    "support": 443.0
  },
  "1": {
    "precision": 0.4444444444444444,
    "recall": 0.08080808080808081,
    "f1-score": 0.13675213675213677,
    "support": 99.0
  },
  "accuracy": 0.8136531365313653,
  "macro avg": {
    "precision": 0.63539016115352,
    "recall": 0.5291173586884648,
    "f1-score": 0.5161526971247757,
    "support": 542.0
  },
  "weighted avg": {
    "precision": 0.7565808005408299,
    "recall": 0.8136531365313653,
    "f1-score": 0.7569530527856388,
    "support": 542.0
  },
  "auc": 0.5820051531112479,
  "pr_auc": 0.28802714005566754,
  "brier": 0.15290281487392576,
  "win_rate": 0.4444444444444444,
  "label_2_support": 0,
  "label_1_support": 99,
  "label_-1_support": 103,
  "label_0_support": 340,
  "avg_roi": 0.00202689110301435,
  "sharpe": 1.4830456880186615
}