{
  "0": {
    "precision": 0.7599118942731278,
    "recall": 0.7967667436489607,
    "f1-score": 0.7779030439684329,
    "support": 433.0
  },
  "1": {
    "precision": 0.40540540540540543,
    "recall": 0.35502958579881655,
    "f1-score": 0.3785488958990536,
    "support": 169.0
  },
  "accuracy": 0.6727574750830565,
  "macro avg": {
    "precision": 0.5826586498392666,
    "recall": 0.5758981647238887,
    "f1-score": 0.5782259699337433,
    "support": 602.0
  },
  "weighted avg": {
    "precision": 0.6603909696574384,
    "recall": 0.6727574750830565,
    "f1-score": 0.6657919957562649,
    "support": 602.0
  },
  "auc": 0.623078289626522,
  "pr_auc": 0.41956756012187313,
  "brier": 0.20812547125037312,
  "win_rate": 0.40540540540540543,
  "label_2_support": 0,
  "label_1_support": 169,
  "label_-1_support": 139,
  "label_0_support": 294,
  "avg_roi": 9.104445780394599e-05,
  "sharpe": 1.0417933665177115
}