{
  "0": {
    "precision": 0.6348547717842323,
    "recall": 0.9244712990936556,
    "f1-score": 0.7527675276752768,
    "support": 331.0
  },
  "1": {
    "precision": 0.5098039215686274,
    "recall": 0.12871287128712872,
    "f1-score": 0.20553359683794467,
    "support": 202.0
  },
  "accuracy": 0.6228893058161351,
  "macro avg": {
    "precision": 0.5723293466764299,
    "recall": 0.5265920851903921,
    "f1-score": 0.47915056225661073,
    "support": 533.0
  },
  "weighted avg": {
    "precision": 0.5874621418713764,
    "recall": 0.6228893058161351,
    "f1-score": 0.5453730548251059,
    "support": 533.0
  },
  "auc": 0.5765008525021686,
  "pr_auc": 0.46219061714849385,
  "brier": 0.23179550179913136,
  "win_rate": 0.5098039215686274,
  "label_2_support": 0,
  "label_1_support": 202,
  "label_-1_support": 189,
  "label_0_support": 142,
  "avg_roi": 0.0006464463658630848,
  "sharpe": 2.119812111292322
}