{
  "0": {
    "precision": 0.8853801169590644,
    "recall": 0.9895424836601308,
    "f1-score": 0.9345679012345679,
    "support": 765.0
  },
  "1": {
    "precision": 0.7037037037037037,
    "recall": 0.1623931623931624,
    "f1-score": 0.2638888888888889,
    "support": 117.0
  },
  "accuracy": 0.8798185941043084,
  "macro avg": {
    "precision": 0.794541910331384,
    "recall": 0.5759678230266466,
    "f1-score": 0.5992283950617284,
    "support": 882.0
  },
  "weighted avg": {
    "precision": 0.8612801845884553,
    "recall": 0.8798185941043084,
    "f1-score": 0.8456002771478962,
    "support": 882.0
  },
  "auc": 0.7267750405005307,
  "pr_auc": 0.3908898501310709,
  "brier": 0.10115050116027195,
  "win_rate": 0.7037037037037037,
  "label_2_support": 0,
  "label_1_support": 117,
  "label_-1_support": 253,
  "label_0_support": 512,
  "avg_roi": 0.00035044216201640666,
  "sharpe": 1.707878856396695
}