{
  "0": {
    "precision": 0.5989010989010989,
    "recall": 0.42578125,
    "f1-score": 0.4977168949771689,
    "support": 256.0
  },
  "1": {
    "precision": 0.51,
    "recall": 0.6769911504424779,
    "f1-score": 0.5817490494296578,
    "support": 226.0
  },
  "accuracy": 0.5435684647302904,
  "macro avg": {
    "precision": 0.5544505494505494,
    "recall": 0.551386200221239,
    "f1-score": 0.5397329722034133,
    "support": 482.0
  },
  "weighted avg": {
    "precision": 0.5572171811590899,
    "recall": 0.5435684647302904,
    "f1-score": 0.5371178636623608,
    "support": 482.0
  },
  "auc": 0.5946055724557522,
  "pr_auc": 0.5640251010070915,
  "brier": 0.24671899369127287,
  "win_rate": 0.51,
  "label_2_support": 0,
  "label_1_support": 226,
  "label_-1_support": 167,
  "label_0_support": 89,
  "avg_roi": 0.00021061033476144075,
  "sharpe": 2.174791135745647
}