{
  "0": {
    "precision": 0.6108374384236454,
    "recall": 0.5610859728506787,
    "f1-score": 0.5849056603773585,
    "support": 221.0
  },
  "1": {
    "precision": 0.6283524904214559,
    "recall": 0.6748971193415638,
    "f1-score": 0.6507936507936508,
    "support": 243.0
  },
  "accuracy": 0.6206896551724138,
  "macro avg": {
    "precision": 0.6195949644225507,
    "recall": 0.6179915460961213,
    "f1-score": 0.6178496555855046,
    "support": 464.0
  },
  "weighted avg": {
    "precision": 0.6200101919483608,
    "recall": 0.6206896551724138,
    "f1-score": 0.6194116553583047,
    "support": 464.0
  },
  "auc": 0.6418635830400535,
  "pr_auc": 0.661900576740259,
  "brier": 0.2335118782772856,
  "win_rate": 0.6283524904214559,
  "label_2_support": 0,
  "label_1_support": 243,
  "label_-1_support": 172,
  "label_0_support": 49,
  "avg_roi": 0.00029781871126033366,
  "sharpe": 1.590053035639287
}