{
  "0": {
    "precision": 0.8881199538638985,
    "recall": 0.9871794871794872,
    "f1-score": 0.9350333940497875,
    "support": 780.0
  },
  "1": {
    "precision": 0.6428571428571429,
    "recall": 0.1565217391304348,
    "f1-score": 0.2517482517482518,
    "support": 115.0
  },
  "accuracy": 0.8804469273743016,
  "macro avg": {
    "precision": 0.7654885483605207,
    "recall": 0.571850613154961,
    "f1-score": 0.5933908228990197,
    "support": 895.0
  },
  "weighted avg": {
    "precision": 0.8566057379244829,
    "recall": 0.8804469273743016,
    "f1-score": 0.8472369791171879,
    "support": 895.0
  },
  "auc": 0.6828651059085842,
  "pr_auc": 0.36266540933291264,
  "brier": 0.10180617320334324,
  "win_rate": 0.6428571428571429,
  "label_2_support": 0,
  "label_1_support": 115,
  "label_-1_support": 222,
  "label_0_support": 558,
  "avg_roi": 0.0005457660299725831,
  "sharpe": 2.38072525524578
}