{
  "0": {
    "precision": 0.7663316582914573,
    "recall": 0.7587064676616916,
    "f1-score": 0.7625,
    "support": 402.0
  },
  "1": {
    "precision": 0.39751552795031053,
    "recall": 0.40764331210191085,
    "f1-score": 0.4025157232704403,
    "support": 157.0
  },
  "accuracy": 0.6601073345259392,
  "macro avg": {
    "precision": 0.5819235931208839,
    "recall": 0.5831748898818012,
    "f1-score": 0.5825078616352202,
    "support": 559.0
  },
  "weighted avg": {
    "precision": 0.662746448159865,
    "recall": 0.6601073345259392,
    "f1-score": 0.6613952925822166,
    "support": 559.0
  },
  "auc": 0.6114015907722534,
  "pr_auc": 0.39515463944916007,
  "brier": 0.22367968517443862,
  "win_rate": 0.39751552795031053,
  "label_2_support": 0,
  "label_1_support": 157,
  "label_-1_support": 135,
  "label_0_support": 267,
  "avg_roi": 0.0001328832149738446,
  "sharpe": 1.2488514178051926
}