{
  "0": {
    "precision": 0.8781609195402299,
    "recall": 0.6701754385964912,
    "f1-score": 0.7601990049751244,
    "support": 570.0
  },
  "1": {
    "precision": 0.4088050314465409,
    "recall": 0.7103825136612022,
    "f1-score": 0.5189620758483033,
    "support": 183.0
  },
  "accuracy": 0.6799468791500664,
  "macro avg": {
    "precision": 0.6434829754933854,
    "recall": 0.6902789761288467,
    "f1-score": 0.6395805404117139,
    "support": 753.0
  },
  "weighted avg": {
    "precision": 0.7640943491270227,
    "recall": 0.6799468791500664,
    "f1-score": 0.7015717034741838,
    "support": 753.0
  },
  "auc": 0.744976512319049,
  "pr_auc": 0.5044151707858,
  "brier": 0.19916163152442026,
  "win_rate": 0.4088050314465409,
  "label_2_support": 0,
  "label_1_support": 183,
  "label_-1_support": 167,
  "label_0_support": 403,
  "avg_roi": 0.0001401206973241642,
  "sharpe": 1.5161953655312534
}