{
  "0": {
    "precision": 0.6563307493540051,
    "recall": 0.7175141242937854,
    "f1-score": 0.6855600539811066,
    "support": 354.0
  },
  "1": {
    "precision": 0.574468085106383,
    "recall": 0.503731343283582,
    "f1-score": 0.536779324055666,
    "support": 268.0
  },
  "accuracy": 0.6254019292604501,
  "macro avg": {
    "precision": 0.6153994172301941,
    "recall": 0.6106227337886837,
    "f1-score": 0.6111696890183863,
    "support": 622.0
  },
  "weighted avg": {
    "precision": 0.6210587332473125,
    "recall": 0.6254019292604501,
    "f1-score": 0.6214551735630711,
    "support": 622.0
  },
  "auc": 0.6552881777552912,
  "pr_auc": 0.5915565806959571,
  "brier": 0.23712634387247053,
  "win_rate": 0.574468085106383,
  "label_2_support": 0,
  "label_1_support": 268,
  "label_-1_support": 209,
  "label_0_support": 145,
  "avg_roi": 0.0002392909664195031,
  "sharpe": 2.004213585701735
}