{
  "0": {
    "precision": 0.8448275862068966,
    "recall": 0.9954853273137697,
    "f1-score": 0.9139896373056995,
    "support": 443.0
  },
  "1": {
    "precision": 0.0,
    "recall": 0.0,
    "f1-score": 0.0,
    "support": 81.0
  },
  "accuracy": 0.8416030534351145,
  "macro avg": {
    "precision": 0.4224137931034483,
    "recall": 0.49774266365688485,
    "f1-score": 0.45699481865284974,
    "support": 524.0
  },
  "weighted avg": {
    "precision": 0.7142340089497237,
    "recall": 0.8416030534351145,
    "f1-score": 0.7727049796305818,
    "support": 524.0
  },
  "auc": 0.4928796365967171,
  "pr_auc": 0.1676054339677237,
  "brier": 0.14787262620332464,
  "win_rate": 0.0,
  "label_2_support": 0,
  "label_1_support": 81,
  "label_-1_support": 136,
  "label_0_support": 307,
  "avg_roi": 0.0,
  "sharpe": 0.0
}