{
  "0": {
    "precision": 0.8214285714285714,
    "recall": 0.9757575757575757,
    "f1-score": 0.8919667590027701,
    "support": 495.0
  },
  "1": {
    "precision": 0.4,
    "recall": 0.07079646017699115,
    "f1-score": 0.12030075187969924,
    "support": 113.0
  },
  "accuracy": 0.8075657894736842,
  "macro avg": {
    "precision": 0.6107142857142858,
    "recall": 0.5232770179672834,
    "f1-score": 0.5061337554412346,
    "support": 608.0
  },
  "weighted avg": {
    "precision": 0.7431038533834586,
    "recall": 0.8075657894736842,
    "f1-score": 0.7485485701789099,
    "support": 608.0
  },
  "auc": 0.6480200232412623,
  "pr_auc": 0.2935693963742041,
  "brier": 0.1517727194269861,
  "win_rate": 0.4,
  "label_2_support": 0,
  "label_1_support": 113,
  "label_-1_support": 149,
  "label_0_support": 346,
  "avg_roi": 0.0006478742579929531,
  "sharpe": 1.5196539228480732
}