{
  "0": {
    "precision": 0.9251170046801872,
    "recall": 0.9518459069020867,
    "f1-score": 0.9382911392405063,
    "support": 623.0
  },
  "1": {
    "precision": 0.21052631578947367,
    "recall": 0.14285714285714285,
    "f1-score": 0.1702127659574468,
    "support": 56.0
  },
  "accuracy": 0.8851251840942562,
  "macro avg": {
    "precision": 0.5678216602348305,
    "recall": 0.5473515248796148,
    "f1-score": 0.5542519525989765,
    "support": 679.0
  },
  "weighted avg": {
    "precision": 0.8661816901324993,
    "recall": 0.8851251840942562,
    "f1-score": 0.8749444692790169,
    "support": 679.0
  },
  "auc": 0.6821256592524649,
  "pr_auc": 0.14853249545824812,
  "brier": 0.09278688495008162,
  "win_rate": 0.21052631578947367,
  "label_2_support": 0,
  "label_1_support": 56,
  "label_-1_support": 142,
  "label_0_support": 481,
  "avg_roi": 0.0003165443486068398,
  "sharpe": 2.4193413308779794
}