{
  "0": {
    "precision": 0.5765765765765766,
    "recall": 0.5904059040590406,
    "f1-score": 0.5834092980856882,
    "support": 542.0
  },
  "1": {
    "precision": 0.6476190476190476,
    "recall": 0.6345256609642301,
    "f1-score": 0.6410054988216811,
    "support": 643.0
  },
  "accuracy": 0.6143459915611814,
  "macro avg": {
    "precision": 0.6120978120978121,
    "recall": 0.6124657825116353,
    "f1-score": 0.6122073984536847,
    "support": 1185.0
  },
  "weighted avg": {
    "precision": 0.6151253604418161,
    "recall": 0.6143459915611814,
    "f1-score": 0.6146619200884252,
    "support": 1185.0
  },
  "auc": 0.6491480777949303,
  "pr_auc": 0.6868737621381387,
  "brier": 0.23884431449399732,
  "win_rate": 0.6476190476190476,
  "label_2_support": 0,
  "label_1_support": 643,
  "label_-1_support": 416,
  "label_0_support": 126,
  "avg_roi": 7.880586053943262e-05,
  "sharpe": 0.518356874868631
}