{
  "0": {
    "precision": 0.9196185286103542,
    "recall": 1.0,
    "f1-score": 0.9581263307310149,
    "support": 675.0
  },
  "1": {
    "precision": 0.0,
    "recall": 0.0,
    "f1-score": 0.0,
    "support": 59.0
  },
  "accuracy": 0.9196185286103542,
  "macro avg": {
    "precision": 0.4598092643051771,
    "recall": 0.5,
    "f1-score": 0.47906316536550747,
    "support": 734.0
  },
  "weighted avg": {
    "precision": 0.8456982381634729,
    "recall": 0.9196185286103542,
    "f1-score": 0.8811107264896937,
    "support": 734.0
  },
  "auc": 0.5067168863779034,
  "pr_auc": 0.08011315680649186,
  "brier": 0.07511268511675111,
  "win_rate": 0.0,
  "label_2_support": 0,
  "label_1_support": 59,
  "label_-1_support": 110,
  "label_0_support": 565,
  "avg_roi": 0.0,
  "sharpe": 0.0
}