{
  "0": {
    "precision": 0.6567796610169492,
    "recall": 0.8611111111111112,
    "f1-score": 0.7451923076923077,
    "support": 360.0
  },
  "1": {
    "precision": 0.576271186440678,
    "recall": 0.2956521739130435,
    "f1-score": 0.39080459770114945,
    "support": 230.0
  },
  "accuracy": 0.6406779661016949,
  "macro avg": {
    "precision": 0.6165254237288136,
    "recall": 0.5783816425120774,
    "f1-score": 0.5679984526967286,
    "support": 590.0
  },
  "weighted avg": {
    "precision": 0.625395001436369,
    "recall": 0.6406779661016949,
    "f1-score": 0.6070411665093138,
    "support": 590.0
  },
  "auc": 0.6535567632850242,
  "pr_auc": 0.5592832810326973,
  "brier": 0.22029071537908512,
  "win_rate": 0.576271186440678,
  "label_2_support": 0,
  "label_1_support": 230,
  "label_-1_support": 210,
  "label_0_support": 150,
  "avg_roi": 0.0005450681201182306,
  "sharpe": 4.109658034507227
}