{
  "0": {
    "precision": 0.4304932735426009,
    "recall": 0.5714285714285714,
    "f1-score": 0.49104859335038364,
    "support": 168.0
  },
  "1": {
    "precision": 0.7165354330708661,
    "recall": 0.5889967637540453,
    "f1-score": 0.6465364120781527,
    "support": 309.0
  },
  "accuracy": 0.5828092243186582,
  "macro avg": {
    "precision": 0.5735143533067335,
    "recall": 0.5802126675913084,
    "f1-score": 0.5687925027142682,
    "support": 477.0
  },
  "weighted avg": {
    "precision": 0.6157910246835526,
    "recall": 0.5828092243186582,
    "f1-score": 0.5917734067400705,
    "support": 477.0
  },
  "auc": 0.6058329480659578,
  "pr_auc": 0.7163597577831823,
  "brier": 0.23816235450183212,
  "win_rate": 0.7165354330708661,
  "label_2_support": 0,
  "label_1_support": 309,
  "label_-1_support": 152,
  "label_0_support": 16,
  "avg_roi": 0.0001696297840680927,
  "sharpe": 0.6516234482537201
}