{
  "0": {
    "precision": 0.373134328358209,
    "recall": 0.5319148936170213,
    "f1-score": 0.43859649122807015,
    "support": 94.0
  },
  "1": {
    "precision": 0.45,
    "recall": 0.3,
    "f1-score": 0.36,
    "support": 120.0
  },
  "accuracy": 0.40186915887850466,
  "macro avg": {
    "precision": 0.4115671641791045,
    "recall": 0.41595744680851066,
    "f1-score": 0.39929824561403504,
    "support": 214.0
  },
  "weighted avg": {
    "precision": 0.41623657413865256,
    "recall": 0.40186915887850466,
    "f1-score": 0.39452369240859153,
    "support": 214.0
  },
  "auc": 0.41360815602836887,
  "label_2_support": 0,
  "label_1_support": 120,
  "label_-1_support": 90,
  "label_0_support": 4
}