{
  "0": {
    "precision": 0.8421052631578947,
    "recall": 0.6549707602339181,
    "f1-score": 0.7368421052631579,
    "support": 171.0
  },
  "1": {
    "precision": 0.2716049382716049,
    "recall": 0.5116279069767442,
    "f1-score": 0.3548387096774194,
    "support": 43.0
  },
  "accuracy": 0.6261682242990654,
  "macro avg": {
    "precision": 0.5568551007147498,
    "recall": 0.5832993336053311,
    "f1-score": 0.5458404074702886,
    "support": 214.0
  },
  "weighted avg": {
    "precision": 0.7274720203069113,
    "recall": 0.6261682242990654,
    "f1-score": 0.6600844136267712,
    "support": 214.0
  },
  "auc": 0.6256629946960424,
  "label_2_support": 0,
  "label_1_support": 43,
  "label_-1_support": 48,
  "label_0_support": 123
}