{
  "0": {
    "precision": 0.8037383177570093,
    "recall": 0.5850340136054422,
    "f1-score": 0.6771653543307087,
    "support": 147.0
  },
  "1": {
    "precision": 0.42990654205607476,
    "recall": 0.6865671641791045,
    "f1-score": 0.5287356321839081,
    "support": 67.0
  },
  "accuracy": 0.616822429906542,
  "macro avg": {
    "precision": 0.616822429906542,
    "recall": 0.6358005888922733,
    "f1-score": 0.6029504932573084,
    "support": 214.0
  },
  "weighted avg": {
    "precision": 0.6866975281683989,
    "recall": 0.616822429906542,
    "f1-score": 0.6306943665557758,
    "support": 214.0
  },
  "auc": 0.6649406031069143,
  "label_2_support": 0,
  "label_1_support": 67,
  "label_-1_support": 89,
  "label_0_support": 58
}