{
  "0": {
    "precision": 0.788659793814433,
    "recall": 0.9329268292682927,
    "f1-score": 0.8547486033519553,
    "support": 164.0
  },
  "1": {
    "precision": 0.42105263157894735,
    "recall": 0.16326530612244897,
    "f1-score": 0.23529411764705882,
    "support": 49.0
  },
  "accuracy": 0.755868544600939,
  "macro avg": {
    "precision": 0.6048562126966901,
    "recall": 0.5480960676953709,
    "f1-score": 0.5450213604995071,
    "support": 213.0
  },
  "weighted avg": {
    "precision": 0.7040928879480536,
    "recall": 0.755868544600939,
    "f1-score": 0.7122449892696082,
    "support": 213.0
  },
  "auc": 0.5999253359880538,
  "label_2_support": 0,
  "label_1_support": 49,
  "label_-1_support": 88,
  "label_0_support": 76
}