{
  "0": {
    "precision": 0.875,
    "recall": 0.5833333333333334,
    "f1-score": 0.7,
    "support": 156.0
  },
  "1": {
    "precision": 0.4090909090909091,
    "recall": 0.7758620689655172,
    "f1-score": 0.5357142857142857,
    "support": 58.0
  },
  "accuracy": 0.6355140186915887,
  "macro avg": {
    "precision": 0.6420454545454546,
    "recall": 0.6795977011494253,
    "f1-score": 0.6178571428571429,
    "support": 214.0
  },
  "weighted avg": {
    "precision": 0.7487255734919286,
    "recall": 0.6355140186915887,
    "f1-score": 0.6554739652870493,
    "support": 214.0
  },
  "auc": 0.6766688770999116,
  "label_2_support": 0,
  "label_1_support": 58,
  "label_-1_support": 55,
  "label_0_support": 101
}