{
  "0": {
    "precision": 0.8,
    "recall": 0.15483870967741936,
    "f1-score": 0.2594594594594595,
    "support": 155.0
  },
  "1": {
    "precision": 0.28415300546448086,
    "recall": 0.896551724137931,
    "f1-score": 0.4315352697095436,
    "support": 58.0
  },
  "accuracy": 0.3568075117370892,
  "macro avg": {
    "precision": 0.5420765027322405,
    "recall": 0.5256952169076752,
    "f1-score": 0.34549736458450153,
    "support": 213.0
  },
  "weighted avg": {
    "precision": 0.6595346212062906,
    "recall": 0.3568075117370892,
    "f1-score": 0.30631578337732274,
    "support": 213.0
  },
  "auc": 0.5377641824249166,
  "label_2_support": 0,
  "label_1_support": 58,
  "label_-1_support": 108,
  "label_0_support": 47
}