{
  "0": {
    "precision": 0.6813186813186813,
    "recall": 0.8794326241134752,
    "f1-score": 0.7678018575851393,
    "support": 141.0
  },
  "1": {
    "precision": 0.48484848484848486,
    "recall": 0.21621621621621623,
    "f1-score": 0.29906542056074764,
    "support": 74.0
  },
  "accuracy": 0.6511627906976745,
  "macro avg": {
    "precision": 0.5830835830835831,
    "recall": 0.5478244201648457,
    "f1-score": 0.5334336390729435,
    "support": 215.0
  },
  "weighted avg": {
    "precision": 0.6136963811382417,
    "recall": 0.6511627906976745,
    "f1-score": 0.6064693164697673,
    "support": 215.0
  },
  "auc": 0.5846271803718613,
  "label_2_support": 0,
  "label_1_support": 74,
  "label_-1_support": 67,
  "label_0_support": 74
}