{
  "0": {
    "precision": 0.8888888888888888,
    "recall": 0.10062893081761007,
    "f1-score": 0.1807909604519774,
    "support": 159.0
  },
  "1": {
    "precision": 0.26666666666666666,
    "recall": 0.9629629629629629,
    "f1-score": 0.41767068273092367,
    "support": 54.0
  },
  "accuracy": 0.3192488262910798,
  "macro avg": {
    "precision": 0.5777777777777777,
    "recall": 0.5317959468902865,
    "f1-score": 0.29923082159145054,
    "support": 213.0
  },
  "weighted avg": {
    "precision": 0.7311424100156494,
    "recall": 0.3192488262910798,
    "f1-score": 0.2408449745508652,
    "support": 213.0
  },
  "auc": 0.5662124388539482,
  "label_2_support": 0,
  "label_1_support": 54,
  "label_-1_support": 81,
  "label_0_support": 78
}