{
  "0": {
    "precision": 0.6981132075471698,
    "recall": 0.9866666666666667,
    "f1-score": 0.8176795580110497,
    "support": 150.0
  },
  "1": {
    "precision": 0.3333333333333333,
    "recall": 0.015384615384615385,
    "f1-score": 0.029411764705882353,
    "support": 65.0
  },
  "accuracy": 0.6930232558139535,
  "macro avg": {
    "precision": 0.5157232704402516,
    "recall": 0.5010256410256411,
    "f1-score": 0.42354566135846605,
    "support": 215.0
  },
  "weighted avg": {
    "precision": 0.5878309199941494,
    "recall": 0.6930232558139535,
    "f1-score": 0.5793660391048363,
    "support": 215.0
  },
  "auc": 0.4557948717948718,
  "label_2_support": 0,
  "label_1_support": 65,
  "label_-1_support": 82,
  "label_0_support": 68
}