{
  "0": {
    "precision": 0.7047619047619048,
    "recall": 0.9801324503311258,
    "f1-score": 0.8199445983379502,
    "support": 151.0
  },
  "1": {
    "precision": 0.5714285714285714,
    "recall": 0.06060606060606061,
    "f1-score": 0.1095890410958904,
    "support": 66.0
  },
  "accuracy": 0.7004608294930875,
  "macro avg": {
    "precision": 0.638095238095238,
    "recall": 0.5203692554685933,
    "f1-score": 0.4647668197169203,
    "support": 217.0
  },
  "weighted avg": {
    "precision": 0.6642089093701998,
    "recall": 0.7004608294930875,
    "f1-score": 0.6038917560431303,
    "support": 217.0
  },
  "auc": 0.6437387116195065,
  "label_2_support": 0,
  "label_1_support": 66,
  "label_-1_support": 47,
  "label_0_support": 104
}