{
  "0": {
    "precision": 0.6934673366834171,
    "recall": 0.965034965034965,
    "f1-score": 0.8070175438596491,
    "support": 143.0
  },
  "1": {
    "precision": 0.6428571428571429,
    "recall": 0.12857142857142856,
    "f1-score": 0.21428571428571427,
    "support": 70.0
  },
  "accuracy": 0.6901408450704225,
  "macro avg": {
    "precision": 0.66816223977028,
    "recall": 0.5468031968031968,
    "f1-score": 0.5106516290726817,
    "support": 213.0
  },
  "weighted avg": {
    "precision": 0.6768348786184444,
    "recall": 0.6901408450704225,
    "f1-score": 0.6122230458776047,
    "support": 213.0
  },
  "auc": 0.6034465534465534,
  "label_2_support": 0,
  "label_1_support": 70,
  "label_-1_support": 62,
  "label_0_support": 81
}