{
  "0": {
    "precision": 0.7383177570093458,
    "recall": 1.0,
    "f1-score": 0.8494623655913979,
    "support": 158.0
  },
  "1": {
    "precision": 0.0,
    "recall": 0.0,
    "f1-score": 0.0,
    "support": 56.0
  },
  "accuracy": 0.7383177570093458,
  "macro avg": {
    "precision": 0.3691588785046729,
    "recall": 0.5,
    "f1-score": 0.42473118279569894,
    "support": 214.0
  },
  "weighted avg": {
    "precision": 0.5451131103153113,
    "recall": 0.7383177570093458,
    "f1-score": 0.6271731484272938,
    "support": 214.0
  },
  "auc": 0.47479656419529837,
  "label_2_support": 0,
  "label_1_support": 56,
  "label_-1_support": 55,
  "label_0_support": 103
}