{
  "0": {
    "precision": 0.7417840375586855,
    "recall": 1.0,
    "f1-score": 0.8517520215633423,
    "support": 158.0
  },
  "1": {
    "precision": 1.0,
    "recall": 0.017857142857142856,
    "f1-score": 0.03508771929824561,
    "support": 56.0
  },
  "accuracy": 0.7429906542056075,
  "macro avg": {
    "precision": 0.8708920187793427,
    "recall": 0.5089285714285714,
    "f1-score": 0.44341987043079395,
    "support": 214.0
  },
  "weighted avg": {
    "precision": 0.8093545697863193,
    "recall": 0.7429906542056075,
    "f1-score": 0.6380454751762142,
    "support": 214.0
  },
  "auc": 0.6820185352622061,
  "label_2_support": 0,
  "label_1_support": 56,
  "label_-1_support": 72,
  "label_0_support": 86
}