{
  "0": {
    "precision": 0.7313432835820896,
    "recall": 0.9671052631578947,
    "f1-score": 0.8328611898016998,
    "support": 152.0
  },
  "1": {
    "precision": 0.6153846153846154,
    "recall": 0.12903225806451613,
    "f1-score": 0.21333333333333335,
    "support": 62.0
  },
  "accuracy": 0.7242990654205608,
  "macro avg": {
    "precision": 0.6733639494833525,
    "recall": 0.5480687606112054,
    "f1-score": 0.5230972615675166,
    "support": 214.0
  },
  "weighted avg": {
    "precision": 0.6977477815809522,
    "recall": 0.7242990654205608,
    "f1-score": 0.6533718108248833,
    "support": 214.0
  },
  "auc": 0.5446201188455008,
  "label_2_support": 0,
  "label_1_support": 62,
  "label_-1_support": 112,
  "label_0_support": 40
}