{
  "0": {
    "precision": 0.8778625954198473,
    "recall": 0.6927710843373494,
    "f1-score": 0.7744107744107744,
    "support": 166.0
  },
  "1": {
    "precision": 0.3780487804878049,
    "recall": 0.6595744680851063,
    "f1-score": 0.4806201550387597,
    "support": 47.0
  },
  "accuracy": 0.6854460093896714,
  "macro avg": {
    "precision": 0.6279556879538262,
    "recall": 0.6761727762112278,
    "f1-score": 0.627515464724767,
    "support": 213.0
  },
  "weighted avg": {
    "precision": 0.7675750400123075,
    "recall": 0.6854460093896713,
    "f1-score": 0.7095837363333816,
    "support": 213.0
  },
  "auc": 0.7317995385798512,
  "label_2_support": 0,
  "label_1_support": 47,
  "label_-1_support": 96,
  "label_0_support": 70
}