{
  "0": {
    "precision": 0.0,
    "recall": 0.0,
    "f1-score": 0.0,
    "support": 83.0
  },
  "1": {
    "precision": 0.6103286384976526,
    "recall": 1.0,
    "f1-score": 0.7580174927113703,
    "support": 130.0
  },
  "accuracy": 0.6103286384976526,
  "macro avg": {
    "precision": 0.3051643192488263,
    "recall": 0.5,
    "f1-score": 0.37900874635568516,
    "support": 213.0
  },
  "weighted avg": {
    "precision": 0.3725010469703983,
    "recall": 0.6103286384976526,
    "f1-score": 0.46263978428393493,
    "support": 213.0
  },
  "auc": 0.5638554216867471,
  "label_2_support": 0,
  "label_1_support": 130,
  "label_-1_support": 81,
  "label_0_support": 2
}