{
  "0": {
    "precision": 0.8578680203045685,
    "recall": 0.9184782608695652,
    "f1-score": 0.8871391076115486,
    "support": 184.0
  },
  "1": {
    "precision": 0.11764705882352941,
    "recall": 0.06666666666666667,
    "f1-score": 0.0851063829787234,
    "support": 30.0
  },
  "accuracy": 0.7990654205607477,
  "macro avg": {
    "precision": 0.487757539564049,
    "recall": 0.4925724637681159,
    "f1-score": 0.486122745295136,
    "support": 214.0
  },
  "weighted avg": {
    "precision": 0.7540987266390023,
    "recall": 0.7990654205607477,
    "f1-score": 0.7747046135041431,
    "support": 214.0
  },
  "auc": 0.49021739130434777,
  "label_2_support": 0,
  "label_1_support": 30,
  "label_-1_support": 48,
  "label_0_support": 136
}