{
  "0": {
    "precision": 0.660377358490566,
    "recall": 0.5785123966942148,
    "f1-score": 0.6167400881057269,
    "support": 121.0
  },
  "1": {
    "precision": 0.5446428571428571,
    "recall": 0.6288659793814433,
    "f1-score": 0.583732057416268,
    "support": 97.0
  },
  "accuracy": 0.6009174311926605,
  "macro avg": {
    "precision": 0.6025101078167115,
    "recall": 0.603689188037829,
    "f1-score": 0.6002360727609974,
    "support": 218.0
  },
  "weighted avg": {
    "precision": 0.6088808143129157,
    "recall": 0.6009174311926605,
    "f1-score": 0.6020530285787659,
    "support": 218.0
  },
  "auc": 0.5901848854051291,
  "label_2_support": 0,
  "label_1_support": 97,
  "label_-1_support": 80,
  "label_0_support": 41
}