{
  "0": {
    "precision": 0.6942675159235668,
    "recall": 0.7517241379310344,
    "f1-score": 0.7218543046357616,
    "support": 145.0
  },
  "1": {
    "precision": 0.3684210526315789,
    "recall": 0.30434782608695654,
    "f1-score": 0.3333333333333333,
    "support": 69.0
  },
  "accuracy": 0.6074766355140186,
  "macro avg": {
    "precision": 0.5313442842775729,
    "recall": 0.5280359820089955,
    "f1-score": 0.5275938189845475,
    "support": 214.0
  },
  "weighted avg": {
    "precision": 0.5892048712172717,
    "recall": 0.6074766355140186,
    "f1-score": 0.5965835241690909,
    "support": 214.0
  },
  "auc": 0.5207396301849075,
  "label_2_support": 0,
  "label_1_support": 69,
  "label_-1_support": 73,
  "label_0_support": 72
}