{
  "0": {
    "precision": 0.6530612244897959,
    "recall": 0.22535211267605634,
    "f1-score": 0.33507853403141363,
    "support": 142.0
  },
  "1": {
    "precision": 0.3333333333333333,
    "recall": 0.7638888888888888,
    "f1-score": 0.4641350210970464,
    "support": 72.0
  },
  "accuracy": 0.40654205607476634,
  "macro avg": {
    "precision": 0.4931972789115646,
    "recall": 0.4946205007824726,
    "f1-score": 0.39960677756423,
    "support": 214.0
  },
  "weighted avg": {
    "precision": 0.5454892237268739,
    "recall": 0.40654205607476634,
    "f1-score": 0.37849940818433686,
    "support": 214.0
  },
  "auc": 0.4255183881064163,
  "label_2_support": 0,
  "label_1_support": 72,
  "label_-1_support": 83,
  "label_0_support": 59
}