{
  "0": {
    "precision": 0.9152542372881356,
    "recall": 0.6545454545454545,
    "f1-score": 0.7632508833922261,
    "support": 165.0
  },
  "1": {
    "precision": 0.4,
    "recall": 0.7916666666666666,
    "f1-score": 0.5314685314685315,
    "support": 48.0
  },
  "accuracy": 0.6854460093896714,
  "macro avg": {
    "precision": 0.6576271186440679,
    "recall": 0.7231060606060606,
    "f1-score": 0.6473597074303787,
    "support": 213.0
  },
  "weighted avg": {
    "precision": 0.7991406063499642,
    "recall": 0.6854460093896714,
    "f1-score": 0.7110182407051964,
    "support": 213.0
  },
  "auc": 0.7232323232323232,
  "label_2_support": 0,
  "label_1_support": 48,
  "label_-1_support": 29,
  "label_0_support": 136
}