{
  "0": {
    "precision": 0.6597938144329897,
    "recall": 0.8888888888888888,
    "f1-score": 0.757396449704142,
    "support": 144.0
  },
  "1": {
    "precision": 0.2,
    "recall": 0.05714285714285714,
    "f1-score": 0.08888888888888889,
    "support": 70.0
  },
  "accuracy": 0.616822429906542,
  "macro avg": {
    "precision": 0.4298969072164949,
    "recall": 0.473015873015873,
    "f1-score": 0.42314266929651545,
    "support": 214.0
  },
  "weighted avg": {
    "precision": 0.509393968590423,
    "recall": 0.616822429906542,
    "f1-score": 0.5387257522412088,
    "support": 214.0
  },
  "auc": 0.5418154761904763,
  "label_2_support": 0,
  "label_1_support": 70,
  "label_-1_support": 71,
  "label_0_support": 73
}