{
  "0": {
    "precision": 0.7377049180327869,
    "recall": 0.8881578947368421,
    "f1-score": 0.8059701492537313,
    "support": 152.0
  },
  "1": {
    "precision": 0.43333333333333335,
    "recall": 0.21311475409836064,
    "f1-score": 0.2857142857142857,
    "support": 61.0
  },
  "accuracy": 0.6948356807511737,
  "macro avg": {
    "precision": 0.5855191256830601,
    "recall": 0.5506363244176014,
    "f1-score": 0.5458422174840085,
    "support": 213.0
  },
  "weighted avg": {
    "precision": 0.6505374688935068,
    "recall": 0.6948356807511737,
    "f1-score": 0.6569766859865662,
    "support": 213.0
  },
  "auc": 0.5519305435720447,
  "label_2_support": 0,
  "label_1_support": 61,
  "label_-1_support": 65,
  "label_0_support": 87
}