{
  "0": {
    "precision": 0.7183098591549296,
    "recall": 1.0,
    "f1-score": 0.8360655737704918,
    "support": 153.0
  },
  "1": {
    "precision": 0.0,
    "recall": 0.0,
    "f1-score": 0.0,
    "support": 60.0
  },
  "accuracy": 0.7183098591549296,
  "macro avg": {
    "precision": 0.3591549295774648,
    "recall": 0.5,
    "f1-score": 0.4180327868852459,
    "support": 213.0
  },
  "weighted avg": {
    "precision": 0.5159690537591748,
    "recall": 0.7183098591549296,
    "f1-score": 0.6005541445393674,
    "support": 213.0
  },
  "auc": 0.4982570806100218,
  "label_2_support": 0,
  "label_1_support": 60,
  "label_-1_support": 57,
  "label_0_support": 96
}