{
  "0": {
    "precision": 0.7593582887700535,
    "recall": 0.8819875776397516,
    "f1-score": 0.8160919540229885,
    "support": 161.0
  },
  "1": {
    "precision": 0.2962962962962963,
    "recall": 0.1509433962264151,
    "f1-score": 0.2,
    "support": 53.0
  },
  "accuracy": 0.7009345794392523,
  "macro avg": {
    "precision": 0.5278272925331748,
    "recall": 0.5164654869330834,
    "f1-score": 0.5080459770114942,
    "support": 214.0
  },
  "weighted avg": {
    "precision": 0.6446747111947773,
    "recall": 0.7009345794392523,
    "f1-score": 0.6635084326995381,
    "support": 214.0
  },
  "auc": 0.6045353334114614,
  "label_2_support": 0,
  "label_1_support": 53,
  "label_-1_support": 43,
  "label_0_support": 118
}