{
  "0": {
    "precision": 0.7027027027027027,
    "recall": 0.896551724137931,
    "f1-score": 0.7878787878787878,
    "support": 145.0
  },
  "1": {
    "precision": 0.4827586206896552,
    "recall": 0.2028985507246377,
    "f1-score": 0.2857142857142857,
    "support": 69.0
  },
  "accuracy": 0.6728971962616822,
  "macro avg": {
    "precision": 0.5927306616961789,
    "recall": 0.5497251374312844,
    "f1-score": 0.5367965367965368,
    "support": 214.0
  },
  "weighted avg": {
    "precision": 0.6317861528947575,
    "recall": 0.6728971962616822,
    "f1-score": 0.6259659343771493,
    "support": 214.0
  },
  "auc": 0.6405297351324338,
  "label_2_support": 0,
  "label_1_support": 69,
  "label_-1_support": 81,
  "label_0_support": 64
}