{
  "0": {
    "precision": 0.8061224489795918,
    "recall": 0.9575757575757575,
    "f1-score": 0.8753462603878116,
    "support": 165.0
  },
  "1": {
    "precision": 0.65,
    "recall": 0.2549019607843137,
    "f1-score": 0.36619718309859156,
    "support": 51.0
  },
  "accuracy": 0.7916666666666666,
  "macro avg": {
    "precision": 0.7280612244897959,
    "recall": 0.6062388591800356,
    "f1-score": 0.6207717217432016,
    "support": 216.0
  },
  "weighted avg": {
    "precision": 0.7692602040816326,
    "recall": 0.7916666666666666,
    "f1-score": 0.7551305060278568,
    "support": 216.0
  },
  "auc": 0.5764111705288175,
  "label_2_support": 0,
  "label_1_support": 51,
  "label_-1_support": 32,
  "label_0_support": 133
}