{
  "0": {
    "precision": 0.5483870967741935,
    "recall": 0.49514563106796117,
    "f1-score": 0.5204081632653061,
    "support": 103.0
  },
  "1": {
    "precision": 0.40229885057471265,
    "recall": 0.45454545454545453,
    "f1-score": 0.4268292682926829,
    "support": 77.0
  },
  "accuracy": 0.4777777777777778,
  "macro avg": {
    "precision": 0.4753429736744531,
    "recall": 0.4748455428067079,
    "f1-score": 0.4736187157789945,
    "support": 180.0
  },
  "weighted avg": {
    "precision": 0.4858937914555267,
    "recall": 0.4777777777777778,
    "f1-score": 0.4803771915270174,
    "support": 180.0
  },
  "auc": 0.4939477997730425,
  "label_2_support": 0,
  "label_1_support": 77,
  "label_-1_support": 56,
  "label_0_support": 47
}