{
  "0": {
    "precision": 0.6233766233766234,
    "recall": 0.3057324840764331,
    "f1-score": 0.41025641025641024,
    "support": 157.0
  },
  "1": {
    "precision": 0.19852941176470587,
    "recall": 0.48214285714285715,
    "f1-score": 0.28125,
    "support": 56.0
  },
  "accuracy": 0.352112676056338,
  "macro avg": {
    "precision": 0.4109530175706646,
    "recall": 0.39393767060964513,
    "f1-score": 0.3457532051282051,
    "support": 213.0
  },
  "weighted avg": {
    "precision": 0.5116797038918,
    "recall": 0.352112676056338,
    "f1-score": 0.37633923197303476,
    "support": 213.0
  },
  "auc": 0.403434940855323,
  "label_2_support": 0,
  "label_1_support": 56,
  "label_-1_support": 106,
  "label_0_support": 51
}