{
  "0": {
    "precision": 0.7804878048780488,
    "recall": 0.6575342465753424,
    "f1-score": 0.7137546468401487,
    "support": 146.0
  },
  "1": {
    "precision": 0.45054945054945056,
    "recall": 0.6029411764705882,
    "f1-score": 0.5157232704402516,
    "support": 68.0
  },
  "accuracy": 0.6401869158878505,
  "macro avg": {
    "precision": 0.6155186277137497,
    "recall": 0.6302377115229654,
    "f1-score": 0.6147389586402001,
    "support": 214.0
  },
  "weighted avg": {
    "precision": 0.6756475801381204,
    "recall": 0.6401869158878505,
    "f1-score": 0.650828788918686,
    "support": 214.0
  },
  "auc": 0.64977840451249,
  "label_2_support": 0,
  "label_1_support": 68,
  "label_-1_support": 95,
  "label_0_support": 51
}