{
  "0": {
    "precision": 0.6923076923076923,
    "recall": 0.8796992481203008,
    "f1-score": 0.7748344370860927,
    "support": 133.0
  },
  "1": {
    "precision": 0.6444444444444445,
    "recall": 0.35802469135802467,
    "f1-score": 0.4603174603174603,
    "support": 81.0
  },
  "accuracy": 0.6822429906542056,
  "macro avg": {
    "precision": 0.6683760683760684,
    "recall": 0.6188619697391627,
    "f1-score": 0.6175759487017765,
    "support": 214.0
  },
  "weighted avg": {
    "precision": 0.6741912293314163,
    "recall": 0.6822429906542056,
    "f1-score": 0.6557882916736664,
    "support": 214.0
  },
  "auc": 0.7011046133853152,
  "label_2_support": 0,
  "label_1_support": 81,
  "label_-1_support": 87,
  "label_0_support": 46
}