{
  "0": {
    "precision": 0.7944444444444444,
    "recall": 0.8773006134969326,
    "f1-score": 0.8338192419825073,
    "support": 163.0
  },
  "1": {
    "precision": 0.4444444444444444,
    "recall": 0.3018867924528302,
    "f1-score": 0.3595505617977528,
    "support": 53.0
  },
  "accuracy": 0.7361111111111112,
  "macro avg": {
    "precision": 0.6194444444444445,
    "recall": 0.5895937029748813,
    "f1-score": 0.5966849018901301,
    "support": 216.0
  },
  "weighted avg": {
    "precision": 0.7085648148148147,
    "recall": 0.7361111111111112,
    "f1-score": 0.7174477602705074,
    "support": 216.0
  },
  "auc": 0.6856117606204422,
  "label_2_support": 0,
  "label_1_support": 53,
  "label_-1_support": 44,
  "label_0_support": 119
}