{
  "0": {
    "precision": 0.6973684210526315,
    "recall": 0.6973684210526315,
    "f1-score": 0.6973684210526315,
    "support": 152.0
  },
  "1": {
    "precision": 0.2459016393442623,
    "recall": 0.2459016393442623,
    "f1-score": 0.2459016393442623,
    "support": 61.0
  },
  "accuracy": 0.568075117370892,
  "macro avg": {
    "precision": 0.4716350301984469,
    "recall": 0.4716350301984469,
    "f1-score": 0.4716350301984469,
    "support": 213.0
  },
  "weighted avg": {
    "precision": 0.568075117370892,
    "recall": 0.568075117370892,
    "f1-score": 0.568075117370892,
    "support": 213.0
  },
  "auc": 0.46322260569456425,
  "label_2_support": 0,
  "label_1_support": 61,
  "label_-1_support": 123,
  "label_0_support": 29
}