{
  "0": {
    "precision": 0.6666666666666666,
    "recall": 0.37333333333333335,
    "f1-score": 0.47863247863247865,
    "support": 150.0
  },
  "1": {
    "precision": 0.2713178294573643,
    "recall": 0.5555555555555556,
    "f1-score": 0.3645833333333333,
    "support": 63.0
  },
  "accuracy": 0.4272300469483568,
  "macro avg": {
    "precision": 0.46899224806201545,
    "recall": 0.46444444444444444,
    "f1-score": 0.421607905982906,
    "support": 213.0
  },
  "weighted avg": {
    "precision": 0.5497325035484224,
    "recall": 0.4272300469483568,
    "f1-score": 0.4448996328397737,
    "support": 213.0
  },
  "auc": 0.4495238095238095,
  "label_2_support": 0,
  "label_1_support": 63,
  "label_-1_support": 46,
  "label_0_support": 104
}