{
  "0": {
    "precision": 0.7697368421052632,
    "recall": 0.7959183673469388,
    "f1-score": 0.782608695652174,
    "support": 147.0
  },
  "1": {
    "precision": 0.5238095238095238,
    "recall": 0.4852941176470588,
    "f1-score": 0.5038167938931297,
    "support": 68.0
  },
  "accuracy": 0.6976744186046512,
  "macro avg": {
    "precision": 0.6467731829573935,
    "recall": 0.6406062424969988,
    "f1-score": 0.6432127447726519,
    "support": 215.0
  },
  "weighted avg": {
    "precision": 0.6919551786442851,
    "recall": 0.6976744186046512,
    "f1-score": 0.6944326523051274,
    "support": 215.0
  },
  "auc": 0.6732693077230892,
  "label_2_support": 0,
  "label_1_support": 68,
  "label_-1_support": 85,
  "label_0_support": 62
}