{
  "0": {
    "precision": 0.8115942028985508,
    "recall": 0.32941176470588235,
    "f1-score": 0.4686192468619247,
    "support": 170.0
  },
  "1": {
    "precision": 0.21379310344827587,
    "recall": 0.7045454545454546,
    "f1-score": 0.328042328042328,
    "support": 44.0
  },
  "accuracy": 0.40654205607476634,
  "macro avg": {
    "precision": 0.5126936531734133,
    "recall": 0.5169786096256684,
    "f1-score": 0.39833078745212636,
    "support": 214.0
  },
  "weighted avg": {
    "precision": 0.6886818273106438,
    "recall": 0.40654205607476634,
    "f1-score": 0.4397155813102319,
    "support": 214.0
  },
  "auc": 0.44933155080213905,
  "label_2_support": 0,
  "label_1_support": 44,
  "label_-1_support": 76,
  "label_0_support": 94
}