{
  "0": {
    "precision": 0.7766990291262136,
    "recall": 0.975609756097561,
    "f1-score": 0.8648648648648649,
    "support": 164.0
  },
  "1": {
    "precision": 0.42857142857142855,
    "recall": 0.061224489795918366,
    "f1-score": 0.10714285714285714,
    "support": 49.0
  },
  "accuracy": 0.7652582159624414,
  "macro avg": {
    "precision": 0.602635228848821,
    "recall": 0.5184171229467397,
    "f1-score": 0.486003861003861,
    "support": 213.0
  },
  "weighted avg": {
    "precision": 0.6966133369798077,
    "recall": 0.7652582159624414,
    "f1-score": 0.6905532292856237,
    "support": 213.0
  },
  "auc": 0.56327775012444,
  "label_2_support": 0,
  "label_1_support": 49,
  "label_-1_support": 31,
  "label_0_support": 133
}