{
  "0": {
    "precision": 0.6129032258064516,
    "recall": 0.12418300653594772,
    "f1-score": 0.20652173913043478,
    "support": 153.0
  },
  "1": {
    "precision": 0.26373626373626374,
    "recall": 0.8,
    "f1-score": 0.39669421487603307,
    "support": 60.0
  },
  "accuracy": 0.3145539906103286,
  "macro avg": {
    "precision": 0.4383197447713577,
    "recall": 0.4620915032679739,
    "f1-score": 0.30160797700323394,
    "support": 213.0
  },
  "weighted avg": {
    "precision": 0.5145463350824551,
    "recall": 0.3145539906103286,
    "f1-score": 0.2600914506080681,
    "support": 213.0
  },
  "auc": 0.4206971677559913,
  "label_2_support": 0,
  "label_1_support": 60,
  "label_-1_support": 108,
  "label_0_support": 45
}