{
  "0": {
    "precision": 0.7323943661971831,
    "recall": 0.6797385620915033,
    "f1-score": 0.7050847457627119,
    "support": 153.0
  },
  "1": {
    "precision": 0.3287671232876712,
    "recall": 0.3870967741935484,
    "f1-score": 0.35555555555555557,
    "support": 62.0
  },
  "accuracy": 0.5953488372093023,
  "macro avg": {
    "precision": 0.5305807447424271,
    "recall": 0.5334176681425258,
    "f1-score": 0.5303201506591337,
    "support": 215.0
  },
  "weighted avg": {
    "precision": 0.615999533358161,
    "recall": 0.5953488372093023,
    "f1-score": 0.6042902816099505,
    "support": 215.0
  },
  "auc": 0.5765865485979338,
  "label_2_support": 0,
  "label_1_support": 62,
  "label_-1_support": 72,
  "label_0_support": 81
}