{
  "0": {
    "precision": 0.8556149732620321,
    "recall": 0.9142857142857143,
    "f1-score": 0.8839779005524862,
    "support": 175.0
  },
  "1": {
    "precision": 0.4444444444444444,
    "recall": 0.3076923076923077,
    "f1-score": 0.36363636363636365,
    "support": 39.0
  },
  "accuracy": 0.8037383177570093,
  "macro avg": {
    "precision": 0.6500297088532383,
    "recall": 0.610989010989011,
    "f1-score": 0.623807132094425,
    "support": 214.0
  },
  "weighted avg": {
    "precision": 0.7806820264214437,
    "recall": 0.8037383177570093,
    "f1-score": 0.7891493027032863,
    "support": 214.0
  },
  "auc": 0.7231501831501832,
  "label_2_support": 0,
  "label_1_support": 39,
  "label_-1_support": 42,
  "label_0_support": 133
}