{
  "0": {
    "precision": 0.7529411764705882,
    "recall": 0.8366013071895425,
    "f1-score": 0.7925696594427245,
    "support": 153.0
  },
  "1": {
    "precision": 0.4444444444444444,
    "recall": 0.3225806451612903,
    "f1-score": 0.37383177570093457,
    "support": 62.0
  },
  "accuracy": 0.6883720930232559,
  "macro avg": {
    "precision": 0.5986928104575163,
    "recall": 0.5795909761754164,
    "f1-score": 0.5832007175718296,
    "support": 215.0
  },
  "weighted avg": {
    "precision": 0.6639793281653747,
    "recall": 0.6883720930232559,
    "f1-score": 0.6718173394799758,
    "support": 215.0
  },
  "auc": 0.6868016023613747,
  "label_2_support": 0,
  "label_1_support": 62,
  "label_-1_support": 77,
  "label_0_support": 76
}