{
  "0": {
    "precision": 0.6258064516129033,
    "recall": 0.7404580152671756,
    "f1-score": 0.6783216783216783,
    "support": 131.0
  },
  "1": {
    "precision": 0.423728813559322,
    "recall": 0.30120481927710846,
    "f1-score": 0.352112676056338,
    "support": 83.0
  },
  "accuracy": 0.5700934579439252,
  "macro avg": {
    "precision": 0.5247676325861126,
    "recall": 0.520831417272142,
    "f1-score": 0.5152171771890082,
    "support": 214.0
  },
  "weighted avg": {
    "precision": 0.547430545265019,
    "recall": 0.5700934579439252,
    "f1-score": 0.551801364358953,
    "support": 214.0
  },
  "auc": 0.5046445323277844,
  "label_2_support": 0,
  "label_1_support": 83,
  "label_-1_support": 67,
  "label_0_support": 64
}