{
  "0": {
    "precision": 0.7375,
    "recall": 0.7515923566878981,
    "f1-score": 0.7444794952681388,
    "support": 157.0
  },
  "1": {
    "precision": 0.2641509433962264,
    "recall": 0.25,
    "f1-score": 0.25688073394495414,
    "support": 56.0
  },
  "accuracy": 0.6197183098591549,
  "macro avg": {
    "precision": 0.5008254716981132,
    "recall": 0.5007961783439491,
    "f1-score": 0.5006801146065465,
    "support": 213.0
  },
  "weighted avg": {
    "precision": 0.6130514217379751,
    "recall": 0.6197183098591549,
    "f1-score": 0.6162845157653296,
    "support": 213.0
  },
  "auc": 0.5753525932666059,
  "label_2_support": 0,
  "label_1_support": 56,
  "label_-1_support": 37,
  "label_0_support": 120
}