{
  "0": {
    "precision": 0.5964912280701754,
    "recall": 0.7555555555555555,
    "f1-score": 0.6666666666666666,
    "support": 135.0
  },
  "1": {
    "precision": 0.21428571428571427,
    "recall": 0.11538461538461539,
    "f1-score": 0.15,
    "support": 78.0
  },
  "accuracy": 0.5211267605633803,
  "macro avg": {
    "precision": 0.40538847117794485,
    "recall": 0.4354700854700855,
    "f1-score": 0.4083333333333333,
    "support": 213.0
  },
  "weighted avg": {
    "precision": 0.45652864555755585,
    "recall": 0.5211267605633803,
    "f1-score": 0.4774647887323944,
    "support": 213.0
  },
  "auc": 0.446011396011396,
  "label_2_support": 0,
  "label_1_support": 78,
  "label_-1_support": 75,
  "label_0_support": 60
}