{
  "0": {
    "precision": 0.7934782608695652,
    "recall": 0.874251497005988,
    "f1-score": 0.8319088319088319,
    "support": 167.0
  },
  "1": {
    "precision": 0.3,
    "recall": 0.19148936170212766,
    "f1-score": 0.23376623376623376,
    "support": 47.0
  },
  "accuracy": 0.7242990654205608,
  "macro avg": {
    "precision": 0.5467391304347826,
    "recall": 0.5328704293540578,
    "f1-score": 0.5328375328375329,
    "support": 214.0
  },
  "weighted avg": {
    "precision": 0.6850975213327914,
    "recall": 0.7242990654205608,
    "f1-score": 0.7005410650270464,
    "support": 214.0
  },
  "auc": 0.5198751433303606,
  "label_2_support": 0,
  "label_1_support": 47,
  "label_-1_support": 99,
  "label_0_support": 68
}