{
  "0": {
    "precision": 0.7857142857142857,
    "recall": 0.89375,
    "f1-score": 0.8362573099415205,
    "support": 160.0
  },
  "1": {
    "precision": 0.46875,
    "recall": 0.2777777777777778,
    "f1-score": 0.3488372093023256,
    "support": 54.0
  },
  "accuracy": 0.7383177570093458,
  "macro avg": {
    "precision": 0.6272321428571428,
    "recall": 0.585763888888889,
    "f1-score": 0.592547259621923,
    "support": 214.0
  },
  "weighted avg": {
    "precision": 0.7057326435246997,
    "recall": 0.7383177570093458,
    "f1-score": 0.7132634527708825,
    "support": 214.0
  },
  "auc": 0.5663194444444444,
  "label_2_support": 0,
  "label_1_support": 54,
  "label_-1_support": 66,
  "label_0_support": 94
}