{
  "0": {
    "precision": 0.7547169811320755,
    "recall": 0.9937888198757764,
    "f1-score": 0.8579088471849866,
    "support": 161.0
  },
  "1": {
    "precision": 0.5,
    "recall": 0.018867924528301886,
    "f1-score": 0.03636363636363636,
    "support": 53.0
  },
  "accuracy": 0.7523364485981309,
  "macro avg": {
    "precision": 0.6273584905660378,
    "recall": 0.5063283722020392,
    "f1-score": 0.4471362417743115,
    "support": 214.0
  },
  "weighted avg": {
    "precision": 0.6916328689825427,
    "recall": 0.7523364485981309,
    "f1-score": 0.6544420426357737,
    "support": 214.0
  },
  "auc": 0.5583030587132309,
  "label_2_support": 0,
  "label_1_support": 53,
  "label_-1_support": 63,
  "label_0_support": 98
}