{
  "0": {
    "precision": 0.7788461538461539,
    "recall": 0.5294117647058824,
    "f1-score": 0.6303501945525292,
    "support": 153.0
  },
  "1": {
    "precision": 0.34545454545454546,
    "recall": 0.6229508196721312,
    "f1-score": 0.4444444444444444,
    "support": 61.0
  },
  "accuracy": 0.5560747663551402,
  "macro avg": {
    "precision": 0.5621503496503497,
    "recall": 0.5761812921890068,
    "f1-score": 0.5373973194984868,
    "support": 214.0
  },
  "weighted avg": {
    "precision": 0.655309293510228,
    "recall": 0.5560747663551402,
    "f1-score": 0.5773583685871405,
    "support": 214.0
  },
  "auc": 0.5802528661737919,
  "label_2_support": 0,
  "label_1_support": 61,
  "label_-1_support": 97,
  "label_0_support": 56
}