{
  "0": {
    "precision": 0.6271186440677966,
    "recall": 0.5736434108527132,
    "f1-score": 0.5991902834008097,
    "support": 129.0
  },
  "1": {
    "precision": 0.42105263157894735,
    "recall": 0.47619047619047616,
    "f1-score": 0.44692737430167595,
    "support": 84.0
  },
  "accuracy": 0.5352112676056338,
  "macro avg": {
    "precision": 0.524085637823372,
    "recall": 0.5249169435215947,
    "f1-score": 0.5230588288512428,
    "support": 213.0
  },
  "weighted avg": {
    "precision": 0.5458531743538841,
    "recall": 0.5352112676056338,
    "f1-score": 0.5391429389673486,
    "support": 213.0
  },
  "auc": 0.5095976375046143,
  "label_2_support": 0,
  "label_1_support": 84,
  "label_-1_support": 74,
  "label_0_support": 55
}