{
  "0": {
    "precision": 0.6785714285714286,
    "recall": 0.7862068965517242,
    "f1-score": 0.7284345047923323,
    "support": 145.0
  },
  "1": {
    "precision": 0.3673469387755102,
    "recall": 0.25,
    "f1-score": 0.2975206611570248,
    "support": 72.0
  },
  "accuracy": 0.6082949308755761,
  "macro avg": {
    "precision": 0.5229591836734694,
    "recall": 0.5181034482758621,
    "f1-score": 0.5129775829746785,
    "support": 217.0
  },
  "weighted avg": {
    "precision": 0.5753080033856861,
    "recall": 0.6082949308755761,
    "f1-score": 0.585458482940986,
    "support": 217.0
  },
  "auc": 0.5424329501915709,
  "label_2_support": 0,
  "label_1_support": 72,
  "label_-1_support": 70,
  "label_0_support": 75
}