{
  "0": {
    "precision": 0.8118811881188119,
    "recall": 0.9590643274853801,
    "f1-score": 0.8793565683646113,
    "support": 171.0
  },
  "1": {
    "precision": 0.4166666666666667,
    "recall": 0.11627906976744186,
    "f1-score": 0.18181818181818182,
    "support": 43.0
  },
  "accuracy": 0.7897196261682243,
  "macro avg": {
    "precision": 0.6142739273927393,
    "recall": 0.537671698626411,
    "f1-score": 0.5305873750913965,
    "support": 214.0
  },
  "weighted avg": {
    "precision": 0.7324689244625396,
    "recall": 0.7897196261682243,
    "f1-score": 0.7391969860211698,
    "support": 214.0
  },
  "auc": 0.6481708146334829,
  "label_2_support": 0,
  "label_1_support": 43,
  "label_-1_support": 76,
  "label_0_support": 95
}