{
  "0": {
    "precision": 0.8736263736263736,
    "recall": 0.8688524590163934,
    "f1-score": 0.8712328767123287,
    "support": 183.0
  },
  "1": {
    "precision": 0.22580645161290322,
    "recall": 0.23333333333333334,
    "f1-score": 0.22950819672131148,
    "support": 30.0
  },
  "accuracy": 0.7793427230046949,
  "macro avg": {
    "precision": 0.5497164126196384,
    "recall": 0.5510928961748633,
    "f1-score": 0.5503705367168201,
    "support": 213.0
  },
  "weighted avg": {
    "precision": 0.7823841310892651,
    "recall": 0.7793427230046949,
    "f1-score": 0.7808491189671151,
    "support": 213.0
  },
  "auc": 0.7880692167577413,
  "label_2_support": 0,
  "label_1_support": 30,
  "label_-1_support": 48,
  "label_0_support": 135
}