{
  "0": {
    "precision": 0.8685714285714285,
    "recall": 0.8491620111731844,
    "f1-score": 0.8587570621468926,
    "support": 179.0
  },
  "1": {
    "precision": 0.325,
    "recall": 0.3611111111111111,
    "f1-score": 0.34210526315789475,
    "support": 36.0
  },
  "accuracy": 0.7674418604651163,
  "macro avg": {
    "precision": 0.5967857142857143,
    "recall": 0.6051365611421478,
    "f1-score": 0.6004311626523937,
    "support": 215.0
  },
  "weighted avg": {
    "precision": 0.7775548172757475,
    "recall": 0.7674418604651163,
    "f1-score": 0.7722479237115256,
    "support": 215.0
  },
  "auc": 0.7192737430167597,
  "label_2_support": 0,
  "label_1_support": 36,
  "label_-1_support": 35,
  "label_0_support": 144
}