{
  "0": {
    "precision": 0.6869158878504673,
    "recall": 1.0,
    "f1-score": 0.814404432132964,
    "support": 147.0
  },
  "1": {
    "precision": 0.0,
    "recall": 0.0,
    "f1-score": 0.0,
    "support": 67.0
  },
  "accuracy": 0.6869158878504673,
  "macro avg": {
    "precision": 0.34345794392523366,
    "recall": 0.5,
    "f1-score": 0.407202216066482,
    "support": 214.0
  },
  "weighted avg": {
    "precision": 0.47185343698139576,
    "recall": 0.6869158878504673,
    "f1-score": 0.5594273435679706,
    "support": 214.0
  },
  "auc": 0.5757437303279521,
  "label_2_support": 0,
  "label_1_support": 67,
  "label_-1_support": 57,
  "label_0_support": 90
}