{
  "0": {
    "precision": 0.7431693989071039,
    "recall": 0.9066666666666666,
    "f1-score": 0.8168168168168168,
    "support": 150.0
  },
  "1": {
    "precision": 0.5483870967741935,
    "recall": 0.265625,
    "f1-score": 0.35789473684210527,
    "support": 64.0
  },
  "accuracy": 0.7149532710280374,
  "macro avg": {
    "precision": 0.6457782478406486,
    "recall": 0.5861458333333334,
    "f1-score": 0.587355776829461,
    "support": 214.0
  },
  "weighted avg": {
    "precision": 0.6849167478019345,
    "recall": 0.7149532710280374,
    "f1-score": 0.6795690919645666,
    "support": 214.0
  },
  "auc": 0.6294791666666667,
  "label_2_support": 0,
  "label_1_support": 64,
  "label_-1_support": 105,
  "label_0_support": 45
}