{
  "0": {
    "precision": 0.6835236541598695,
    "recall": 0.5669824086603519,
    "f1-score": 0.6198224852071006,
    "support": 739.0
  },
  "1": {
    "precision": 0.4405594405594406,
    "recall": 0.5650224215246636,
    "f1-score": 0.4950884086444008,
    "support": 446.0
  },
  "accuracy": 0.5662447257383966,
  "macro avg": {
    "precision": 0.5620415473596551,
    "recall": 0.5660024150925078,
    "f1-score": 0.5574554469257507,
    "support": 1185.0
  },
  "weighted avg": {
    "precision": 0.592078895285784,
    "recall": 0.5662447257383966,
    "f1-score": 0.5728761576569199,
    "support": 1185.0
  },
  "auc": 0.5953218201787653,
  "label_2_support": 0,
  "label_1_support": 446,
  "label_-1_support": 395,
  "label_0_support": 344
}