{
  "0": {
    "precision": 0.6586134453781513,
    "recall": 0.8038461538461539,
    "f1-score": 0.7240184757505773,
    "support": 780.0
  },
  "1": {
    "precision": 0.46875,
    "recall": 0.29347826086956524,
    "f1-score": 0.3609625668449198,
    "support": 460.0
  },
  "accuracy": 0.614516129032258,
  "macro avg": {
    "precision": 0.5636817226890756,
    "recall": 0.5486622073578595,
    "f1-score": 0.5424905212977486,
    "support": 1240.0
  },
  "weighted avg": {
    "precision": 0.5881802317701273,
    "recall": 0.614516129032258,
    "f1-score": 0.5893364450275108,
    "support": 1240.0
  },
  "auc": 0.5902118171683389,
  "label_2_support": 0,
  "label_1_support": 460,
  "label_-1_support": 445,
  "label_0_support": 335
}