{
  "0": {
    "precision": 0.8944487881157154,
    "recall": 0.8979591836734694,
    "f1-score": 0.8962005483744614,
    "support": 1274.0
  },
  "1": {
    "precision": 0.37799043062200954,
    "recall": 0.3691588785046729,
    "f1-score": 0.3735224586288416,
    "support": 214.0
  },
  "accuracy": 0.8219086021505376,
  "macro avg": {
    "precision": 0.6362196093688625,
    "recall": 0.6335590310890711,
    "f1-score": 0.6348615035016515,
    "support": 1488.0
  },
  "weighted avg": {
    "precision": 0.8201731910030453,
    "recall": 0.8219086021505376,
    "f1-score": 0.8210304467578198,
    "support": 1488.0
  },
  "auc": 0.7316898722105665,
  "label_2_support": 0,
  "label_1_support": 214,
  "label_-1_support": 246,
  "label_0_support": 1028
}