{
  "0": {
    "precision": 0.8550185873605948,
    "recall": 0.9255533199195171,
    "f1-score": 0.8888888888888888,
    "support": 994.0
  },
  "1": {
    "precision": 0.308411214953271,
    "recall": 0.1746031746031746,
    "f1-score": 0.22297297297297297,
    "support": 189.0
  },
  "accuracy": 0.8055790363482671,
  "macro avg": {
    "precision": 0.5817149011569329,
    "recall": 0.5500782472613458,
    "f1-score": 0.5559309309309309,
    "support": 1183.0
  },
  "weighted avg": {
    "precision": 0.7676907823014365,
    "recall": 0.8055790363482671,
    "f1-score": 0.7824999555768787,
    "support": 1183.0
  },
  "auc": 0.5918154429220827,
  "label_2_support": 0,
  "label_1_support": 189,
  "label_-1_support": 333,
  "label_0_support": 661
}