{
  "0": {
    "precision": 0.8357753357753358,
    "recall": 0.9856011519078474,
    "f1-score": 0.9045259332672613,
    "support": 1389.0
  },
  "1": {
    "precision": 0.25925925925925924,
    "recall": 0.025362318840579712,
    "f1-score": 0.0462046204620462,
    "support": 276.0
  },
  "accuracy": 0.8264264264264264,
  "macro avg": {
    "precision": 0.5475172975172975,
    "recall": 0.5054817353742136,
    "f1-score": 0.47536527686465374,
    "support": 1665.0
  },
  "weighted avg": {
    "precision": 0.7402087068753735,
    "recall": 0.8264264264264264,
    "f1-score": 0.7622456435770273,
    "support": 1665.0
  },
  "auc": 0.5961931741112885,
  "label_2_support": 0,
  "label_1_support": 276,
  "label_-1_support": 452,
  "label_0_support": 937
}