{
  "0": {
    "precision": 0.8879716981132075,
    "recall": 0.9817470664928292,
    "f1-score": 0.9325077399380804,
    "support": 767.0
  },
  "1": {
    "precision": 0.2631578947368421,
    "recall": 0.05,
    "f1-score": 0.08403361344537816,
    "support": 100.0
  },
  "accuracy": 0.8742791234140715,
  "macro avg": {
    "precision": 0.5755647964250248,
    "recall": 0.5158735332464146,
    "f1-score": 0.5082706766917293,
    "support": 867.0
  },
  "weighted avg": {
    "precision": 0.8159055154861756,
    "recall": 0.8742791234140715,
    "f1-score": 0.8346445188893259,
    "support": 867.0
  },
  "auc": 0.6954498044328553,
  "label_2_support": 0,
  "label_1_support": 100,
  "label_-1_support": 89,
  "label_0_support": 678
}