{
  "0": {
    "precision": 0.8445092322643343,
    "recall": 0.9808126410835214,
    "f1-score": 0.9075718015665797,
    "support": 886.0
  },
  "1": {
    "precision": 0.45161290322580644,
    "recall": 0.08045977011494253,
    "f1-score": 0.13658536585365855,
    "support": 174.0
  },
  "accuracy": 0.8330188679245283,
  "macro avg": {
    "precision": 0.6480610677450703,
    "recall": 0.530636205599232,
    "f1-score": 0.5220785837101192,
    "support": 1060.0
  },
  "weighted avg": {
    "precision": 0.7800149291957458,
    "recall": 0.8330188679245283,
    "f1-score": 0.7810136507986096,
    "support": 1060.0
  },
  "auc": 0.6565540593134583,
  "label_2_support": 0,
  "label_1_support": 174,
  "label_-1_support": 344,
  "label_0_support": 542
}