{
  "0": {
    "precision": 0.71900826446281,
    "recall": 0.8839966130397968,
    "f1-score": 0.7930117736422332,
    "support": 1181.0
  },
  "1": {
    "precision": 0.5934718100890207,
    "recall": 0.32894736842105265,
    "f1-score": 0.42328042328042326,
    "support": 608.0
  },
  "accuracy": 0.6953605366126328,
  "macro avg": {
    "precision": 0.6562400372759154,
    "recall": 0.6064719907304248,
    "f1-score": 0.6081460984613283,
    "support": 1789.0
  },
  "weighted avg": {
    "precision": 0.6763441145135289,
    "recall": 0.6953605366126328,
    "f1-score": 0.6673568485332446,
    "support": 1789.0
  },
  "auc": 0.6744263614688711,
  "label_2_support": 0,
  "label_1_support": 608,
  "label_-1_support": 528,
  "label_0_support": 653
}