{
  "0": {
    "precision": 0.8632010943912448,
    "recall": 0.9984177215189873,
    "f1-score": 0.925898752751284,
    "support": 1264.0
  },
  "1": {
    "precision": 0.0,
    "recall": 0.0,
    "f1-score": 0.0,
    "support": 200.0
  },
  "accuracy": 0.8620218579234973,
  "macro avg": {
    "precision": 0.4316005471956224,
    "recall": 0.49920886075949367,
    "f1-score": 0.462949376375642,
    "support": 1464.0
  },
  "weighted avg": {
    "precision": 0.7452774476164846,
    "recall": 0.8620218579234973,
    "f1-score": 0.7994098521022015,
    "support": 1464.0
  },
  "auc": 0.5997943037974683,
  "label_2_support": 0,
  "label_1_support": 200,
  "label_-1_support": 380,
  "label_0_support": 884
}