{
  "0": {
    "precision": 0.7069922308546059,
    "recall": 0.8414795244385733,
    "f1-score": 0.7683956574185766,
    "support": 757.0
  },
  "1": {
    "precision": 0.6141479099678456,
    "recall": 0.4197802197802198,
    "f1-score": 0.49869451697127937,
    "support": 455.0
  },
  "accuracy": 0.6831683168316832,
  "macro avg": {
    "precision": 0.6605700704112258,
    "recall": 0.6306298721093966,
    "f1-score": 0.633545087194928,
    "support": 1212.0
  },
  "weighted avg": {
    "precision": 0.6721373084094937,
    "recall": 0.6831683168316832,
    "f1-score": 0.6671464669041209,
    "support": 1212.0
  },
  "auc": 0.7287528851597544,
  "label_2_support": 0,
  "label_1_support": 455,
  "label_-1_support": 343,
  "label_0_support": 414
}