{
  "0": {
    "precision": 0.8703427719821163,
    "recall": 0.720098643649815,
    "f1-score": 0.7881241565452092,
    "support": 811.0
  },
  "1": {
    "precision": 0.1684981684981685,
    "recall": 0.3458646616541353,
    "f1-score": 0.22660098522167488,
    "support": 133.0
  },
  "accuracy": 0.6673728813559322,
  "macro avg": {
    "precision": 0.5194204702401424,
    "recall": 0.5329816526519752,
    "f1-score": 0.507362570883442,
    "support": 944.0
  },
  "weighted avg": {
    "precision": 0.7714600047539754,
    "recall": 0.6673728813559322,
    "f1-score": 0.7090112521108554,
    "support": 944.0
  },
  "auc": 0.5648554184474751,
  "label_2_support": 0,
  "label_1_support": 133,
  "label_-1_support": 216,
  "label_0_support": 595
}