{
  "0": {
    "precision": 0.9030694668820679,
    "recall": 0.9688041594454073,
    "f1-score": 0.9347826086956522,
    "support": 1154.0
  },
  "1": {
    "precision": 0.32075471698113206,
    "recall": 0.12408759124087591,
    "f1-score": 0.17894736842105263,
    "support": 137.0
  },
  "accuracy": 0.879163439194423,
  "macro avg": {
    "precision": 0.6119120919316,
    "recall": 0.5464458753431416,
    "f1-score": 0.5568649885583524,
    "support": 1291.0
  },
  "weighted avg": {
    "precision": 0.8412746405951367,
    "recall": 0.879163439194423,
    "f1-score": 0.8545739116254585,
    "support": 1291.0
  },
  "auc": 0.6150109425799187,
  "label_2_support": 0,
  "label_1_support": 137,
  "label_-1_support": 300,
  "label_0_support": 854
}