{
  "0": {
    "precision": 0.5012787723785166,
    "recall": 0.48756218905472637,
    "f1-score": 0.4943253467843632,
    "support": 402.0
  },
  "1": {
    "precision": 0.7048710601719198,
    "recall": 0.7161572052401747,
    "f1-score": 0.7104693140794224,
    "support": 687.0
  },
  "accuracy": 0.6317722681359045,
  "macro avg": {
    "precision": 0.6030749162752183,
    "recall": 0.6018596971474506,
    "f1-score": 0.6023973304318928,
    "support": 1089.0
  },
  "weighted avg": {
    "precision": 0.6297157803804155,
    "recall": 0.6317722681359045,
    "f1-score": 0.6306806319374446,
    "support": 1089.0
  },
  "auc": 0.6674198150441388,
  "label_2_support": 0,
  "label_1_support": 687,
  "label_-1_support": 333,
  "label_0_support": 69
}