{
  "0": {
    "precision": 0.8986272439281943,
    "recall": 0.6417797888386124,
    "f1-score": 0.7487901451825781,
    "support": 1326.0
  },
  "1": {
    "precision": 0.6291959406713505,
    "recall": 0.893569844789357,
    "f1-score": 0.7384333486028402,
    "support": 902.0
  },
  "accuracy": 0.7437163375224417,
  "macro avg": {
    "precision": 0.7639115922997723,
    "recall": 0.7676748168139846,
    "f1-score": 0.7436117468927091,
    "support": 2228.0
  },
  "weighted avg": {
    "precision": 0.7895486821967432,
    "recall": 0.7437163375224417,
    "f1-score": 0.7445972230484112,
    "support": 2228.0
  },
  "auc": 0.8469146826392163,
  "label_2_support": 0,
  "label_1_support": 902,
  "label_-1_support": 412,
  "label_0_support": 914
}