{
  "0": {
    "precision": 0.9183841714756801,
    "recall": 0.9079054604726976,
    "f1-score": 0.9131147540983606,
    "support": 1227.0
  },
  "1": {
    "precision": 0.13076923076923078,
    "recall": 0.14655172413793102,
    "f1-score": 0.13821138211382114,
    "support": 116.0
  },
  "accuracy": 0.842144452717796,
  "macro avg": {
    "precision": 0.5245767011224555,
    "recall": 0.5272285923053143,
    "f1-score": 0.5256630681060909,
    "support": 1343.0
  },
  "weighted avg": {
    "precision": 0.850354883968645,
    "recall": 0.842144452717796,
    "f1-score": 0.8461834129589663,
    "support": 1343.0
  },
  "auc": 0.6451360200095552,
  "label_2_support": 0,
  "label_1_support": 116,
  "label_-1_support": 252,
  "label_0_support": 975
}