{
  "0": {
    "precision": 0.6483516483516484,
    "recall": 0.9647798742138365,
    "f1-score": 0.775530839231547,
    "support": 795.0
  },
  "1": {
    "precision": 0.6266666666666667,
    "recall": 0.10151187904967603,
    "f1-score": 0.17472118959107807,
    "support": 463.0
  },
  "accuracy": 0.6470588235294118,
  "macro avg": {
    "precision": 0.6375091575091576,
    "recall": 0.5331458766317563,
    "f1-score": 0.4751260144113125,
    "support": 1258.0
  },
  "weighted avg": {
    "precision": 0.6403706097823746,
    "recall": 0.6470588235294118,
    "f1-score": 0.5544061430602139,
    "support": 1258.0
  },
  "auc": 0.599170028661858,
  "label_2_support": 0,
  "label_1_support": 463,
  "label_-1_support": 374,
  "label_0_support": 421
}