{
  "0": {
    "precision": 0.6865817825661117,
    "recall": 0.8975672215108835,
    "f1-score": 0.7780244173140954,
    "support": 781.0
  },
  "1": {
    "precision": 0.5604395604395604,
    "recall": 0.24170616113744076,
    "f1-score": 0.33774834437086093,
    "support": 422.0
  },
  "accuracy": 0.6674979218620116,
  "macro avg": {
    "precision": 0.623510671502836,
    "recall": 0.5696366913241622,
    "f1-score": 0.5578863808424782,
    "support": 1203.0
  },
  "weighted avg": {
    "precision": 0.6423323912631985,
    "recall": 0.6674979218620116,
    "f1-score": 0.6235801090995943,
    "support": 1203.0
  },
  "auc": 0.6700290064384584,
  "label_2_support": 0,
  "label_1_support": 422,
  "label_-1_support": 386,
  "label_0_support": 395
}