{
  "0": {
    "precision": 0.4970414201183432,
    "recall": 0.19858156028368795,
    "f1-score": 0.28378378378378377,
    "support": 423.0
  },
  "1": {
    "precision": 0.5730478589420654,
    "recall": 0.8425925925925926,
    "f1-score": 0.6821589205397302,
    "support": 540.0
  },
  "accuracy": 0.5597092419522326,
  "macro avg": {
    "precision": 0.5350446395302043,
    "recall": 0.5205870764381403,
    "f1-score": 0.48297135216175696,
    "support": 963.0
  },
  "weighted avg": {
    "precision": 0.539661853103608,
    "recall": 0.5597092419522326,
    "f1-score": 0.5071717109366509,
    "support": 963.0
  },
  "auc": 0.5613628403817529,
  "label_2_support": 0,
  "label_1_support": 540,
  "label_-1_support": 345,
  "label_0_support": 78
}