{
  "0": {
    "precision": 0.728748806112703,
    "recall": 0.8230852211434736,
    "f1-score": 0.7730496453900709,
    "support": 927.0
  },
  "1": {
    "precision": 0.47770700636942676,
    "recall": 0.3456221198156682,
    "f1-score": 0.40106951871657753,
    "support": 434.0
  },
  "accuracy": 0.6708302718589273,
  "macro avg": {
    "precision": 0.6032279062410648,
    "recall": 0.5843536704795709,
    "f1-score": 0.5870595820533242,
    "support": 1361.0
  },
  "weighted avg": {
    "precision": 0.6486958001695863,
    "recall": 0.6708302718589273,
    "f1-score": 0.6544314418806689,
    "support": 1361.0
  },
  "auc": 0.6432722373843578,
  "label_2_support": 0,
  "label_1_support": 434,
  "label_-1_support": 350,
  "label_0_support": 577
}