{
  "0": {
    "precision": 0.721259842519685,
    "recall": 0.6239782016348774,
    "f1-score": 0.6691015339663988,
    "support": 734.0
  },
  "1": {
    "precision": 0.4661508704061896,
    "recall": 0.5765550239234449,
    "f1-score": 0.5155080213903743,
    "support": 418.0
  },
  "accuracy": 0.6067708333333334,
  "macro avg": {
    "precision": 0.5937053564629373,
    "recall": 0.6002666127791612,
    "f1-score": 0.5923047776783865,
    "support": 1152.0
  },
  "weighted avg": {
    "precision": 0.6286942606243369,
    "recall": 0.6067708333333334,
    "f1-score": 0.6133705545768344,
    "support": 1152.0
  },
  "auc": 0.6333829837164126,
  "label_2_support": 0,
  "label_1_support": 418,
  "label_-1_support": 390,
  "label_0_support": 344
}