{
  "0": {
    "precision": 0.8571428571428571,
    "recall": 0.8505154639175257,
    "f1-score": 0.8538163001293662,
    "support": 776.0
  },
  "1": {
    "precision": 0.26582278481012656,
    "recall": 0.27631578947368424,
    "f1-score": 0.2709677419354839,
    "support": 152.0
  },
  "accuracy": 0.7564655172413793,
  "macro avg": {
    "precision": 0.5614828209764918,
    "recall": 0.563415626695605,
    "f1-score": 0.562392021032425,
    "support": 928.0
  },
  "weighted avg": {
    "precision": 0.7602887073642202,
    "recall": 0.7564655172413793,
    "f1-score": 0.7583497259424372,
    "support": 928.0
  },
  "auc": 0.6192349430276722,
  "label_2_support": 0,
  "label_1_support": 152,
  "label_-1_support": 287,
  "label_0_support": 489
}