{
  "0": {
    "precision": 0.7179125528913963,
    "recall": 0.7891472868217054,
    "f1-score": 0.7518463810930576,
    "support": 645.0
  },
  "1": {
    "precision": 0.5815384615384616,
    "recall": 0.48586118251928023,
    "f1-score": 0.5294117647058824,
    "support": 389.0
  },
  "accuracy": 0.6750483558994197,
  "macro avg": {
    "precision": 0.6497255072149289,
    "recall": 0.6375042346704929,
    "f1-score": 0.6406290728994699,
    "support": 1034.0
  },
  "weighted avg": {
    "precision": 0.6666074063379228,
    "recall": 0.6750483558994197,
    "f1-score": 0.6681644992994298,
    "support": 1034.0
  },
  "auc": 0.682126701341145,
  "label_2_support": 0,
  "label_1_support": 389,
  "label_-1_support": 385,
  "label_0_support": 260
}