{
  "0": {
    "precision": 0.68,
    "recall": 0.026153846153846153,
    "f1-score": 0.05037037037037037,
    "support": 650.0
  },
  "1": {
    "precision": 0.3781925343811395,
    "recall": 0.9796437659033079,
    "f1-score": 0.5457122608079377,
    "support": 393.0
  },
  "accuracy": 0.3854266538830297,
  "macro avg": {
    "precision": 0.5290962671905698,
    "recall": 0.5028988060285771,
    "f1-score": 0.29804131558915403,
    "support": 1043.0
  },
  "weighted avg": {
    "precision": 0.5662796414302856,
    "recall": 0.3854266538830297,
    "f1-score": 0.23701405487848537,
    "support": 1043.0
  },
  "auc": 0.5662693286357409,
  "label_2_support": 0,
  "label_1_support": 393,
  "label_-1_support": 401,
  "label_0_support": 249
}