{
  "0": {
    "precision": 0.6482412060301508,
    "recall": 0.8143939393939394,
    "f1-score": 0.7218802462227196,
    "support": 792.0
  },
  "1": {
    "precision": 0.4235294117647059,
    "recall": 0.23580786026200873,
    "f1-score": 0.302945301542777,
    "support": 458.0
  },
  "accuracy": 0.6024,
  "macro avg": {
    "precision": 0.5358853088974284,
    "recall": 0.525100899827974,
    "f1-score": 0.5124127738827483,
    "support": 1250.0
  },
  "weighted avg": {
    "precision": 0.5659068046112917,
    "recall": 0.6024,
    "f1-score": 0.5683824824919886,
    "support": 1250.0
  },
  "auc": 0.5933061510299501,
  "label_2_support": 0,
  "label_1_support": 458,
  "label_-1_support": 453,
  "label_0_support": 339
}