{
  "0": {
    "precision": 0.7799196787148595,
    "recall": 0.8532513181019332,
    "f1-score": 0.814939152328997,
    "support": 1138.0
  },
  "1": {
    "precision": 0.5886699507389163,
    "recall": 0.46588693957115007,
    "f1-score": 0.5201305767138193,
    "support": 513.0
  },
  "accuracy": 0.7328891580860085,
  "macro avg": {
    "precision": 0.6842948147268879,
    "recall": 0.6595691288365416,
    "f1-score": 0.6675348645214082,
    "support": 1651.0
  },
  "weighted avg": {
    "precision": 0.7204944149646118,
    "recall": 0.7328891580860085,
    "f1-score": 0.7233360031523852,
    "support": 1651.0
  },
  "auc": 0.7292717979287213,
  "label_2_support": 0,
  "label_1_support": 513,
  "label_-1_support": 443,
  "label_0_support": 695
}