{
  "0": {
    "precision": 0.6120283018867925,
    "recall": 0.7023004059539919,
    "f1-score": 0.6540642722117203,
    "support": 739.0
  },
  "1": {
    "precision": 0.3567251461988304,
    "recall": 0.270509977827051,
    "f1-score": 0.3076923076923077,
    "support": 451.0
  },
  "accuracy": 0.5386554621848739,
  "macro avg": {
    "precision": 0.4843767240428114,
    "recall": 0.48640519189052145,
    "f1-score": 0.480878289952014,
    "support": 1190.0
  },
  "weighted avg": {
    "precision": 0.5152705512857244,
    "recall": 0.5386554621848739,
    "f1-score": 0.5227922083476403,
    "support": 1190.0
  },
  "auc": 0.5321162714641047,
  "label_2_support": 0,
  "label_1_support": 451,
  "label_-1_support": 399,
  "label_0_support": 340
}