{
  "0": {
    "precision": 0.801377726750861,
    "recall": 0.9587912087912088,
    "f1-score": 0.8730456535334584,
    "support": 728.0
  },
  "1": {
    "precision": 0.47368421052631576,
    "recall": 0.135,
    "f1-score": 0.21011673151750973,
    "support": 200.0
  },
  "accuracy": 0.78125,
  "macro avg": {
    "precision": 0.6375309686385884,
    "recall": 0.5468956043956044,
    "f1-score": 0.5415811925254841,
    "support": 928.0
  },
  "weighted avg": {
    "precision": 0.7307541241162607,
    "recall": 0.78125,
    "f1-score": 0.7301730410300212,
    "support": 928.0
  },
  "auc": 0.6602747252747253,
  "label_2_support": 0,
  "label_1_support": 200,
  "label_-1_support": 297,
  "label_0_support": 431
}