{
  "0": {
    "precision": 0.9034436191762323,
    "recall": 0.9940564635958395,
    "f1-score": 0.9465864874425186,
    "support": 1346.0
  },
  "1": {
    "precision": 0.4666666666666667,
    "recall": 0.04666666666666667,
    "f1-score": 0.08484848484848485,
    "support": 150.0
  },
  "accuracy": 0.8990641711229946,
  "macro avg": {
    "precision": 0.6850551429214495,
    "recall": 0.5203615651312531,
    "f1-score": 0.5157174861455017,
    "support": 1496.0
  },
  "weighted avg": {
    "precision": 0.8596491386438561,
    "recall": 0.8990641711229946,
    "f1-score": 0.8601822759524751,
    "support": 1496.0
  },
  "auc": 0.6575086676572561,
  "label_2_support": 0,
  "label_1_support": 150,
  "label_-1_support": 407,
  "label_0_support": 939
}