{
  "0": {
    "precision": 0.8217391304347826,
    "recall": 0.5515564202334631,
    "f1-score": 0.660069848661234,
    "support": 1028.0
  },
  "1": {
    "precision": 0.43296432964329645,
    "recall": 0.7410526315789474,
    "f1-score": 0.546583850931677,
    "support": 475.0
  },
  "accuracy": 0.6114437791084497,
  "macro avg": {
    "precision": 0.6273517300390395,
    "recall": 0.6463045259062052,
    "f1-score": 0.6033268497964555,
    "support": 1503.0
  },
  "weighted avg": {
    "precision": 0.6988728427594959,
    "recall": 0.6114437791084497,
    "f1-score": 0.6242043470500965,
    "support": 1503.0
  },
  "auc": 0.712784149088675,
  "label_2_support": 0,
  "label_1_support": 475,
  "label_-1_support": 406,
  "label_0_support": 622
}