{
  "0": {
    "precision": 0.8268921095008052,
    "recall": 0.9932301740812379,
    "f1-score": 0.9024604569420035,
    "support": 1034.0
  },
  "1": {
    "precision": 0.46153846153846156,
    "recall": 0.027149321266968326,
    "f1-score": 0.05128205128205128,
    "support": 221.0
  },
  "accuracy": 0.8231075697211155,
  "macro avg": {
    "precision": 0.6442152855196334,
    "recall": 0.5101897476741031,
    "f1-score": 0.4768712541120274,
    "support": 1255.0
  },
  "weighted avg": {
    "precision": 0.7625549332460817,
    "recall": 0.8231075697211155,
    "f1-score": 0.7525716699692151,
    "support": 1255.0
  },
  "auc": 0.5841611454878038,
  "label_2_support": 0,
  "label_1_support": 221,
  "label_-1_support": 348,
  "label_0_support": 686
}