{
  "0": {
    "precision": 0.7036082474226805,
    "recall": 0.46037099494097805,
    "f1-score": 0.5565749235474006,
    "support": 593.0
  },
  "1": {
    "precision": 0.5031055900621118,
    "recall": 0.7380410022779044,
    "f1-score": 0.5983379501385041,
    "support": 439.0
  },
  "accuracy": 0.5784883720930233,
  "macro avg": {
    "precision": 0.6033569187423962,
    "recall": 0.5992059986094412,
    "f1-score": 0.5774564368429523,
    "support": 1032.0
  },
  "weighted avg": {
    "precision": 0.6183169038361596,
    "recall": 0.5784883720930233,
    "f1-score": 0.5743403970682286,
    "support": 1032.0
  },
  "auc": 0.6471284192573188,
  "label_2_support": 0,
  "label_1_support": 439,
  "label_-1_support": 375,
  "label_0_support": 218
}