{
  "0": {
    "precision": 0.6839546191247974,
    "recall": 0.6045845272206304,
    "f1-score": 0.6418250950570342,
    "support": 698.0
  },
  "1": {
    "precision": 0.48794063079777367,
    "recall": 0.574235807860262,
    "f1-score": 0.5275827482447342,
    "support": 458.0
  },
  "accuracy": 0.592560553633218,
  "macro avg": {
    "precision": 0.5859476249612855,
    "recall": 0.5894101675404462,
    "f1-score": 0.5847039216508843,
    "support": 1156.0
  },
  "weighted avg": {
    "precision": 0.6062950977980008,
    "recall": 0.592560553633218,
    "f1-score": 0.5965629887940296,
    "support": 1156.0
  },
  "auc": 0.6326700741982707,
  "label_2_support": 0,
  "label_1_support": 458,
  "label_-1_support": 379,
  "label_0_support": 319
}