{
  "0": {
    "precision": 0.6123893805309735,
    "recall": 0.5457413249211357,
    "f1-score": 0.5771476230191827,
    "support": 634.0
  },
  "1": {
    "precision": 0.4606741573033708,
    "recall": 0.5290322580645161,
    "f1-score": 0.4924924924924925,
    "support": 465.0
  },
  "accuracy": 0.5386715195632393,
  "macro avg": {
    "precision": 0.5365317689171721,
    "recall": 0.5373867914928259,
    "f1-score": 0.5348200577558375,
    "support": 1099.0
  },
  "weighted avg": {
    "precision": 0.5481968611489577,
    "recall": 0.5386715195632393,
    "f1-score": 0.5413290282103466,
    "support": 1099.0
  },
  "auc": 0.547367796207727,
  "label_2_support": 0,
  "label_1_support": 465,
  "label_-1_support": 418,
  "label_0_support": 216
}