{
  "0": {
    "precision": 0.7471526195899773,
    "recall": 0.6812045690550363,
    "f1-score": 0.7126561651276481,
    "support": 963.0
  },
  "1": {
    "precision": 0.3683127572016461,
    "recall": 0.4463840399002494,
    "f1-score": 0.4036076662908681,
    "support": 401.0
  },
  "accuracy": 0.6121700879765396,
  "macro avg": {
    "precision": 0.5577326883958117,
    "recall": 0.5637943044776429,
    "f1-score": 0.5581319157092581,
    "support": 1364.0
  },
  "weighted avg": {
    "precision": 0.6357781439171615,
    "recall": 0.6121700879765396,
    "f1-score": 0.6217995316719671,
    "support": 1364.0
  },
  "auc": 0.5867561107615178,
  "label_2_support": 0,
  "label_1_support": 401,
  "label_-1_support": 404,
  "label_0_support": 559
}