{
  "0": {
    "precision": 0.7136150234741784,
    "recall": 0.6909090909090909,
    "f1-score": 0.7020785219399538,
    "support": 660.0
  },
  "1": {
    "precision": 0.5165876777251185,
    "recall": 0.543640897755611,
    "f1-score": 0.5297691373025516,
    "support": 401.0
  },
  "accuracy": 0.6352497643732328,
  "macro avg": {
    "precision": 0.6151013505996484,
    "recall": 0.617274994332351,
    "f1-score": 0.6159238296212527,
    "support": 1061.0
  },
  "weighted avg": {
    "precision": 0.6391494573616684,
    "recall": 0.6352497643732328,
    "f1-score": 0.6369549939101722,
    "support": 1061.0
  },
  "auc": 0.6547117055845235,
  "label_2_support": 0,
  "label_1_support": 401,
  "label_-1_support": 355,
  "label_0_support": 305
}