{
  "0": {
    "precision": 0.9208955223880597,
    "recall": 0.9595645412130638,
    "f1-score": 0.9398324447829398,
    "support": 1286.0
  },
  "1": {
    "precision": 0.2676056338028169,
    "recall": 0.152,
    "f1-score": 0.19387755102040816,
    "support": 125.0
  },
  "accuracy": 0.8880226789510985,
  "macro avg": {
    "precision": 0.5942505780954384,
    "recall": 0.5557822706065318,
    "f1-score": 0.5668549979016739,
    "support": 1411.0
  },
  "weighted avg": {
    "precision": 0.8630207980272127,
    "recall": 0.8880226789510985,
    "f1-score": 0.8737485597933463,
    "support": 1411.0
  },
  "auc": 0.621045101088647,
  "label_2_support": 0,
  "label_1_support": 125,
  "label_-1_support": 316,
  "label_0_support": 970
}