{
  "0": {
    "precision": 0.629863301787592,
    "recall": 0.7422552664188352,
    "f1-score": 0.6814562002275313,
    "support": 807.0
  },
  "1": {
    "precision": 0.44235924932975873,
    "recall": 0.3191489361702128,
    "f1-score": 0.3707865168539326,
    "support": 517.0
  },
  "accuracy": 0.5770392749244713,
  "macro avg": {
    "precision": 0.5361112755586753,
    "recall": 0.530702101294524,
    "f1-score": 0.5261213585407319,
    "support": 1324.0
  },
  "weighted avg": {
    "precision": 0.5566460849290574,
    "recall": 0.5770392749244713,
    "f1-score": 0.5601448510552122,
    "support": 1324.0
  },
  "auc": 0.5492115651492382,
  "label_2_support": 0,
  "label_1_support": 517,
  "label_-1_support": 380,
  "label_0_support": 427
}