{
  "0": {
    "precision": 0.45918367346938777,
    "recall": 0.5421686746987951,
    "f1-score": 0.4972375690607735,
    "support": 332.0
  },
  "1": {
    "precision": 0.7007874015748031,
    "recall": 0.6267605633802817,
    "f1-score": 0.6617100371747212,
    "support": 568.0
  },
  "accuracy": 0.5955555555555555,
  "macro avg": {
    "precision": 0.5799855375220955,
    "recall": 0.5844646190395384,
    "f1-score": 0.5794738031177473,
    "support": 900.0
  },
  "weighted avg": {
    "precision": 0.6116624707625833,
    "recall": 0.5955555555555555,
    "f1-score": 0.6010379711593539,
    "support": 900.0
  },
  "auc": 0.6191482479212626,
  "label_2_support": 0,
  "label_1_support": 568,
  "label_-1_support": 306,
  "label_0_support": 26
}