{
  "0": {
    "precision": 0.7972270363951474,
    "recall": 0.8243727598566308,
    "f1-score": 0.8105726872246696,
    "support": 1116.0
  },
  "1": {
    "precision": 0.5983606557377049,
    "recall": 0.5551330798479087,
    "f1-score": 0.5759368836291914,
    "support": 526.0
  },
  "accuracy": 0.7381242387332522,
  "macro avg": {
    "precision": 0.6977938460664261,
    "recall": 0.6897529198522698,
    "f1-score": 0.6932547854269304,
    "support": 1642.0
  },
  "weighted avg": {
    "precision": 0.7335219717022029,
    "recall": 0.7381242387332522,
    "f1-score": 0.7354092081191754,
    "support": 1642.0
  },
  "auc": 0.7559845046813034,
  "label_2_support": 0,
  "label_1_support": 526,
  "label_-1_support": 438,
  "label_0_support": 678
}