{
  "0": {
    "precision": 0.7526467757459095,
    "recall": 0.8257655755015839,
    "f1-score": 0.7875125881168177,
    "support": 947.0
  },
  "1": {
    "precision": 0.4969512195121951,
    "recall": 0.3880952380952381,
    "f1-score": 0.4358288770053476,
    "support": 420.0
  },
  "accuracy": 0.6912948061448427,
  "macro avg": {
    "precision": 0.6247989976290523,
    "recall": 0.606930406798411,
    "f1-score": 0.6116707325610826,
    "support": 1367.0
  },
  "weighted avg": {
    "precision": 0.6740863268664947,
    "recall": 0.6912948061448427,
    "f1-score": 0.6794605334958832,
    "support": 1367.0
  },
  "auc": 0.6627859908482928,
  "label_2_support": 0,
  "label_1_support": 420,
  "label_-1_support": 307,
  "label_0_support": 640
}