{
  "0": {
    "precision": 0.6351490236382322,
    "recall": 0.8057366362451108,
    "f1-score": 0.7103448275862069,
    "support": 767.0
  },
  "1": {
    "precision": 0.4377358490566038,
    "recall": 0.24628450106157113,
    "f1-score": 0.31521739130434784,
    "support": 471.0
  },
  "accuracy": 0.592891760904685,
  "macro avg": {
    "precision": 0.5364424363474181,
    "recall": 0.526010568653341,
    "f1-score": 0.5127811094452773,
    "support": 1238.0
  },
  "weighted avg": {
    "precision": 0.5600427189306821,
    "recall": 0.592891760904685,
    "f1-score": 0.5600176688715416,
    "support": 1238.0
  },
  "auc": 0.5816800781714956,
  "label_2_support": 0,
  "label_1_support": 471,
  "label_-1_support": 427,
  "label_0_support": 340
}