{
  "0": {
    "precision": 0.6267942583732058,
    "recall": 0.7178082191780822,
    "f1-score": 0.669220945083014,
    "support": 730.0
  },
  "1": {
    "precision": 0.37003058103975534,
    "recall": 0.279445727482679,
    "f1-score": 0.31842105263157894,
    "support": 433.0
  },
  "accuracy": 0.5546001719690455,
  "macro avg": {
    "precision": 0.49841241970648054,
    "recall": 0.49862697333038064,
    "f1-score": 0.49382099885729647,
    "support": 1163.0
  },
  "weighted avg": {
    "precision": 0.5311978075689203,
    "recall": 0.5546001719690455,
    "f1-score": 0.5386135904557815,
    "support": 1163.0
  },
  "auc": 0.5321221803916606,
  "label_2_support": 0,
  "label_1_support": 433,
  "label_-1_support": 415,
  "label_0_support": 315
}