{
  "0": {
    "precision": 0.8135802469135802,
    "recall": 0.9229691876750701,
    "f1-score": 0.8648293963254593,
    "support": 714.0
  },
  "1": {
    "precision": 0.35294117647058826,
    "recall": 0.16574585635359115,
    "f1-score": 0.22556390977443608,
    "support": 181.0
  },
  "accuracy": 0.7698324022346369,
  "macro avg": {
    "precision": 0.5832607116920843,
    "recall": 0.5443575220143306,
    "f1-score": 0.5451966530499477,
    "support": 895.0
  },
  "weighted avg": {
    "precision": 0.7204230717737126,
    "recall": 0.7698324022346369,
    "f1-score": 0.7355477727883251,
    "support": 895.0
  },
  "auc": 0.68442515127598,
  "label_2_support": 0,
  "label_1_support": 181,
  "label_-1_support": 297,
  "label_0_support": 417
}