{
  "0": {
    "precision": 0.7583148558758315,
    "recall": 0.8992112182296231,
    "f1-score": 0.8227746591820368,
    "support": 1141.0
  },
  "1": {
    "precision": 0.6127946127946128,
    "recall": 0.3575638506876228,
    "f1-score": 0.45161290322580644,
    "support": 509.0
  },
  "accuracy": 0.7321212121212122,
  "macro avg": {
    "precision": 0.6855547343352222,
    "recall": 0.6283875344586229,
    "f1-score": 0.6371937812039217,
    "support": 1650.0
  },
  "weighted avg": {
    "precision": 0.7134240657374434,
    "recall": 0.7321212121212122,
    "f1-score": 0.7082768811325089,
    "support": 1650.0
  },
  "auc": 0.7058865056502672,
  "label_2_support": 0,
  "label_1_support": 509,
  "label_-1_support": 461,
  "label_0_support": 680
}