{
  "0": {
    "precision": 0.9243951612903226,
    "recall": 0.9622245540398741,
    "f1-score": 0.9429305912596401,
    "support": 953.0
  },
  "1": {
    "precision": 0.23404255319148937,
    "recall": 0.12790697674418605,
    "f1-score": 0.16541353383458646,
    "support": 86.0
  },
  "accuracy": 0.8931665062560153,
  "macro avg": {
    "precision": 0.579218857240906,
    "recall": 0.5450657653920301,
    "f1-score": 0.5541720625471133,
    "support": 1039.0
  },
  "weighted avg": {
    "precision": 0.8672533669722287,
    "recall": 0.8931665062560153,
    "f1-score": 0.8785740302023209,
    "support": 1039.0
  },
  "auc": 0.7503477390858732,
  "label_2_support": 0,
  "label_1_support": 86,
  "label_-1_support": 70,
  "label_0_support": 883
}