{
  "0": {
    "precision": 0.5145929339477726,
    "recall": 0.7097457627118644,
    "f1-score": 0.5966162065894924,
    "support": 472.0
  },
  "1": {
    "precision": 0.6730310262529833,
    "recall": 0.47157190635451507,
    "f1-score": 0.5545722713864307,
    "support": 598.0
  },
  "accuracy": 0.5766355140186916,
  "macro avg": {
    "precision": 0.593811980100378,
    "recall": 0.5906588345331898,
    "f1-score": 0.5755942389879616,
    "support": 1070.0
  },
  "weighted avg": {
    "precision": 0.6031405780585353,
    "recall": 0.5766355140186916,
    "f1-score": 0.5731187549526412,
    "support": 1070.0
  },
  "auc": 0.6372247179865087,
  "label_2_support": 0,
  "label_1_support": 598,
  "label_-1_support": 374,
  "label_0_support": 98
}