{
  "0": {
    "precision": 0.8453738910012675,
    "recall": 0.8953020134228188,
    "f1-score": 0.8696219035202086,
    "support": 745.0
  },
  "1": {
    "precision": 0.3333333333333333,
    "recall": 0.2422360248447205,
    "f1-score": 0.2805755395683453,
    "support": 161.0
  },
  "accuracy": 0.7792494481236203,
  "macro avg": {
    "precision": 0.5893536121673004,
    "recall": 0.5687690191337696,
    "f1-score": 0.575098721544277,
    "support": 906.0
  },
  "weighted avg": {
    "precision": 0.7543821362721974,
    "recall": 0.7792494481236203,
    "f1-score": 0.764945894032074,
    "support": 906.0
  },
  "auc": 0.6598024094376589,
  "label_2_support": 0,
  "label_1_support": 161,
  "label_-1_support": 381,
  "label_0_support": 364
}