{
  "0": {
    "precision": 0.8350854139290408,
    "recall": 0.9549211119459053,
    "f1-score": 0.8909919383105503,
    "support": 1331.0
  },
  "1": {
    "precision": 0.42857142857142855,
    "recall": 0.15202702702702703,
    "f1-score": 0.22443890274314215,
    "support": 296.0
  },
  "accuracy": 0.8088506453595574,
  "macro avg": {
    "precision": 0.6318284212502346,
    "recall": 0.5534740694864662,
    "f1-score": 0.5577154205268462,
    "support": 1627.0
  },
  "weighted avg": {
    "precision": 0.7611283520569737,
    "recall": 0.8088506453595574,
    "f1-score": 0.7697259896148203,
    "support": 1627.0
  },
  "auc": 0.6396125652324,
  "label_2_support": 0,
  "label_1_support": 296,
  "label_-1_support": 262,
  "label_0_support": 1069
}