{
  "0": {
    "precision": 0.893211289092296,
    "recall": 0.993214588634436,
    "f1-score": 0.940562248995984,
    "support": 1179.0
  },
  "1": {
    "precision": 0.42857142857142855,
    "recall": 0.0410958904109589,
    "f1-score": 0.075,
    "support": 146.0
  },
  "accuracy": 0.8883018867924528,
  "macro avg": {
    "precision": 0.6608913588318622,
    "recall": 0.5171552395226975,
    "f1-score": 0.507781124497992,
    "support": 1325.0
  },
  "weighted avg": {
    "precision": 0.8420132365367892,
    "recall": 0.8883018867924528,
    "f1-score": 0.8451870879745397,
    "support": 1325.0
  },
  "auc": 0.5852823962726712,
  "label_2_support": 0,
  "label_1_support": 146,
  "label_-1_support": 323,
  "label_0_support": 856
}