{
  "0": {
    "precision": 0.8962906888720666,
    "recall": 0.9916247906197655,
    "f1-score": 0.9415506958250497,
    "support": 1194.0
  },
  "1": {
    "precision": 0.5238095238095238,
    "recall": 0.07432432432432433,
    "f1-score": 0.1301775147928994,
    "support": 148.0
  },
  "accuracy": 0.8904619970193741,
  "macro avg": {
    "precision": 0.7100501063407952,
    "recall": 0.5329745574720449,
    "f1-score": 0.5358641053089745,
    "support": 1342.0
  },
  "weighted avg": {
    "precision": 0.8552122891483287,
    "recall": 0.8904619970193741,
    "f1-score": 0.8520698979168841,
    "support": 1342.0
  },
  "auc": 0.6623772013219249,
  "label_2_support": 0,
  "label_1_support": 148,
  "label_-1_support": 447,
  "label_0_support": 747
}