{
  "0": {
    "precision": 0.7084257206208425,
    "recall": 0.8441215323645971,
    "f1-score": 0.7703435804701627,
    "support": 757.0
  },
  "1": {
    "precision": 0.44075829383886256,
    "recall": 0.2612359550561798,
    "f1-score": 0.328042328042328,
    "support": 356.0
  },
  "accuracy": 0.6576819407008087,
  "macro avg": {
    "precision": 0.5745920072298525,
    "recall": 0.5526787437103884,
    "f1-score": 0.5491929542562454,
    "support": 1113.0
  },
  "weighted avg": {
    "precision": 0.622810622746283,
    "recall": 0.6576819407008087,
    "f1-score": 0.6288707629820143,
    "support": 1113.0
  },
  "auc": 0.6062740266872486,
  "label_2_support": 0,
  "label_1_support": 356,
  "label_-1_support": 352,
  "label_0_support": 405
}