{
  "0": {
    "precision": 0.998898678414097,
    "recall": 1.0,
    "f1-score": 0.9994490358126722,
    "support": 907.0
  },
  "1": {
    "precision": 0.0,
    "recall": 0.0,
    "f1-score": 0.0,
    "support": 1.0
  },
  "accuracy": 0.998898678414097,
  "macro avg": {
    "precision": 0.4994493392070485,
    "recall": 0.5,
    "f1-score": 0.4997245179063361,
    "support": 908.0
  },
  "weighted avg": {
    "precision": 0.9977985697374294,
    "recall": 0.998898678414097,
    "f1-score": 0.9983483210155217,
    "support": 908.0
  },
  "auc": 0.9845644983461963,
  "label_2_support": 0,
  "label_1_support": 1,
  "label_-1_support": 0,
  "label_0_support": 907
}