{
  "0": {
    "precision": 0.6807017543859649,
    "recall": 0.7395171537484116,
    "f1-score": 0.7088915956151035,
    "support": 787.0
  },
  "1": {
    "precision": 0.5340909090909091,
    "recall": 0.4625984251968504,
    "f1-score": 0.4957805907172996,
    "support": 508.0
  },
  "accuracy": 0.6308880308880309,
  "macro avg": {
    "precision": 0.607396331738437,
    "recall": 0.601057789472631,
    "f1-score": 0.6023360931662015,
    "support": 1295.0
  },
  "weighted avg": {
    "precision": 0.6231895463474411,
    "recall": 0.6308880308880309,
    "f1-score": 0.6252928384814476,
    "support": 1295.0
  },
  "auc": 0.6569938168465917,
  "label_2_support": 0,
  "label_1_support": 508,
  "label_-1_support": 388,
  "label_0_support": 399
}