{
  "0": {
    "precision": 0.7541589648798521,
    "recall": 0.6710526315789473,
    "f1-score": 0.7101827676240209,
    "support": 608.0
  },
  "1": {
    "precision": 0.5991983967935872,
    "recall": 0.6921296296296297,
    "f1-score": 0.6423200859291085,
    "support": 432.0
  },
  "accuracy": 0.6798076923076923,
  "macro avg": {
    "precision": 0.6766786808367197,
    "recall": 0.6815911306042886,
    "f1-score": 0.6762514267765647,
    "support": 1040.0
  },
  "weighted avg": {
    "precision": 0.6897907289055575,
    "recall": 0.6798076923076923,
    "f1-score": 0.6819936536892112,
    "support": 1040.0
  },
  "auc": 0.7268480445906433,
  "label_2_support": 0,
  "label_1_support": 432,
  "label_-1_support": 365,
  "label_0_support": 243
}