{
  "0": {
    "precision": 0.6956521739130435,
    "recall": 0.6906474820143885,
    "f1-score": 0.6931407942238267,
    "support": 834.0
  },
  "1": {
    "precision": 0.48502994011976047,
    "recall": 0.4909090909090909,
    "f1-score": 0.4879518072289157,
    "support": 495.0
  },
  "accuracy": 0.6162528216704289,
  "macro avg": {
    "precision": 0.5903410570164019,
    "recall": 0.5907782864617397,
    "f1-score": 0.5905463007263712,
    "support": 1329.0
  },
  "weighted avg": {
    "precision": 0.6172037121164482,
    "recall": 0.6162528216704289,
    "f1-score": 0.6167160022279795,
    "support": 1329.0
  },
  "auc": 0.6205144974929148,
  "label_2_support": 0,
  "label_1_support": 495,
  "label_-1_support": 429,
  "label_0_support": 405
}