{
  "0": {
    "precision": 0.7356770833333334,
    "recall": 0.6790865384615384,
    "f1-score": 0.70625,
    "support": 832.0
  },
  "1": {
    "precision": 0.36879432624113473,
    "recall": 0.43454038997214484,
    "f1-score": 0.3989769820971867,
    "support": 359.0
  },
  "accuracy": 0.6053736356003359,
  "macro avg": {
    "precision": 0.552235704787234,
    "recall": 0.5568134642168416,
    "f1-score": 0.5526134910485934,
    "support": 1191.0
  },
  "weighted avg": {
    "precision": 0.625088578046936,
    "recall": 0.6053736356003359,
    "f1-score": 0.6136295017404618,
    "support": 1191.0
  },
  "auc": 0.6030439790014999,
  "label_2_support": 0,
  "label_1_support": 359,
  "label_-1_support": 393,
  "label_0_support": 439
}