{
  "0": {
    "precision": 0.8060033351862146,
    "recall": 0.78082929456112,
    "f1-score": 0.7932166301969366,
    "support": 1857.0
  },
  "1": {
    "precision": 0.5547045951859956,
    "recall": 0.5922897196261683,
    "f1-score": 0.5728813559322034,
    "support": 856.0
  },
  "accuracy": 0.7213416881680796,
  "macro avg": {
    "precision": 0.680353965186105,
    "recall": 0.6865595070936441,
    "f1-score": 0.68304899306457,
    "support": 2713.0
  },
  "weighted avg": {
    "precision": 0.7267140902764514,
    "recall": 0.7213416881680796,
    "f1-score": 0.7236969122571608,
    "support": 2713.0
  },
  "auc": 0.7667826083674301,
  "label_2_support": 0,
  "label_1_support": 856,
  "label_-1_support": 625,
  "label_0_support": 1232
}