{
  "0": {
    "precision": 0.8599562363238512,
    "recall": 0.964022894521668,
    "f1-score": 0.9090208172706246,
    "support": 1223.0
  },
  "1": {
    "precision": 0.47619047619047616,
    "recall": 0.1724137931034483,
    "f1-score": 0.25316455696202533,
    "support": 232.0
  },
  "accuracy": 0.8378006872852234,
  "macro avg": {
    "precision": 0.6680733562571637,
    "recall": 0.5682183438125581,
    "f1-score": 0.5810926871163249,
    "support": 1455.0
  },
  "weighted avg": {
    "precision": 0.7987647199314504,
    "recall": 0.8378006872852234,
    "f1-score": 0.8044444238743393,
    "support": 1455.0
  },
  "auc": 0.726349493895734,
  "label_2_support": 0,
  "label_1_support": 232,
  "label_-1_support": 260,
  "label_0_support": 963
}