{
  "0": {
    "precision": 0.8983833718244804,
    "recall": 0.8807547169811321,
    "f1-score": 0.8894817073170732,
    "support": 1325.0
  },
  "1": {
    "precision": 0.1366120218579235,
    "recall": 0.1592356687898089,
    "f1-score": 0.14705882352941177,
    "support": 157.0
  },
  "accuracy": 0.8043184885290149,
  "macro avg": {
    "precision": 0.517497696841202,
    "recall": 0.5199951928854705,
    "f1-score": 0.5182702654232425,
    "support": 1482.0
  },
  "weighted avg": {
    "precision": 0.8176828981775509,
    "recall": 0.8043184885290149,
    "f1-score": 0.8108309699657487,
    "support": 1482.0
  },
  "auc": 0.6050618915995674,
  "label_2_support": 0,
  "label_1_support": 157,
  "label_-1_support": 298,
  "label_0_support": 1027
}