{
  "0": {
    "precision": 0.9211332312404288,
    "recall": 0.9933938893476466,
    "f1-score": 0.9558998808104887,
    "support": 1211.0
  },
  "1": {
    "precision": 0.42857142857142855,
    "recall": 0.05504587155963303,
    "f1-score": 0.0975609756097561,
    "support": 109.0
  },
  "accuracy": 0.9159090909090909,
  "macro avg": {
    "precision": 0.6748523299059287,
    "recall": 0.5242198804536398,
    "f1-score": 0.5267304282101224,
    "support": 1320.0
  },
  "weighted avg": {
    "precision": 0.8804595672321552,
    "recall": 0.9159090909090909,
    "f1-score": 0.8850218954567919,
    "support": 1320.0
  },
  "auc": 0.6271979333176768,
  "label_2_support": 0,
  "label_1_support": 109,
  "label_-1_support": 251,
  "label_0_support": 960
}