{
  "0": {
    "precision": 0.9142053445850914,
    "recall": 1.0,
    "f1-score": 0.9551800146950772,
    "support": 1300.0
  },
  "1": {
    "precision": 1.0,
    "recall": 0.016129032258064516,
    "f1-score": 0.031746031746031744,
    "support": 124.0
  },
  "accuracy": 0.9143258426966292,
  "macro avg": {
    "precision": 0.9571026722925458,
    "recall": 0.5080645161290323,
    "f1-score": 0.49346302322055446,
    "support": 1424.0
  },
  "weighted avg": {
    "precision": 0.9216762275004347,
    "recall": 0.9143258426966292,
    "f1-score": 0.8747686285394018,
    "support": 1424.0
  },
  "auc": 0.5749193548387096,
  "label_2_support": 0,
  "label_1_support": 124,
  "label_-1_support": 304,
  "label_0_support": 996
}