{
  "0": {
    "precision": 0.7809187279151943,
    "recall": 0.5206124852767963,
    "f1-score": 0.6247349823321555,
    "support": 849.0
  },
  "1": {
    "precision": 0.3795731707317073,
    "recall": 0.6675603217158177,
    "f1-score": 0.4839650145772595,
    "support": 373.0
  },
  "accuracy": 0.5654664484451718,
  "macro avg": {
    "precision": 0.5802459493234509,
    "recall": 0.5940864034963069,
    "f1-score": 0.5543499984547076,
    "support": 1222.0
  },
  "weighted avg": {
    "precision": 0.6584130873019041,
    "recall": 0.5654664484451718,
    "f1-score": 0.5817667352187544,
    "support": 1222.0
  },
  "auc": 0.6199376651919779,
  "label_2_support": 0,
  "label_1_support": 373,
  "label_-1_support": 366,
  "label_0_support": 483
}