{
  "0": {
    "precision": 0.8728991596638656,
    "recall": 0.9264214046822743,
    "f1-score": 0.8988642509464575,
    "support": 897.0
  },
  "1": {
    "precision": 0.2826086956521739,
    "recall": 0.17687074829931973,
    "f1-score": 0.2175732217573222,
    "support": 147.0
  },
  "accuracy": 0.8208812260536399,
  "macro avg": {
    "precision": 0.5777539276580197,
    "recall": 0.551646076490797,
    "f1-score": 0.5582187363518898,
    "support": 1044.0
  },
  "weighted avg": {
    "precision": 0.7897835483518745,
    "recall": 0.8208812260536399,
    "f1-score": 0.8029353416640793,
    "support": 1044.0
  },
  "auc": 0.6209663352520496,
  "label_2_support": 0,
  "label_1_support": 147,
  "label_-1_support": 297,
  "label_0_support": 600
}