{
  "0": {
    "precision": 0.9081934846989141,
    "recall": 0.9474768280123584,
    "f1-score": 0.9274193548387096,
    "support": 971.0
  },
  "1": {
    "precision": 0.41379310344827586,
    "recall": 0.27906976744186046,
    "f1-score": 0.3333333333333333,
    "support": 129.0
  },
  "accuracy": 0.8690909090909091,
  "macro avg": {
    "precision": 0.660993294073595,
    "recall": 0.6132732977271095,
    "f1-score": 0.6303763440860215,
    "support": 1100.0
  },
  "weighted avg": {
    "precision": 0.8502138036249757,
    "recall": 0.8690909090909091,
    "f1-score": 0.8577492668621701,
    "support": 1100.0
  },
  "auc": 0.7113261322539699,
  "label_2_support": 0,
  "label_1_support": 129,
  "label_-1_support": 271,
  "label_0_support": 700
}