{
  "0": {
    "precision": 0.49262536873156343,
    "recall": 0.3443298969072165,
    "f1-score": 0.4053398058252427,
    "support": 485.0
  },
  "1": {
    "precision": 0.4601018675721562,
    "recall": 0.6117381489841986,
    "f1-score": 0.5251937984496124,
    "support": 443.0
  },
  "accuracy": 0.47198275862068967,
  "macro avg": {
    "precision": 0.4763636181518598,
    "recall": 0.47803402294570757,
    "f1-score": 0.46526680213742755,
    "support": 928.0
  },
  "weighted avg": {
    "precision": 0.47709960255309636,
    "recall": 0.47198275862068967,
    "f1-score": 0.46255458894226403,
    "support": 928.0
  },
  "auc": 0.45929580414698284,
  "label_2_support": 0,
  "label_1_support": 443,
  "label_-1_support": 383,
  "label_0_support": 102
}