{
  "0": {
    "precision": 0.8131868131868132,
    "recall": 0.7337909992372235,
    "f1-score": 0.7714514835605453,
    "support": 1311.0
  },
  "1": {
    "precision": 0.6349372384937239,
    "recall": 0.7330917874396136,
    "f1-score": 0.6804932735426009,
    "support": 828.0
  },
  "accuracy": 0.7335203366058906,
  "macro avg": {
    "precision": 0.7240620258402686,
    "recall": 0.7334413933384185,
    "f1-score": 0.725972378551573,
    "support": 2139.0
  },
  "weighted avg": {
    "precision": 0.7441869778217464,
    "recall": 0.7335203366058906,
    "f1-score": 0.7362418538761798,
    "support": 2139.0
  },
  "auc": 0.8159990529779605,
  "label_2_support": 0,
  "label_1_support": 828,
  "label_-1_support": 648,
  "label_0_support": 663
}