{
  "0": {
    "precision": 0.7468944099378882,
    "recall": 0.5149892933618844,
    "f1-score": 0.6096324461343473,
    "support": 934.0
  },
  "1": {
    "precision": 0.26580226904376014,
    "recall": 0.5015290519877675,
    "f1-score": 0.3474576271186441,
    "support": 327.0
  },
  "accuracy": 0.5114988104678826,
  "macro avg": {
    "precision": 0.5063483394908241,
    "recall": 0.508259172674826,
    "f1-score": 0.4785450366264957,
    "support": 1261.0
  },
  "weighted avg": {
    "precision": 0.6221385573824719,
    "recall": 0.5114988104678826,
    "f1-score": 0.5416457960010127,
    "support": 1261.0
  },
  "auc": 0.5196124655390317,
  "label_2_support": 0,
  "label_1_support": 327,
  "label_-1_support": 430,
  "label_0_support": 504
}