{
  "0": {
    "precision": 0.640506329113924,
    "recall": 0.5227272727272727,
    "f1-score": 0.5756541524459613,
    "support": 484.0
  },
  "1": {
    "precision": 0.6024096385542169,
    "recall": 0.7113821138211383,
    "f1-score": 0.65237651444548,
    "support": 492.0
  },
  "accuracy": 0.617827868852459,
  "macro avg": {
    "precision": 0.6214579838340705,
    "recall": 0.6170546932742055,
    "f1-score": 0.6140153334457206,
    "support": 976.0
  },
  "weighted avg": {
    "precision": 0.6213018498563667,
    "recall": 0.617827868852459,
    "f1-score": 0.6143297693555547,
    "support": 976.0
  },
  "auc": 0.6546563192904655,
  "label_2_support": 0,
  "label_1_support": 492,
  "label_-1_support": 348,
  "label_0_support": 136
}