{
  "0": {
    "precision": 0.8209825145711906,
    "recall": 0.7572964669738863,
    "f1-score": 0.7878545745105873,
    "support": 1302.0
  },
  "1": {
    "precision": 0.6197352587244284,
    "recall": 0.7054794520547946,
    "f1-score": 0.6598334401024984,
    "support": 730.0
  },
  "accuracy": 0.7386811023622047,
  "macro avg": {
    "precision": 0.7203588866478094,
    "recall": 0.7313879595143404,
    "f1-score": 0.7238440073065429,
    "support": 2032.0
  },
  "weighted avg": {
    "precision": 0.7486840417522258,
    "recall": 0.7386811023622047,
    "f1-score": 0.7418627299643742,
    "support": 2032.0
  },
  "auc": 0.816028028533552,
  "label_2_support": 0,
  "label_1_support": 730,
  "label_-1_support": 612,
  "label_0_support": 690
}