{
  "0": {
    "precision": 0.7976391231028668,
    "recall": 0.5424311926605505,
    "f1-score": 0.6457337883959045,
    "support": 872.0
  },
  "1": {
    "precision": 0.3686708860759494,
    "recall": 0.660056657223796,
    "f1-score": 0.4730964467005076,
    "support": 353.0
  },
  "accuracy": 0.5763265306122449,
  "macro avg": {
    "precision": 0.583155004589408,
    "recall": 0.6012439249421733,
    "f1-score": 0.559415117548206,
    "support": 1225.0
  },
  "weighted avg": {
    "precision": 0.6740262352085795,
    "recall": 0.5763265306122449,
    "f1-score": 0.5959860482991901,
    "support": 1225.0
  },
  "auc": 0.6304886685552408,
  "label_2_support": 0,
  "label_1_support": 353,
  "label_-1_support": 386,
  "label_0_support": 486
}