{
  "0": {
    "precision": 0.5138888888888888,
    "recall": 0.07007575757575757,
    "f1-score": 0.12333333333333334,
    "support": 528.0
  },
  "1": {
    "precision": 0.40556900726392253,
    "recall": 0.9054054054054054,
    "f1-score": 0.560200668896321,
    "support": 370.0
  },
  "accuracy": 0.4142538975501114,
  "macro avg": {
    "precision": 0.4597289480764057,
    "recall": 0.48774058149058147,
    "f1-score": 0.34176700111482716,
    "support": 898.0
  },
  "weighted avg": {
    "precision": 0.469258202695974,
    "recall": 0.4142538975501114,
    "f1-score": 0.303334351326992,
    "support": 898.0
  },
  "auc": 0.4792332104832105,
  "label_2_support": 0,
  "label_1_support": 370,
  "label_-1_support": 344,
  "label_0_support": 184
}