{
  "0": {
    "precision": 0.8395522388059702,
    "recall": 0.9719222462203023,
    "f1-score": 0.9009009009009009,
    "support": 1389.0
  },
  "1": {
    "precision": 0.23529411764705882,
    "recall": 0.044444444444444446,
    "f1-score": 0.07476635514018691,
    "support": 270.0
  },
  "accuracy": 0.8209764918625678,
  "macro avg": {
    "precision": 0.5374231782265145,
    "recall": 0.5081833453323734,
    "f1-score": 0.4878336280205439,
    "support": 1659.0
  },
  "weighted avg": {
    "precision": 0.741210049105605,
    "recall": 0.8209764918625678,
    "f1-score": 0.7664486240139855,
    "support": 1659.0
  },
  "auc": 0.6465696077647122,
  "label_2_support": 0,
  "label_1_support": 270,
  "label_-1_support": 416,
  "label_0_support": 973
}