{
  "0": {
    "precision": 0.8833693304535637,
    "recall": 0.9222096956031567,
    "f1-score": 0.9023717595146167,
    "support": 887.0
  },
  "1": {
    "precision": 0.30303030303030304,
    "recall": 0.21739130434782608,
    "f1-score": 0.25316455696202533,
    "support": 138.0
  },
  "accuracy": 0.8273170731707317,
  "macro avg": {
    "precision": 0.5931998167419333,
    "recall": 0.5698004999754914,
    "f1-score": 0.577768158238321,
    "support": 1025.0
  },
  "weighted avg": {
    "precision": 0.8052358809077979,
    "recall": 0.8273170731707317,
    "f1-score": 0.814966302000219,
    "support": 1025.0
  },
  "auc": 0.6707105860823817,
  "label_2_support": 0,
  "label_1_support": 138,
  "label_-1_support": 313,
  "label_0_support": 574
}