{
  "0": {
    "precision": 0.877025738798856,
    "recall": 0.975609756097561,
    "f1-score": 0.9236947791164659,
    "support": 943.0
  },
  "1": {
    "precision": 0.3235294117647059,
    "recall": 0.07857142857142857,
    "f1-score": 0.12643678160919541,
    "support": 140.0
  },
  "accuracy": 0.8596491228070176,
  "macro avg": {
    "precision": 0.6002775752817809,
    "recall": 0.5270905923344947,
    "f1-score": 0.5250657803628307,
    "support": 1083.0
  },
  "weighted avg": {
    "precision": 0.8054749670677562,
    "recall": 0.8596491228070176,
    "f1-score": 0.8206328034460892,
    "support": 1083.0
  },
  "auc": 0.7047038327526132,
  "label_2_support": 0,
  "label_1_support": 140,
  "label_-1_support": 316,
  "label_0_support": 627
}