{
  "0": {
    "precision": 0.7288888888888889,
    "recall": 0.787515006002401,
    "f1-score": 0.757068667051356,
    "support": 833.0
  },
  "1": {
    "precision": 0.45871559633027525,
    "recall": 0.38071065989847713,
    "f1-score": 0.4160887656033287,
    "support": 394.0
  },
  "accuracy": 0.6568867155664222,
  "macro avg": {
    "precision": 0.5938022426095821,
    "recall": 0.584112832950439,
    "f1-score": 0.5865787163273424,
    "support": 1227.0
  },
  "weighted avg": {
    "precision": 0.6421339766899535,
    "recall": 0.6568867155664222,
    "f1-score": 0.6475771583549235,
    "support": 1227.0
  },
  "auc": 0.6427108914631843,
  "label_2_support": 0,
  "label_1_support": 394,
  "label_-1_support": 345,
  "label_0_support": 488
}