{
  "0": {
    "precision": 0.7219047619047619,
    "recall": 0.5508720930232558,
    "f1-score": 0.6248969497114591,
    "support": 688.0
  },
  "1": {
    "precision": 0.49837662337662336,
    "recall": 0.6777041942604857,
    "f1-score": 0.5743685687558466,
    "support": 453.0
  },
  "accuracy": 0.6012269938650306,
  "macro avg": {
    "precision": 0.6101406926406927,
    "recall": 0.6142881436418708,
    "f1-score": 0.5996327592336529,
    "support": 1141.0
  },
  "weighted avg": {
    "precision": 0.6331595850833361,
    "recall": 0.6012269938650306,
    "f1-score": 0.6048361639332887,
    "support": 1141.0
  },
  "auc": 0.6507039632424663,
  "label_2_support": 0,
  "label_1_support": 453,
  "label_-1_support": 415,
  "label_0_support": 273
}