{
  "0": {
    "precision": 0.6804308797127468,
    "recall": 0.5977917981072555,
    "f1-score": 0.6364399664147775,
    "support": 634.0
  },
  "1": {
    "precision": 0.543010752688172,
    "recall": 0.6299376299376299,
    "f1-score": 0.5832531280076997,
    "support": 481.0
  },
  "accuracy": 0.611659192825112,
  "macro avg": {
    "precision": 0.6117208162004595,
    "recall": 0.6138647140224427,
    "f1-score": 0.6098465472112387,
    "support": 1115.0
  },
  "weighted avg": {
    "precision": 0.6211491926286029,
    "recall": 0.611659192825112,
    "f1-score": 0.6134956890391682,
    "support": 1115.0
  },
  "auc": 0.6636574696511605,
  "label_2_support": 0,
  "label_1_support": 481,
  "label_-1_support": 394,
  "label_0_support": 240
}