{
  "0": {
    "precision": 0.851037851037851,
    "recall": 0.5607401448109413,
    "f1-score": 0.6760426770126091,
    "support": 1243.0
  },
  "1": {
    "precision": 0.5376799322607959,
    "recall": 0.8388375165125496,
    "f1-score": 0.6553147574819401,
    "support": 757.0
  },
  "accuracy": 0.666,
  "macro avg": {
    "precision": 0.6943588916493235,
    "recall": 0.6997888306617455,
    "f1-score": 0.6656787172472747,
    "support": 2000.0
  },
  "weighted avg": {
    "precision": 0.7324318787807357,
    "recall": 0.666,
    "f1-score": 0.6681971594702509,
    "support": 2000.0
  },
  "auc": 0.78818078730986,
  "label_2_support": 0,
  "label_1_support": 757,
  "label_-1_support": 610,
  "label_0_support": 633
}