{
  "0": {
    "precision": 0.4976303317535545,
    "recall": 0.3181818181818182,
    "f1-score": 0.38817005545286504,
    "support": 330.0
  },
  "1": {
    "precision": 0.6570121951219512,
    "recall": 0.8026070763500931,
    "f1-score": 0.7225481978206203,
    "support": 537.0
  },
  "accuracy": 0.6182237600922722,
  "macro avg": {
    "precision": 0.5773212634377528,
    "recall": 0.5603944472659557,
    "f1-score": 0.5553591266367427,
    "support": 867.0
  },
  "weighted avg": {
    "precision": 0.5963478180613159,
    "recall": 0.6182237600922722,
    "f1-score": 0.5952762405180145,
    "support": 867.0
  },
  "auc": 0.6077111901134247,
  "label_2_support": 0,
  "label_1_support": 537,
  "label_-1_support": 302,
  "label_0_support": 28
}