{
  "0": {
    "precision": 0.8953934740882917,
    "recall": 0.9678423236514523,
    "f1-score": 0.9302093718843469,
    "support": 964.0
  },
  "1": {
    "precision": 0.24390243902439024,
    "recall": 0.08403361344537816,
    "f1-score": 0.125,
    "support": 119.0
  },
  "accuracy": 0.8707294552169899,
  "macro avg": {
    "precision": 0.569647956556341,
    "recall": 0.5259379685484152,
    "f1-score": 0.5276046859421735,
    "support": 1083.0
  },
  "weighted avg": {
    "precision": 0.8238076632179276,
    "recall": 0.8707294552169899,
    "f1-score": 0.8417329958416533,
    "support": 1083.0
  },
  "auc": 0.6271487848251334,
  "label_2_support": 0,
  "label_1_support": 119,
  "label_-1_support": 209,
  "label_0_support": 755
}