{
  "0": {
    "precision": 0.860392967942089,
    "recall": 0.942242355605889,
    "f1-score": 0.8994594594594595,
    "support": 883.0
  },
  "1": {
    "precision": 0.43333333333333335,
    "recall": 0.22413793103448276,
    "f1-score": 0.29545454545454547,
    "support": 174.0
  },
  "accuracy": 0.8240302743614002,
  "macro avg": {
    "precision": 0.6468631506377112,
    "recall": 0.5831901433201858,
    "f1-score": 0.5974570024570025,
    "support": 1057.0
  },
  "weighted avg": {
    "precision": 0.7900917603527573,
    "recall": 0.8240302743614002,
    "f1-score": 0.8000300791029268,
    "support": 1057.0
  },
  "auc": 0.6710274534307026,
  "label_2_support": 0,
  "label_1_support": 174,
  "label_-1_support": 363,
  "label_0_support": 520
}