{
  "0": {
    "precision": 0.8622327790973872,
    "recall": 0.9565217391304348,
    "f1-score": 0.9069331667707683,
    "support": 1518.0
  },
  "1": {
    "precision": 0.3592233009708738,
    "recall": 0.137546468401487,
    "f1-score": 0.1989247311827957,
    "support": 269.0
  },
  "accuracy": 0.8332400671516508,
  "macro avg": {
    "precision": 0.6107280400341305,
    "recall": 0.547034103765961,
    "f1-score": 0.552928948976782,
    "support": 1787.0
  },
  "weighted avg": {
    "precision": 0.7865139488701727,
    "recall": 0.8332400671516508,
    "f1-score": 0.8003555119452704,
    "support": 1787.0
  },
  "auc": 0.6274654578759962,
  "label_2_support": 0,
  "label_1_support": 269,
  "label_-1_support": 402,
  "label_0_support": 1116
}