{
  "0": {
    "precision": 0.8280542986425339,
    "recall": 0.9301143583227446,
    "f1-score": 0.8761220825852782,
    "support": 787.0
  },
  "1": {
    "precision": 0.2857142857142857,
    "recall": 0.12643678160919541,
    "f1-score": 0.1752988047808765,
    "support": 174.0
  },
  "accuracy": 0.7845993756503642,
  "macro avg": {
    "precision": 0.5568842921784098,
    "recall": 0.52827556996597,
    "f1-score": 0.5257104436830774,
    "support": 961.0
  },
  "weighted avg": {
    "precision": 0.7298574596732152,
    "recall": 0.7845993756503642,
    "f1-score": 0.7492300426914531,
    "support": 961.0
  },
  "auc": 0.602827556996597,
  "label_2_support": 0,
  "label_1_support": 174,
  "label_-1_support": 268,
  "label_0_support": 519
}