{
  "0": {
    "precision": 0.734,
    "recall": 0.5461309523809523,
    "f1-score": 0.6262798634812287,
    "support": 672.0
  },
  "1": {
    "precision": 0.4592198581560284,
    "recall": 0.6607142857142857,
    "f1-score": 0.5418410041841004,
    "support": 392.0
  },
  "accuracy": 0.5883458646616542,
  "macro avg": {
    "precision": 0.5966099290780142,
    "recall": 0.6034226190476191,
    "f1-score": 0.5840604338326645,
    "support": 1064.0
  },
  "weighted avg": {
    "precision": 0.6327652108995894,
    "recall": 0.5883458646616542,
    "f1-score": 0.595170810055971,
    "support": 1064.0
  },
  "auc": 0.6470537991982508,
  "label_2_support": 0,
  "label_1_support": 392,
  "label_-1_support": 359,
  "label_0_support": 313
}