{
  "0": {
    "precision": 0.8304635761589404,
    "recall": 0.8542234332425068,
    "f1-score": 0.842175957018133,
    "support": 734.0
  },
  "1": {
    "precision": 0.34355828220858897,
    "recall": 0.30434782608695654,
    "f1-score": 0.3227665706051873,
    "support": 184.0
  },
  "accuracy": 0.7440087145969498,
  "macro avg": {
    "precision": 0.5870109291837646,
    "recall": 0.5792856296647317,
    "f1-score": 0.5824712638116601,
    "support": 918.0
  },
  "weighted avg": {
    "precision": 0.7328703581993927,
    "recall": 0.7440087145969498,
    "f1-score": 0.7380677575628148,
    "support": 918.0
  },
  "auc": 0.6518925482762705,
  "label_2_support": 0,
  "label_1_support": 184,
  "label_-1_support": 366,
  "label_0_support": 368
}