{
  "0": {
    "precision": 0.7052896725440806,
    "recall": 0.4819277108433735,
    "f1-score": 0.5725971370143149,
    "support": 581.0
  },
  "1": {
    "precision": 0.573049645390071,
    "recall": 0.7754318618042226,
    "f1-score": 0.6590538336052202,
    "support": 521.0
  },
  "accuracy": 0.6206896551724138,
  "macro avg": {
    "precision": 0.6391696589670758,
    "recall": 0.6286797863237981,
    "f1-score": 0.6158254853097676,
    "support": 1102.0
  },
  "weighted avg": {
    "precision": 0.6427696597062956,
    "recall": 0.6206896551724138,
    "f1-score": 0.6134718547310678,
    "support": 1102.0
  },
  "auc": 0.6626638167696837,
  "label_2_support": 0,
  "label_1_support": 521,
  "label_-1_support": 398,
  "label_0_support": 183
}