{
  "0": {
    "precision": 0.6894075403949731,
    "recall": 0.6104928457869634,
    "f1-score": 0.6475548060708263,
    "support": 629.0
  },
  "1": {
    "precision": 0.49064449064449067,
    "recall": 0.5770171149144254,
    "f1-score": 0.5303370786516854,
    "support": 409.0
  },
  "accuracy": 0.5973025048169557,
  "macro avg": {
    "precision": 0.5900260155197319,
    "recall": 0.5937549803506944,
    "f1-score": 0.5889459423612559,
    "support": 1038.0
  },
  "weighted avg": {
    "precision": 0.6110895371695904,
    "recall": 0.5973025048169557,
    "f1-score": 0.6013678595251339,
    "support": 1038.0
  },
  "auc": 0.6371991868180563,
  "label_2_support": 0,
  "label_1_support": 409,
  "label_-1_support": 358,
  "label_0_support": 271
}