{
  "0": {
    "precision": 0.4410377358490566,
    "recall": 0.5342857142857143,
    "f1-score": 0.48320413436692505,
    "support": 350.0
  },
  "1": {
    "precision": 0.6901140684410646,
    "recall": 0.605,
    "f1-score": 0.6447602131438721,
    "support": 600.0
  },
  "accuracy": 0.5789473684210527,
  "macro avg": {
    "precision": 0.5655759021450606,
    "recall": 0.5696428571428571,
    "f1-score": 0.5639821737553986,
    "support": 950.0
  },
  "weighted avg": {
    "precision": 0.5983491038019038,
    "recall": 0.5789473684210527,
    "f1-score": 0.585239552541839,
    "support": 950.0
  },
  "auc": 0.611654761904762,
  "label_2_support": 0,
  "label_1_support": 600,
  "label_-1_support": 286,
  "label_0_support": 64
}