{
  "0": {
    "precision": 0.8490566037735849,
    "recall": 0.9763313609467456,
    "f1-score": 0.908256880733945,
    "support": 1014.0
  },
  "1": {
    "precision": 0.48936170212765956,
    "recall": 0.11557788944723618,
    "f1-score": 0.18699186991869918,
    "support": 199.0
  },
  "accuracy": 0.8351195383347073,
  "macro avg": {
    "precision": 0.6692091529506222,
    "recall": 0.5459546251969909,
    "f1-score": 0.547624375326322,
    "support": 1213.0
  },
  "weighted avg": {
    "precision": 0.7900464756387628,
    "recall": 0.8351195383347073,
    "f1-score": 0.7899289853075361,
    "support": 1213.0
  },
  "auc": 0.6297909666676579,
  "label_2_support": 0,
  "label_1_support": 199,
  "label_-1_support": 303,
  "label_0_support": 711
}