{
  "0": {
    "precision": 0.6474530831099196,
    "recall": 0.7511664074650077,
    "f1-score": 0.6954643628509719,
    "support": 643.0
  },
  "1": {
    "precision": 0.5031055900621118,
    "recall": 0.3811764705882353,
    "f1-score": 0.43373493975903615,
    "support": 425.0
  },
  "accuracy": 0.6039325842696629,
  "macro avg": {
    "precision": 0.5752793365860156,
    "recall": 0.5661714390266215,
    "f1-score": 0.564599651305004,
    "support": 1068.0
  },
  "weighted avg": {
    "precision": 0.5900114309139287,
    "recall": 0.6039325842696629,
    "f1-score": 0.5913117366205668,
    "support": 1068.0
  },
  "auc": 0.6033391272527673,
  "label_2_support": 0,
  "label_1_support": 425,
  "label_-1_support": 350,
  "label_0_support": 293
}