{
  "0": {
    "precision": 0.8449525934188511,
    "recall": 0.9960552268244576,
    "f1-score": 0.9143029571514786,
    "support": 1521.0
  },
  "1": {
    "precision": 0.45454545454545453,
    "recall": 0.0176678445229682,
    "f1-score": 0.034013605442176874,
    "support": 283.0
  },
  "accuracy": 0.8425720620842572,
  "macro avg": {
    "precision": 0.6497490239821528,
    "recall": 0.5068615356737128,
    "f1-score": 0.47415828129682774,
    "support": 1804.0
  },
  "weighted avg": {
    "precision": 0.7837080145379358,
    "recall": 0.8425720620842572,
    "f1-score": 0.7762087850152632,
    "support": 1804.0
  },
  "auc": 0.580869011692605,
  "label_2_support": 0,
  "label_1_support": 283,
  "label_-1_support": 517,
  "label_0_support": 1004
}