{
  "0": {
    "precision": 0.7164634146341463,
    "recall": 0.7401574803149606,
    "f1-score": 0.7281177381874516,
    "support": 635.0
  },
  "1": {
    "precision": 0.60431654676259,
    "recall": 0.5753424657534246,
    "f1-score": 0.5894736842105263,
    "support": 438.0
  },
  "accuracy": 0.6728797763280522,
  "macro avg": {
    "precision": 0.6603899806983682,
    "recall": 0.6577499730341927,
    "f1-score": 0.6587957111989889,
    "support": 1073.0
  },
  "weighted avg": {
    "precision": 0.6706849168450115,
    "recall": 0.6728797763280522,
    "f1-score": 0.6715230544578213,
    "support": 1073.0
  },
  "auc": 0.7167529572502067,
  "label_2_support": 0,
  "label_1_support": 438,
  "label_-1_support": 344,
  "label_0_support": 291
}