{
  "0": {
    "precision": 0.8741463414634146,
    "recall": 0.9343065693430657,
    "f1-score": 0.9032258064516129,
    "support": 959.0
  },
  "1": {
    "precision": 0.31521739130434784,
    "recall": 0.18354430379746836,
    "f1-score": 0.232,
    "support": 158.0
  },
  "accuracy": 0.8281110116383169,
  "macro avg": {
    "precision": 0.5946818663838812,
    "recall": 0.558925436570267,
    "f1-score": 0.5676129032258065,
    "support": 1117.0
  },
  "weighted avg": {
    "precision": 0.7950856663290077,
    "recall": 0.8281110116383169,
    "f1-score": 0.8082807058076067,
    "support": 1117.0
  },
  "auc": 0.661204313565027,
  "label_2_support": 0,
  "label_1_support": 158,
  "label_-1_support": 311,
  "label_0_support": 648
}