{
  "0": {
    "precision": 0.7470355731225297,
    "recall": 0.6307007786429366,
    "f1-score": 0.6839565741857659,
    "support": 899.0
  },
  "1": {
    "precision": 0.3210633946830266,
    "recall": 0.4498567335243553,
    "f1-score": 0.3747016706443914,
    "support": 349.0
  },
  "accuracy": 0.5801282051282052,
  "macro avg": {
    "precision": 0.5340494839027781,
    "recall": 0.540278756083646,
    "f1-score": 0.5293291224150787,
    "support": 1248.0
  },
  "weighted avg": {
    "precision": 0.6279135456582775,
    "recall": 0.5801282051282052,
    "f1-score": 0.5974742333717117,
    "support": 1248.0
  },
  "auc": 0.5430739662981154,
  "label_2_support": 0,
  "label_1_support": 349,
  "label_-1_support": 427,
  "label_0_support": 472
}