{
  "0": {
    "precision": 0.41431924882629106,
    "recall": 0.8694581280788177,
    "f1-score": 0.56120826709062,
    "support": 406.0
  },
  "1": {
    "precision": 0.7165775401069518,
    "recall": 0.21169036334913113,
    "f1-score": 0.32682926829268294,
    "support": 633.0
  },
  "accuracy": 0.4687199230028874,
  "macro avg": {
    "precision": 0.5654483944666214,
    "recall": 0.5405742457139744,
    "f1-score": 0.4440187676916515,
    "support": 1039.0
  },
  "weighted avg": {
    "precision": 0.5984669854775502,
    "recall": 0.4687199230028874,
    "f1-score": 0.41841528707224257,
    "support": 1039.0
  },
  "auc": 0.5732126320049183,
  "label_2_support": 0,
  "label_1_support": 633,
  "label_-1_support": 373,
  "label_0_support": 33
}