{
  "0": {
    "precision": 0.6010544815465729,
    "recall": 0.5463258785942492,
    "f1-score": 0.5723849372384937,
    "support": 626.0
  },
  "1": {
    "precision": 0.44422700587084146,
    "recall": 0.5,
    "f1-score": 0.47046632124352333,
    "support": 454.0
  },
  "accuracy": 0.5268518518518519,
  "macro avg": {
    "precision": 0.5226407437087072,
    "recall": 0.5231629392971247,
    "f1-score": 0.5214256292410085,
    "support": 1080.0
  },
  "weighted avg": {
    "precision": 0.5351288575125154,
    "recall": 0.5268518518518519,
    "f1-score": 0.5295413708850525,
    "support": 1080.0
  },
  "auc": 0.5343081026305049,
  "label_2_support": 0,
  "label_1_support": 454,
  "label_-1_support": 438,
  "label_0_support": 188
}