{
  "0": {
    "precision": 0.5877862595419847,
    "recall": 0.16176470588235295,
    "f1-score": 0.25370675453047775,
    "support": 476.0
  },
  "1": {
    "precision": 0.5615384615384615,
    "recall": 0.904424778761062,
    "f1-score": 0.6928813559322033,
    "support": 565.0
  },
  "accuracy": 0.5648414985590778,
  "macro avg": {
    "precision": 0.5746623605402231,
    "recall": 0.5330947423217075,
    "f1-score": 0.47329405523134055,
    "support": 1041.0
  },
  "weighted avg": {
    "precision": 0.5735403365141359,
    "recall": 0.5648414985590778,
    "f1-score": 0.49206760927781196,
    "support": 1041.0
  },
  "auc": 0.5686788874841973,
  "label_2_support": 0,
  "label_1_support": 565,
  "label_-1_support": 382,
  "label_0_support": 94
}