{
  "0": {
    "precision": 0.6032608695652174,
    "recall": 0.2846153846153846,
    "f1-score": 0.3867595818815331,
    "support": 390.0
  },
  "1": {
    "precision": 0.6114206128133705,
    "recall": 0.857421875,
    "f1-score": 0.7138211382113822,
    "support": 512.0
  },
  "accuracy": 0.6097560975609756,
  "macro avg": {
    "precision": 0.6073407411892939,
    "recall": 0.5710186298076922,
    "f1-score": 0.5502903600464576,
    "support": 902.0
  },
  "weighted avg": {
    "precision": 0.607892564180577,
    "recall": 0.6097560975609756,
    "f1-score": 0.5724087136341747,
    "support": 902.0
  },
  "auc": 0.6022886618589743,
  "label_2_support": 0,
  "label_1_support": 512,
  "label_-1_support": 336,
  "label_0_support": 54
}