{
  "0": {
    "precision": 0.6712328767123288,
    "recall": 0.3237885462555066,
    "f1-score": 0.43684992570579495,
    "support": 454.0
  },
  "1": {
    "precision": 0.5759668508287292,
    "recall": 0.852760736196319,
    "f1-score": 0.6875515251442704,
    "support": 489.0
  },
  "accuracy": 0.5980911983032874,
  "macro avg": {
    "precision": 0.623599863770529,
    "recall": 0.5882746412259128,
    "f1-score": 0.5622007254250327,
    "support": 943.0
  },
  "weighted avg": {
    "precision": 0.6218319364609183,
    "recall": 0.5980911983032874,
    "f1-score": 0.5668531941314732,
    "support": 943.0
  },
  "auc": 0.6393588461573111,
  "label_2_support": 0,
  "label_1_support": 489,
  "label_-1_support": 345,
  "label_0_support": 109
}