{
  "0": {
    "precision": 0.8653326122228231,
    "recall": 0.9768009768009768,
    "f1-score": 0.9176942930886148,
    "support": 1638.0
  },
  "1": {
    "precision": 0.49333333333333335,
    "recall": 0.12937062937062938,
    "f1-score": 0.20498614958448755,
    "support": 286.0
  },
  "accuracy": 0.8508316008316008,
  "macro avg": {
    "precision": 0.6793329727780782,
    "recall": 0.553085803085803,
    "f1-score": 0.5613402213365511,
    "support": 1924.0
  },
  "weighted avg": {
    "precision": 0.8100354221176286,
    "recall": 0.8508316008316008,
    "f1-score": 0.8117511906758392,
    "support": 1924.0
  },
  "auc": 0.6552688764227226,
  "label_2_support": 0,
  "label_1_support": 286,
  "label_-1_support": 491,
  "label_0_support": 1147
}