{
  "0": {
    "precision": 0.8855491329479769,
    "recall": 0.9720812182741116,
    "f1-score": 0.926799758015729,
    "support": 788.0
  },
  "1": {
    "precision": 0.37142857142857144,
    "recall": 0.11607142857142858,
    "f1-score": 0.17687074829931973,
    "support": 112.0
  },
  "accuracy": 0.8655555555555555,
  "macro avg": {
    "precision": 0.6284888521882741,
    "recall": 0.5440763234227701,
    "f1-score": 0.5518352531575244,
    "support": 900.0
  },
  "weighted avg": {
    "precision": 0.8215696852922287,
    "recall": 0.8655555555555555,
    "f1-score": 0.8334752590287982,
    "support": 900.0
  },
  "auc": 0.7157133792603334,
  "label_2_support": 0,
  "label_1_support": 112,
  "label_-1_support": 98,
  "label_0_support": 690
}