{
  "0": {
    "precision": 0.7776223776223776,
    "recall": 0.6822085889570552,
    "f1-score": 0.726797385620915,
    "support": 815.0
  },
  "1": {
    "precision": 0.4670781893004115,
    "recall": 0.5880829015544041,
    "f1-score": 0.5206422018348624,
    "support": 386.0
  },
  "accuracy": 0.6519567027477102,
  "macro avg": {
    "precision": 0.6223502834613945,
    "recall": 0.6351457452557296,
    "f1-score": 0.6237197937278887,
    "support": 1201.0
  },
  "weighted avg": {
    "precision": 0.6778138374955841,
    "recall": 0.6519567027477102,
    "f1-score": 0.660539349866197,
    "support": 1201.0
  },
  "auc": 0.6824549413522363,
  "label_2_support": 0,
  "label_1_support": 386,
  "label_-1_support": 370,
  "label_0_support": 445
}