{
  "0": {
    "precision": 0.5420560747663551,
    "recall": 0.47540983606557374,
    "f1-score": 0.5065502183406113,
    "support": 488.0
  },
  "1": {
    "precision": 0.46443514644351463,
    "recall": 0.5311004784688995,
    "f1-score": 0.4955357142857143,
    "support": 418.0
  },
  "accuracy": 0.5011037527593819,
  "macro avg": {
    "precision": 0.5032456106049349,
    "recall": 0.5032551572672366,
    "f1-score": 0.5010429663131628,
    "support": 906.0
  },
  "weighted avg": {
    "precision": 0.506244211588709,
    "recall": 0.5011037527593819,
    "f1-score": 0.5014684714366964,
    "support": 906.0
  },
  "auc": 0.49344066201270687,
  "label_2_support": 0,
  "label_1_support": 418,
  "label_-1_support": 401,
  "label_0_support": 87
}