{
  "0": {
    "precision": 0.5732484076433121,
    "recall": 0.35019455252918286,
    "f1-score": 0.43478260869565216,
    "support": 514.0
  },
  "1": {
    "precision": 0.4586709886547812,
    "recall": 0.6786570743405276,
    "f1-score": 0.5473887814313346,
    "support": 417.0
  },
  "accuracy": 0.49731471535982813,
  "macro avg": {
    "precision": 0.5159596981490466,
    "recall": 0.5144258134348552,
    "f1-score": 0.4910856950634934,
    "support": 931.0
  },
  "weighted avg": {
    "precision": 0.5219285540254631,
    "recall": 0.49731471535982813,
    "f1-score": 0.4852195303184015,
    "support": 931.0
  },
  "auc": 0.5289822616614879,
  "label_2_support": 0,
  "label_1_support": 417,
  "label_-1_support": 334,
  "label_0_support": 180
}