{
  "0": {
    "precision": 0.7399527186761229,
    "recall": 0.9343283582089552,
    "f1-score": 0.8258575197889182,
    "support": 1005.0
  },
  "1": {
    "precision": 0.4961832061068702,
    "recall": 0.16455696202531644,
    "f1-score": 0.24714828897338403,
    "support": 395.0
  },
  "accuracy": 0.7171428571428572,
  "macro avg": {
    "precision": 0.6180679623914965,
    "recall": 0.5494426601171358,
    "f1-score": 0.5365029043811511,
    "support": 1400.0
  },
  "weighted avg": {
    "precision": 0.6711748919155123,
    "recall": 0.7171428571428572,
    "f1-score": 0.6625788439516782,
    "support": 1400.0
  },
  "auc": 0.6669059764468795,
  "label_2_support": 0,
  "label_1_support": 395,
  "label_-1_support": 399,
  "label_0_support": 606
}