{
  "0": {
    "precision": 0.6995412844036697,
    "recall": 0.7810499359795134,
    "f1-score": 0.7380520266182699,
    "support": 781.0
  },
  "1": {
    "precision": 0.49258160237388726,
    "recall": 0.3878504672897196,
    "f1-score": 0.4339869281045752,
    "support": 428.0
  },
  "accuracy": 0.6418527708850289,
  "macro avg": {
    "precision": 0.5960614433887785,
    "recall": 0.5844502016346165,
    "f1-score": 0.5860194773614225,
    "support": 1209.0
  },
  "weighted avg": {
    "precision": 0.626275160409669,
    "recall": 0.6418527708850289,
    "f1-score": 0.6304094607259114,
    "support": 1209.0
  },
  "auc": 0.6299541086792633,
  "label_2_support": 0,
  "label_1_support": 428,
  "label_-1_support": 372,
  "label_0_support": 409
}