{
  "0": {
    "precision": 0.48148148148148145,
    "recall": 0.3629441624365482,
    "f1-score": 0.41389290882778584,
    "support": 394.0
  },
  "1": {
    "precision": 0.6028481012658228,
    "recall": 0.7121495327102804,
    "f1-score": 0.6529562982005142,
    "support": 535.0
  },
  "accuracy": 0.5640473627556513,
  "macro avg": {
    "precision": 0.5421647913736521,
    "recall": 0.5375468475734143,
    "f1-score": 0.53342460351415,
    "support": 929.0
  },
  "weighted avg": {
    "precision": 0.5513750676866725,
    "recall": 0.5640473627556513,
    "f1-score": 0.551566658358905,
    "support": 929.0
  },
  "auc": 0.5642369182598795,
  "label_2_support": 0,
  "label_1_support": 535,
  "label_-1_support": 341,
  "label_0_support": 53
}