{
  "0": {
    "precision": 0.8754764930114358,
    "recall": 0.8732572877059569,
    "f1-score": 0.8743654822335025,
    "support": 789.0
  },
  "1": {
    "precision": 0.1935483870967742,
    "recall": 0.19672131147540983,
    "f1-score": 0.1951219512195122,
    "support": 122.0
  },
  "accuracy": 0.7826564215148188,
  "macro avg": {
    "precision": 0.534512440054105,
    "recall": 0.5349892995906833,
    "f1-score": 0.5347437167265073,
    "support": 911.0
  },
  "weighted avg": {
    "precision": 0.7841535194421837,
    "recall": 0.7826564215148188,
    "f1-score": 0.783402023634483,
    "support": 911.0
  },
  "auc": 0.5534189366078665,
  "label_2_support": 0,
  "label_1_support": 122,
  "label_-1_support": 216,
  "label_0_support": 573
}