{
  "0": {
    "precision": 0.7032258064516129,
    "recall": 0.7228116710875332,
    "f1-score": 0.7128842380640942,
    "support": 754.0
  },
  "1": {
    "precision": 0.5093896713615024,
    "recall": 0.4854586129753915,
    "f1-score": 0.49713631156930127,
    "support": 447.0
  },
  "accuracy": 0.6344712739383847,
  "macro avg": {
    "precision": 0.6063077389065576,
    "recall": 0.6041351420314623,
    "f1-score": 0.6050102748166977,
    "support": 1201.0
  },
  "weighted avg": {
    "precision": 0.6310819659975917,
    "recall": 0.6344712739383847,
    "f1-score": 0.6325850514336425,
    "support": 1201.0
  },
  "auc": 0.643897720731787,
  "label_2_support": 0,
  "label_1_support": 447,
  "label_-1_support": 326,
  "label_0_support": 428
}