{
  "0": {
    "precision": 0.7851605758582503,
    "recall": 0.6096302665520207,
    "f1-score": 0.686350435624395,
    "support": 1163.0
  },
  "1": {
    "precision": 0.6898907103825137,
    "recall": 0.8388704318936877,
    "f1-score": 0.7571214392803598,
    "support": 1204.0
  },
  "accuracy": 0.7262357414448669,
  "macro avg": {
    "precision": 0.737525643120382,
    "recall": 0.7242503492228543,
    "f1-score": 0.7217359374523774,
    "support": 2367.0
  },
  "weighted avg": {
    "precision": 0.7367005344417793,
    "recall": 0.7262357414448669,
    "f1-score": 0.7223488675643112,
    "support": 2367.0
  },
  "auc": 0.8028669125271737,
  "label_2_support": 0,
  "label_1_support": 1204,
  "label_-1_support": 475,
  "label_0_support": 688
}