{
  "0": {
    "precision": 0.6537867078825348,
    "recall": 0.6693037974683544,
    "f1-score": 0.6614542611415168,
    "support": 632.0
  },
  "1": {
    "precision": 0.5023809523809524,
    "recall": 0.4850574712643678,
    "f1-score": 0.4935672514619883,
    "support": 435.0
  },
  "accuracy": 0.5941893158388004,
  "macro avg": {
    "precision": 0.5780838301317436,
    "recall": 0.5771806343663611,
    "f1-score": 0.5775107563017525,
    "support": 1067.0
  },
  "weighted avg": {
    "precision": 0.5920608375515242,
    "recall": 0.5941893158388004,
    "f1-score": 0.5930092290791037,
    "support": 1067.0
  },
  "auc": 0.6221682671322566,
  "label_2_support": 0,
  "label_1_support": 435,
  "label_-1_support": 445,
  "label_0_support": 187
}