{
  "0": {
    "precision": 0.47549909255898365,
    "recall": 0.6469135802469136,
    "f1-score": 0.5481171548117155,
    "support": 405.0
  },
  "1": {
    "precision": 0.5806451612903226,
    "recall": 0.406570841889117,
    "f1-score": 0.4782608695652174,
    "support": 487.0
  },
  "accuracy": 0.515695067264574,
  "macro avg": {
    "precision": 0.5280721269246531,
    "recall": 0.5267422110680153,
    "f1-score": 0.5131890121884665,
    "support": 892.0
  },
  "weighted avg": {
    "precision": 0.5329050740300174,
    "recall": 0.515695067264574,
    "f1-score": 0.5099781291222036,
    "support": 892.0
  },
  "auc": 0.5557380789413644,
  "label_2_support": 0,
  "label_1_support": 487,
  "label_-1_support": 345,
  "label_0_support": 60
}