{
  "0": {
    "precision": 0.5780669144981413,
    "recall": 0.3801955990220049,
    "f1-score": 0.45870206489675514,
    "support": 818.0
  },
  "1": {
    "precision": 0.40492957746478875,
    "recall": 0.6031468531468531,
    "f1-score": 0.4845505617977528,
    "support": 572.0
  },
  "accuracy": 0.4719424460431655,
  "macro avg": {
    "precision": 0.491498245981465,
    "recall": 0.49167122608442904,
    "f1-score": 0.47162631334725397,
    "support": 1390.0
  },
  "weighted avg": {
    "precision": 0.5068190319203876,
    "recall": 0.4719424460431655,
    "f1-score": 0.4693390003121298,
    "support": 1390.0
  },
  "auc": 0.5076095970044625,
  "label_2_support": 0,
  "label_1_support": 572,
  "label_-1_support": 490,
  "label_0_support": 328
}