{
  "0": {
    "precision": 0.9227836034318398,
    "recall": 0.6625598904859685,
    "f1-score": 0.7713147410358566,
    "support": 1461.0
  },
  "1": {
    "precision": 0.5912106135986733,
    "recall": 0.8979848866498741,
    "f1-score": 0.713,
    "support": 794.0
  },
  "accuracy": 0.7454545454545455,
  "macro avg": {
    "precision": 0.7569971085152566,
    "recall": 0.7802723885679212,
    "f1-score": 0.7421573705179283,
    "support": 2255.0
  },
  "weighted avg": {
    "precision": 0.8060346216457938,
    "recall": 0.7454545454545455,
    "f1-score": 0.7507817457442955,
    "support": 2255.0
  },
  "auc": 0.8619971483594446,
  "label_2_support": 0,
  "label_1_support": 794,
  "label_-1_support": 419,
  "label_0_support": 1042
}