{
  "0": {
    "precision": 0.9014195583596214,
    "recall": 0.9461920529801324,
    "f1-score": 0.9232633279483037,
    "support": 1208.0
  },
  "1": {
    "precision": 0.2696629213483146,
    "recall": 0.1610738255033557,
    "f1-score": 0.20168067226890757,
    "support": 149.0
  },
  "accuracy": 0.8599852616064849,
  "macro avg": {
    "precision": 0.585541239853968,
    "recall": 0.5536329392417441,
    "f1-score": 0.5624720001086057,
    "support": 1357.0
  },
  "weighted avg": {
    "precision": 0.8320520278403253,
    "recall": 0.8599852616064849,
    "f1-score": 0.8440328079068666,
    "support": 1357.0
  },
  "auc": 0.6623349926663408,
  "label_2_support": 0,
  "label_1_support": 149,
  "label_-1_support": 447,
  "label_0_support": 761
}