{
  "0": {
    "precision": 0.4066265060240964,
    "recall": 0.4485049833887043,
    "f1-score": 0.4265402843601896,
    "support": 301.0
  },
  "1": {
    "precision": 0.7195945945945946,
    "recall": 0.6837881219903692,
    "f1-score": 0.7012345679012346,
    "support": 623.0
  },
  "accuracy": 0.6071428571428571,
  "macro avg": {
    "precision": 0.5631105503093455,
    "recall": 0.5661465526895367,
    "f1-score": 0.5638874261307121,
    "support": 924.0
  },
  "weighted avg": {
    "precision": 0.6176428687723868,
    "recall": 0.6071428571428571,
    "f1-score": 0.6117508240204396,
    "support": 924.0
  },
  "auc": 0.6033206593324552,
  "label_2_support": 0,
  "label_1_support": 623,
  "label_-1_support": 269,
  "label_0_support": 32
}