{
  "0": {
    "precision": 0.6780155642023347,
    "recall": 0.9195250659630607,
    "f1-score": 0.780515117581187,
    "support": 758.0
  },
  "1": {
    "precision": 0.32967032967032966,
    "recall": 0.08310249307479224,
    "f1-score": 0.13274336283185842,
    "support": 361.0
  },
  "accuracy": 0.6496872207327972,
  "macro avg": {
    "precision": 0.5038429469363321,
    "recall": 0.5013137795189265,
    "f1-score": 0.4566292402065227,
    "support": 1119.0
  },
  "weighted avg": {
    "precision": 0.5656360917572464,
    "recall": 0.6496872207327972,
    "f1-score": 0.5715378133233606,
    "support": 1119.0
  },
  "auc": 0.5987947580379919,
  "label_2_support": 0,
  "label_1_support": 361,
  "label_-1_support": 338,
  "label_0_support": 420
}