{
  "0": {
    "precision": 0.6184690157958688,
    "recall": 0.755192878338279,
    "f1-score": 0.6800267201068805,
    "support": 674.0
  },
  "1": {
    "precision": 0.5338983050847458,
    "recall": 0.3757455268389662,
    "f1-score": 0.441073512252042,
    "support": 503.0
  },
  "accuracy": 0.5930331350892099,
  "macro avg": {
    "precision": 0.5761836604403072,
    "recall": 0.5654692025886225,
    "f1-score": 0.5605501161794613,
    "support": 1177.0
  },
  "weighted avg": {
    "precision": 0.5823270723058986,
    "recall": 0.5930331350892099,
    "f1-score": 0.5779082294093582,
    "support": 1177.0
  },
  "auc": 0.6434597164785766,
  "label_2_support": 0,
  "label_1_support": 503,
  "label_-1_support": 377,
  "label_0_support": 297
}