{
  "0": {
    "precision": 0.8199404761904762,
    "recall": 0.5444664031620553,
    "f1-score": 0.6543942992874109,
    "support": 1012.0
  },
  "1": {
    "precision": 0.43016069221260816,
    "recall": 0.7420042643923241,
    "f1-score": 0.5446009389671361,
    "support": 469.0
  },
  "accuracy": 0.6070222822417286,
  "macro avg": {
    "precision": 0.6250505842015421,
    "recall": 0.6432353337771897,
    "f1-score": 0.5994976191272735,
    "support": 1481.0
  },
  "weighted avg": {
    "precision": 0.6965058248159859,
    "recall": 0.6070222822417286,
    "f1-score": 0.6196251662757911,
    "support": 1481.0
  },
  "auc": 0.6914710046604919,
  "label_2_support": 0,
  "label_1_support": 469,
  "label_-1_support": 400,
  "label_0_support": 612
}