{
  "0": {
    "precision": 0.8726386349786716,
    "recall": 0.9496021220159151,
    "f1-score": 0.909495077802477,
    "support": 1508.0
  },
  "1": {
    "precision": 0.3821138211382114,
    "recall": 0.18359375,
    "f1-score": 0.24802110817941952,
    "support": 256.0
  },
  "accuracy": 0.8384353741496599,
  "macro avg": {
    "precision": 0.6273762280584415,
    "recall": 0.5665979360079576,
    "f1-score": 0.5787580929909483,
    "support": 1764.0
  },
  "weighted avg": {
    "precision": 0.8014513604077204,
    "recall": 0.8384353741496599,
    "f1-score": 0.8134988554535526,
    "support": 1764.0
  },
  "auc": 0.6391523851956233,
  "label_2_support": 0,
  "label_1_support": 256,
  "label_-1_support": 385,
  "label_0_support": 1123
}