{
  "0": {
    "precision": 0.8277511961722488,
    "recall": 0.9740990990990991,
    "f1-score": 0.8949818934299018,
    "support": 888.0
  },
  "1": {
    "precision": 0.23333333333333334,
    "recall": 0.0374331550802139,
    "f1-score": 0.06451612903225806,
    "support": 187.0
  },
  "accuracy": 0.8111627906976744,
  "macro avg": {
    "precision": 0.5305422647527911,
    "recall": 0.5057661270896565,
    "f1-score": 0.47974901123107994,
    "support": 1075.0
  },
  "weighted avg": {
    "precision": 0.7243501353807351,
    "recall": 0.8111627906976744,
    "f1-score": 0.750519476739335,
    "support": 1075.0
  },
  "auc": 0.6171833598304186,
  "label_2_support": 0,
  "label_1_support": 187,
  "label_-1_support": 324,
  "label_0_support": 564
}