{
  "total_entries": 22,
  "tp_count": 17,
  "trail_count": 0,
  "sl_count": 5,
  "hold_count": 0,
  "force_count": 0,
  "win_rate": 0.7727272727272727,
  "loss_rate": 0.22727272727272727,
  "avg_roi": 0.0006363636363635467,
  "cum_roi": 0.013999999999998028,
  "sharpe": 1.1870763778279088,
  "mdd": -0.004023935728193187,
  "avg_roi_gross": 0.001636363636363547,
  "cum_roi_gross": 0.035999999999998034
}