{
  "total_entries": 49,
  "tp_count": 33,
  "trail_count": 0,
  "sl_count": 16,
  "hold_count": 0,
  "force_count": 0,
  "win_rate": 0.673469387755102,
  "loss_rate": 0.32653061224489793,
  "avg_roi": 4.081632653053838e-05,
  "cum_roi": 0.0019999999999963805,
  "sharpe": 0.1015452993073084,
  "mdd": -0.029630337371477976,
  "avg_roi_gross": 0.0010408163265305385,
  "cum_roi_gross": 0.05099999999999638
}