{
  "total_entries": 39,
  "tp_count": 33,
  "trail_count": 0,
  "sl_count": 6,
  "hold_count": 0,
  "force_count": 0,
  "win_rate": 0.8461538461538461,
  "loss_rate": 0.15384615384615385,
  "avg_roi": 0.0019230769230769256,
  "cum_roi": 0.0750000000000001,
  "sharpe": 4.755135881778187,
  "mdd": -0.007984000000000137,
  "avg_roi_gross": 0.002923076923076926,
  "cum_roi_gross": 0.1140000000000001
}