{
  "total_entries": 76,
  "tp_count": 34,
  "trail_count": 0,
  "sl_count": 42,
  "hold_count": 0,
  "force_count": 0,
  "win_rate": 0.4473684210526316,
  "loss_rate": 0.5526315789473685,
  "avg_roi": -0.0004210526315789923,
  "cum_roi": -0.032000000000003415,
  "sharpe": -0.9227895839500487,
  "mdd": -0.07353258914636025,
  "avg_roi_gross": 0.0005789473684210079,
  "cum_roi_gross": 0.0439999999999966
}