{
  "total_entries": 31,
  "tp_count": 25,
  "trail_count": 0,
  "sl_count": 6,
  "hold_count": 0,
  "force_count": 0,
  "win_rate": 0.8064516129032258,
  "loss_rate": 0.1935483870967742,
  "avg_roi": 0.0008387096774192703,
  "cum_roi": 0.02599999999999738,
  "sharpe": 1.9699595784533543,
  "mdd": -0.004000000000000097,
  "avg_roi_gross": 0.0018387096774192704,
  "cum_roi_gross": 0.056999999999997386
}