{
  "total_entries": 32,
  "tp_count": 27,
  "trail_count": 0,
  "sl_count": 5,
  "hold_count": 0,
  "force_count": 0,
  "win_rate": 0.84375,
  "loss_rate": 0.15625,
  "avg_roi": 0.0010624999999999116,
  "cum_roi": 0.03399999999999717,
  "sharpe": 2.7588988081739996,
  "mdd": -0.00599996800000005,
  "avg_roi_gross": 0.0020624999999999116,
  "cum_roi_gross": 0.06599999999999717
}