{
  "total_entries": 52,
  "tp_count": 36,
  "trail_count": 0,
  "sl_count": 16,
  "hold_count": 0,
  "force_count": 0,
  "win_rate": 0.6923076923076923,
  "loss_rate": 0.3076923076923077,
  "avg_roi": 0.0001538461538460715,
  "cum_roi": 0.007999999999995719,
  "sharpe": 0.40061680838467895,
  "mdd": -0.023819927179149332,
  "avg_roi_gross": 0.0011538461538460716,
  "cum_roi_gross": 0.05999999999999572
}