{
  "total_entries": 34,
  "tp_count": 22,
  "trail_count": 0,
  "sl_count": 12,
  "hold_count": 0,
  "force_count": 0,
  "win_rate": 0.6470588235294118,
  "loss_rate": 0.35294117647058826,
  "avg_roi": -0.00011764705882360048,
  "cum_roi": -0.0040000000000024166,
  "sharpe": -0.23924685418857322,
  "mdd": -0.009987864256766864,
  "avg_roi_gross": 0.0008823529411763995,
  "cum_roi_gross": 0.029999999999997584
}