{
  "total_entries": 38,
  "tp_count": 27,
  "trail_count": 0,
  "sl_count": 11,
  "hold_count": 0,
  "force_count": 0,
  "win_rate": 0.7105263157894737,
  "loss_rate": 0.2894736842105263,
  "avg_roi": 0.00026315789473676425,
  "cum_roi": 0.009999999999997043,
  "sharpe": 0.5961592999872338,
  "mdd": -0.02378473699419756,
  "avg_roi_gross": 0.0012631578947367643,
  "cum_roi_gross": 0.047999999999997045
}