{
  "total_entries": 78,
  "tp_count": 44,
  "trail_count": 0,
  "sl_count": 34,
  "hold_count": 0,
  "force_count": 0,
  "win_rate": 0.5641025641025641,
  "loss_rate": 0.4358974358974359,
  "avg_roi": -5.128205128205481e-05,
  "cum_roi": -0.004000000000000275,
  "sharpe": -0.13047985214166227,
  "mdd": -0.030900398986445487,
  "avg_roi_gross": 0.0009487179487179453,
  "cum_roi_gross": 0.07399999999999973
}