{
  "total_entries": 42,
  "tp_count": 26,
  "trail_count": 0,
  "sl_count": 15,
  "hold_count": 0,
  "force_count": 1,
  "win_rate": 0.6190476190476191,
  "loss_rate": 0.35714285714285715,
  "avg_roi": -0.0002142857142857851,
  "cum_roi": -0.009000000000002974,
  "sharpe": -0.48590373118312014,
  "mdd": -0.026754316668609158,
  "avg_roi_gross": 0.0007857142857142151,
  "cum_roi_gross": 0.03299999999999703
}