{
  "total_entries": 42,
  "tp_count": 27,
  "trail_count": 0,
  "sl_count": 14,
  "hold_count": 0,
  "force_count": 1,
  "win_rate": 0.6428571428571429,
  "loss_rate": 0.3333333333333333,
  "avg_roi": -7.142857142864204e-05,
  "cum_roi": -0.0030000000000029656,
  "sharpe": -0.1644519082749622,
  "mdd": -0.019911302167574904,
  "avg_roi_gross": 0.000928571428571358,
  "cum_roi_gross": 0.03899999999999704
}