{
  "total_entries": 74,
  "tp_count": 35,
  "trail_count": 0,
  "sl_count": 38,
  "hold_count": 0,
  "force_count": 1,
  "win_rate": 0.47297297297297297,
  "loss_rate": 0.5135135135135135,
  "avg_roi": -0.0006277306402051905,
  "cum_roi": -0.04645206737518409,
  "sharpe": -1.5534671728231468,
  "mdd": -0.07164170140160851,
  "avg_roi_gross": 0.0003722693597948097,
  "cum_roi_gross": 0.02754793262481592
}