{
  "total_entries": 54,
  "tp_count": 32,
  "trail_count": 0,
  "sl_count": 21,
  "hold_count": 0,
  "force_count": 1,
  "win_rate": 0.5925925925925926,
  "loss_rate": 0.3888888888888889,
  "avg_roi": -0.000394088842250746,
  "cum_roi": -0.021280797481540284,
  "sharpe": -0.9951972823048676,
  "mdd": -0.027133091204162803,
  "avg_roi_gross": 0.0006059111577492541,
  "cum_roi_gross": 0.03271920251845972
}