{
  "total_entries": 21,
  "tp_count": 17,
  "trail_count": 0,
  "sl_count": 3,
  "hold_count": 0,
  "force_count": 1,
  "win_rate": 0.8095238095238095,
  "loss_rate": 0.14285714285714285,
  "avg_roi": 0.0011369657970609235,
  "cum_roi": 0.023876281738279395,
  "sharpe": 2.484231211772201,
  "mdd": -0.007984000000000073,
  "avg_roi_gross": 0.002136965797060924,
  "cum_roi_gross": 0.0448762817382794
}