{
  "total_entries": 15,
  "tp_count": 14,
  "trail_count": 0,
  "sl_count": 1,
  "hold_count": 0,
  "force_count": 0,
  "win_rate": 0.9333333333333333,
  "loss_rate": 0.06666666666666667,
  "avg_roi": 0.0015999999999999058,
  "cum_roi": 0.023999999999998585,
  "sharpe": 4.14039335605403,
  "mdd": -0.003999999999999979,
  "avg_roi_gross": 0.002599999999999906,
  "cum_roi_gross": 0.03899999999999859
}