{
  "total_entries": 305,
  "tp_count": 184,
  "trail_count": 0,
  "sl_count": 120,
  "hold_count": 0,
  "force_count": 1,
  "win_rate": 0.6032786885245902,
  "loss_rate": 0.39344262295081966,
  "avg_roi": -0.0003704918032787566,
  "cum_roi": -0.11300000000002075,
  "sharpe": -2.2096904287113057,
  "mdd": -0.12894858371201715,
  "avg_roi_gross": 0.0006295081967212435,
  "cum_roi_gross": 0.1919999999999793
}