{
  "total_entries": 48,
  "tp_count": 32,
  "trail_count": 0,
  "sl_count": 15,
  "hold_count": 0,
  "force_count": 1,
  "win_rate": 0.6666666666666666,
  "loss_rate": 0.3125,
  "avg_roi": 7.108306884758083e-05,
  "cum_roi": 0.0034119873046838797,
  "sharpe": 0.17783719338703755,
  "mdd": -0.024405656337375837,
  "avg_roi_gross": 0.0010710830688475809,
  "cum_roi_gross": 0.05141198730468388
}