{
  "total_entries": 35,
  "tp_count": 22,
  "trail_count": 0,
  "sl_count": 13,
  "hold_count": 0,
  "force_count": 0,
  "win_rate": 0.6285714285714286,
  "loss_rate": 0.37142857142857144,
  "avg_roi": -0.00022857142857149766,
  "cum_roi": -0.008000000000002418,
  "sharpe": -0.4664335081877767,
  "mdd": -0.01988774825145389,
  "avg_roi_gross": 0.0007714285714285023,
  "cum_roi_gross": 0.02699999999999758
}