{
  "total_entries": 47,
  "tp_count": 34,
  "trail_count": 0,
  "sl_count": 13,
  "hold_count": 0,
  "force_count": 0,
  "win_rate": 0.723404255319149,
  "loss_rate": 0.2765957446808511,
  "avg_roi": 0.0003404255319148143,
  "cum_roi": 0.015999999999996274,
  "sharpe": 0.869573961089916,
  "mdd": -0.01395976120161926,
  "avg_roi_gross": 0.0013404255319148144,
  "cum_roi_gross": 0.06299999999999628
}