{
  "total_entries": 8,
  "tp_count": 7,
  "trail_count": 0,
  "sl_count": 1,
  "hold_count": 0,
  "force_count": 0,
  "win_rate": 0.875,
  "loss_rate": 0.125,
  "avg_roi": 0.0012499999999999048,
  "cum_roi": 0.009999999999999239,
  "sharpe": 1.7817416127493917,
  "mdd": -0.0039999999999999975,
  "avg_roi_gross": 0.002249999999999905,
  "cum_roi_gross": 0.01799999999999924
}