{
  "total_entries": 63,
  "tp_count": 46,
  "trail_count": 0,
  "sl_count": 16,
  "hold_count": 0,
  "force_count": 1,
  "win_rate": 0.7301587301587301,
  "loss_rate": 0.25396825396825395,
  "avg_roi": 0.00044846235002782,
  "cum_roi": 0.02825312805175266,
  "sharpe": 1.3666349582084398,
  "mdd": -0.017903922156813724,
  "avg_roi_gross": 0.0014484623500278203,
  "cum_roi_gross": 0.09125312805175267
}