{
  "total_entries": 53,
  "tp_count": 32,
  "trail_count": 0,
  "sl_count": 20,
  "hold_count": 0,
  "force_count": 1,
  "win_rate": 0.6037735849056604,
  "loss_rate": 0.37735849056603776,
  "avg_roi": 0.0002642321586608896,
  "cum_roi": 0.014004304409027148,
  "sharpe": 0.5678176817060598,
  "mdd": -0.04221547144620736,
  "avg_roi_gross": 0.0012642321586608899,
  "cum_roi_gross": 0.06700430440902716
}