{
  "total_entries": 57,
  "tp_count": 33,
  "trail_count": 0,
  "sl_count": 24,
  "hold_count": 0,
  "force_count": 0,
  "win_rate": 0.5789473684210527,
  "loss_rate": 0.42105263157894735,
  "avg_roi": -0.0005263157894737539,
  "cum_roi": -0.030000000000003975,
  "sharpe": -1.3413584249718478,
  "mdd": -0.0508955801415163,
  "avg_roi_gross": 0.0004736842105262461,
  "cum_roi_gross": 0.026999999999996027
}