{
  "total_entries": 43,
  "tp_count": 31,
  "trail_count": 0,
  "sl_count": 11,
  "hold_count": 0,
  "force_count": 1,
  "win_rate": 0.7209302325581395,
  "loss_rate": 0.2558139534883721,
  "avg_roi": 0.00039271652975739587,
  "cum_roi": 0.016886810779568023,
  "sharpe": 0.9838429247741214,
  "mdd": -0.015927905390838014,
  "avg_roi_gross": 0.0013927165297573962,
  "cum_roi_gross": 0.059886810779568034
}