{
  "total_entries": 16,
  "tp_count": 12,
  "trail_count": 0,
  "sl_count": 4,
  "hold_count": 0,
  "force_count": 0,
  "win_rate": 0.75,
  "loss_rate": 0.25,
  "avg_roi": 0.000499999999999918,
  "cum_roi": 0.007999999999998689,
  "sharpe": 0.7698003589193884,
  "mdd": -0.01196393638399901,
  "avg_roi_gross": 0.001499999999999918,
  "cum_roi_gross": 0.02399999999999869
}