{
  "total_entries": 14,
  "tp_count": 10,
  "trail_count": 0,
  "sl_count": 4,
  "hold_count": 0,
  "force_count": 0,
  "win_rate": 0.7142857142857143,
  "loss_rate": 0.2857142857142857,
  "avg_roi": 0.0002857142857141996,
  "cum_roi": 0.0039999999999987945,
  "sharpe": 0.394405318873194,
  "mdd": -0.007995920064255861,
  "avg_roi_gross": 0.0012857142857141996,
  "cum_roi_gross": 0.017999999999998795
}