{
  "total_entries": 19,
  "tp_count": 12,
  "trail_count": 0,
  "sl_count": 7,
  "hold_count": 0,
  "force_count": 0,
  "win_rate": 0.631578947368421,
  "loss_rate": 0.3684210526315789,
  "avg_roi": -0.00021052631578956065,
  "cum_roi": -0.004000000000001652,
  "sharpe": -0.3170632437372481,
  "mdd": -0.013971609461129797,
  "avg_roi_gross": 0.0007894736842104393,
  "cum_roi_gross": 0.014999999999998348
}