{
  "total_entries": 52,
  "tp_count": 36,
  "trail_count": 0,
  "sl_count": 15,
  "hold_count": 0,
  "force_count": 1,
  "win_rate": 0.6923076923076923,
  "loss_rate": 0.28846153846153844,
  "avg_roi": 0.0009667221766251904,
  "cum_roi": 0.0502695531845099,
  "sharpe": 2.2032919924343353,
  "mdd": -0.03738064702143183,
  "avg_roi_gross": 0.0019667221766251908,
  "cum_roi_gross": 0.10226955318450992
}