{
  "total_entries": 42,
  "tp_count": 32,
  "trail_count": 0,
  "sl_count": 10,
  "hold_count": 0,
  "force_count": 0,
  "win_rate": 0.7619047619047619,
  "loss_rate": 0.23809523809523808,
  "avg_roi": 0.0005714285714284933,
  "cum_roi": 0.02399999999999672,
  "sharpe": 1.4491376746187763,
  "mdd": -0.017892121148540593,
  "avg_roi_gross": 0.0015714285714284934,
  "cum_roi_gross": 0.06599999999999673
}