{
  "total_entries": 78,
  "tp_count": 43,
  "trail_count": 0,
  "sl_count": 35,
  "hold_count": 0,
  "force_count": 0,
  "win_rate": 0.5512820512820513,
  "loss_rate": 0.44871794871794873,
  "avg_roi": 0.0004102564102563501,
  "cum_roi": 0.03199999999999531,
  "sharpe": 0.9106238962373268,
  "mdd": -0.03948743548849949,
  "avg_roi_gross": 0.0014102564102563503,
  "cum_roi_gross": 0.10999999999999532
}