{
  "total_entries": 271,
  "tp_count": 225,
  "trail_count": 0,
  "sl_count": 45,
  "hold_count": 0,
  "force_count": 1,
  "win_rate": 0.8302583025830258,
  "loss_rate": 0.16605166051660517,
  "avg_roi": 0.0009926199261991694,
  "cum_roi": 0.26899999999997487,
  "sharpe": 7.310470265270612,
  "mdd": -0.07724242995901356,
  "avg_roi_gross": 0.0019926199261991696,
  "cum_roi_gross": 0.5399999999999749
}