{
  "total_entries": 80,
  "tp_count": 38,
  "trail_count": 0,
  "sl_count": 41,
  "hold_count": 0,
  "force_count": 1,
  "win_rate": 0.475,
  "loss_rate": 0.5125,
  "avg_roi": -0.0011125000000000531,
  "cum_roi": -0.08900000000000424,
  "sharpe": -3.340139884201026,
  "mdd": -0.08185252677893802,
  "avg_roi_gross": -0.00011250000000005284,
  "cum_roi_gross": -0.009000000000004227
}