{
  "total_entries": 123,
  "tp_count": 48,
  "trail_count": 0,
  "sl_count": 74,
  "hold_count": 0,
  "force_count": 1,
  "win_rate": 0.3902439024390244,
  "loss_rate": 0.6016260162601627,
  "avg_roi": -0.0008186778789613721,
  "cum_roi": -0.10069737911224877,
  "sharpe": -2.3221224947064862,
  "mdd": -0.14158946598092795,
  "avg_roi_gross": 0.0001813221210386281,
  "cum_roi_gross": 0.022302620887751257
}