{
  "total_entries": 46,
  "tp_count": 33,
  "trail_count": 0,
  "sl_count": 13,
  "hold_count": 0,
  "force_count": 0,
  "win_rate": 0.717391304347826,
  "loss_rate": 0.2826086956521739,
  "avg_roi": 0.0003043478260868779,
  "cum_roi": 0.013999999999996383,
  "sharpe": 0.7640592802828211,
  "mdd": -0.025756683890667122,
  "avg_roi_gross": 0.0013043478260868781,
  "cum_roi_gross": 0.05999999999999639
}