{
  "total_entries": 36,
  "tp_count": 26,
  "trail_count": 0,
  "sl_count": 9,
  "hold_count": 0,
  "force_count": 1,
  "win_rate": 0.7222222222222222,
  "loss_rate": 0.25,
  "avg_roi": 0.00048746705055228604,
  "cum_roi": 0.017548813819882297,
  "sharpe": 1.1284434197602466,
  "mdd": -0.006011911904384423,
  "avg_roi_gross": 0.0014874670505522862,
  "cum_roi_gross": 0.0535488138198823
}