{
  "total_entries": 35,
  "tp_count": 25,
  "trail_count": 0,
  "sl_count": 10,
  "hold_count": 0,
  "force_count": 0,
  "win_rate": 0.7142857142857143,
  "loss_rate": 0.2857142857142857,
  "avg_roi": 0.00028571428571421065,
  "cum_roi": 0.009999999999997372,
  "sharpe": 0.6236095644621719,
  "mdd": -0.01987597108112177,
  "avg_roi_gross": 0.0012857142857142106,
  "cum_roi_gross": 0.044999999999997375
}