{
  "total_entries": 36,
  "tp_count": 24,
  "trail_count": 0,
  "sl_count": 11,
  "hold_count": 0,
  "force_count": 1,
  "win_rate": 0.6666666666666666,
  "loss_rate": 0.3055555555555556,
  "avg_roi": 8.333333333325409e-05,
  "cum_roi": 0.0029999999999971473,
  "sharpe": 0.18165145259283172,
  "mdd": -0.019875971081122837,
  "avg_roi_gross": 0.0010833333333332541,
  "cum_roi_gross": 0.03899999999999715
}