{
  "total_entries": 55,
  "tp_count": 36,
  "trail_count": 0,
  "sl_count": 19,
  "hold_count": 0,
  "force_count": 0,
  "win_rate": 0.6545454545454545,
  "loss_rate": 0.34545454545454546,
  "avg_roi": 0.0012363636363635694,
  "cum_roi": 0.06799999999999631,
  "sharpe": 2.410306209466206,
  "mdd": -0.01595149158394275,
  "avg_roi_gross": 0.00223636363636357,
  "cum_roi_gross": 0.12299999999999633
}