{
  "total_entries": 26,
  "tp_count": 15,
  "trail_count": 0,
  "sl_count": 11,
  "hold_count": 0,
  "force_count": 0,
  "win_rate": 0.5769230769230769,
  "loss_rate": 0.4230769230769231,
  "avg_roi": 3.846153846154797e-05,
  "cum_roi": 0.0010000000000002472,
  "sharpe": 0.05670830439417106,
  "mdd": -0.018888947876255297,
  "avg_roi_gross": 0.001038461538461548,
  "cum_roi_gross": 0.027000000000000246
}