{
  "total_entries": 55,
  "tp_count": 27,
  "trail_count": 0,
  "sl_count": 28,
  "hold_count": 0,
  "force_count": 0,
  "win_rate": 0.4909090909090909,
  "loss_rate": 0.509090909090909,
  "avg_roi": -7.272727272733056e-05,
  "cum_roi": -0.004000000000003181,
  "sharpe": -0.13486226561889,
  "mdd": -0.05845423348984975,
  "avg_roi_gross": 0.0009272727272726695,
  "cum_roi_gross": 0.050999999999996826
}