{
  "total_entries": 49,
  "tp_count": 27,
  "trail_count": 0,
  "sl_count": 22,
  "hold_count": 0,
  "force_count": 0,
  "win_rate": 0.5510204081632653,
  "loss_rate": 0.4489795918367347,
  "avg_roi": -0.0006938775510204623,
  "cum_roi": -0.03400000000000265,
  "sharpe": -1.6275430473935593,
  "mdd": -0.0432454472163446,
  "avg_roi_gross": 0.0003061224489795377,
  "cum_roi_gross": 0.014999999999997349
}