{
  "total_entries": 76,
  "tp_count": 45,
  "trail_count": 0,
  "sl_count": 30,
  "hold_count": 0,
  "force_count": 1,
  "win_rate": 0.5921052631578947,
  "loss_rate": 0.39473684210526316,
  "avg_roi": 0.00018421052631579032,
  "cum_roi": 0.014000000000000064,
  "sharpe": 0.471025222469629,
  "mdd": -0.016970984985599968,
  "avg_roi_gross": 0.0011842105263157904,
  "cum_roi_gross": 0.09000000000000008
}