{
  "total_entries": 65,
  "tp_count": 37,
  "trail_count": 0,
  "sl_count": 28,
  "hold_count": 0,
  "force_count": 0,
  "win_rate": 0.5692307692307692,
  "loss_rate": 0.4307692307692308,
  "avg_roi": 0.000553846153846097,
  "cum_roi": 0.035999999999996306,
  "sharpe": 1.127169722362768,
  "mdd": -0.03163303921276011,
  "avg_roi_gross": 0.001553846153846097,
  "cum_roi_gross": 0.10099999999999631
}