{
  "total_entries": 1,
  "tp_count": 1,
  "trail_count": 0,
  "sl_count": 0,
  "hold_count": 0,
  "force_count": 0,
  "win_rate": 1.0,
  "loss_rate": 0.0,
  "avg_roi": 0.0019999999999998916,
  "cum_roi": 0.0019999999999998916,
  "sharpe": 0.0,
  "mdd": 0.0,
  "avg_roi_gross": 0.0029999999999998916,
  "cum_roi_gross": 0.0029999999999998916
}