{
  "total_entries": 236,
  "tp_count": 135,
  "trail_count": 0,
  "sl_count": 100,
  "hold_count": 0,
  "force_count": 1,
  "win_rate": 0.5720338983050848,
  "loss_rate": 0.423728813559322,
  "avg_roi": -0.0005550847457627742,
  "cum_roi": -0.13100000000001472,
  "sharpe": -2.880488993971916,
  "mdd": -0.14104632821407107,
  "avg_roi_gross": 0.000444915254237226,
  "cum_roi_gross": 0.10499999999998533
}