{
  "total_entries": 57,
  "tp_count": 37,
  "trail_count": 0,
  "sl_count": 20,
  "hold_count": 0,
  "force_count": 0,
  "win_rate": 0.6491228070175439,
  "loss_rate": 0.3508771929824561,
  "avg_roi": 0.0005438596491227985,
  "cum_roi": 0.030999999999999514,
  "sharpe": 1.229094348622478,
  "mdd": -0.02877269757581541,
  "avg_roi_gross": 0.0015438596491227986,
  "cum_roi_gross": 0.08799999999999952
}