{
  "total_entries": 23,
  "tp_count": 14,
  "trail_count": 0,
  "sl_count": 9,
  "hold_count": 0,
  "force_count": 0,
  "win_rate": 0.6086956521739131,
  "loss_rate": 0.391304347826087,
  "avg_roi": -0.00034782608695658405,
  "cum_roi": -0.008000000000001433,
  "sharpe": -0.5696621728549185,
  "mdd": -0.013983457578269754,
  "avg_roi_gross": 0.0006521739130434161,
  "cum_roi_gross": 0.01499999999999857
}