{
  "total_entries": 37,
  "tp_count": 18,
  "trail_count": 0,
  "sl_count": 19,
  "hold_count": 0,
  "force_count": 0,
  "win_rate": 0.4864864864864865,
  "loss_rate": 0.5135135135135135,
  "avg_roi": -0.0010810810810811442,
  "cum_roi": -0.04000000000000234,
  "sharpe": -2.192787515702227,
  "mdd": -0.047038113470170534,
  "avg_roi_gross": -8.108108108114416e-05,
  "cum_roi_gross": -0.003000000000002334
}