{
  "total_entries": 16,
  "tp_count": 13,
  "trail_count": 0,
  "sl_count": 3,
  "hold_count": 0,
  "force_count": 0,
  "win_rate": 0.8125,
  "loss_rate": 0.1875,
  "avg_roi": 0.0008749999999999114,
  "cum_roi": 0.013999999999998583,
  "sharpe": 1.4945294355140217,
  "mdd": -0.0079840000000002,
  "avg_roi_gross": 0.0018749999999999115,
  "cum_roi_gross": 0.029999999999998583
}