{
  "total_entries": 13,
  "tp_count": 8,
  "trail_count": 0,
  "sl_count": 5,
  "hold_count": 0,
  "force_count": 0,
  "win_rate": 0.6153846153846154,
  "loss_rate": 0.38461538461538464,
  "avg_roi": -0.0003076923076923754,
  "cum_roi": -0.0040000000000008805,
  "sharpe": -0.3800584750331362,
  "mdd": -0.009987864256767008,
  "avg_roi_gross": 0.0006923076923076246,
  "cum_roi_gross": 0.00899999999999912
}