{
  "total_entries": 33,
  "tp_count": 29,
  "trail_count": 0,
  "sl_count": 4,
  "hold_count": 0,
  "force_count": 0,
  "win_rate": 0.8787878787878788,
  "loss_rate": 0.12121212121212122,
  "avg_roi": 0.0012727272727271772,
  "cum_roi": 0.041999999999996845,
  "sharpe": 3.7335847616482725,
  "mdd": -0.009987864256767127,
  "avg_roi_gross": 0.002272727272727177,
  "cum_roi_gross": 0.07499999999999685
}