{
  "total_entries": 91,
  "tp_count": 42,
  "trail_count": 0,
  "sl_count": 49,
  "hold_count": 0,
  "force_count": 0,
  "win_rate": 0.46153846153846156,
  "loss_rate": 0.5384615384615384,
  "avg_roi": -0.0003076923076923573,
  "cum_roi": -0.028000000000004514,
  "sharpe": -0.7359800721941155,
  "mdd": -0.06609108383829942,
  "avg_roi_gross": 0.0006923076923076429,
  "cum_roi_gross": 0.0629999999999955
}