{
  "total_entries": 102,
  "tp_count": 46,
  "trail_count": 0,
  "sl_count": 56,
  "hold_count": 0,
  "force_count": 0,
  "win_rate": 0.45098039215686275,
  "loss_rate": 0.5490196078431373,
  "avg_roi": -0.0008431372549019653,
  "cum_roi": -0.08600000000000046,
  "sharpe": -2.444711231505812,
  "mdd": -0.09736381363611868,
  "avg_roi_gross": 0.000156862745098035,
  "cum_roi_gross": 0.01599999999999957
}