{
  "total_entries": 29,
  "tp_count": 21,
  "trail_count": 0,
  "sl_count": 8,
  "hold_count": 0,
  "force_count": 0,
  "win_rate": 0.7241379310344828,
  "loss_rate": 0.27586206896551724,
  "avg_roi": 0.0003448275862068019,
  "cum_roi": 0.009999999999997254,
  "sharpe": 0.6924574748654961,
  "mdd": -0.01986419376927514,
  "avg_roi_gross": 0.0013448275862068021,
  "cum_roi_gross": 0.03899999999999726
}