{
  "total_entries": 37,
  "tp_count": 24,
  "trail_count": 0,
  "sl_count": 12,
  "hold_count": 0,
  "force_count": 1,
  "win_rate": 0.6486486486486487,
  "loss_rate": 0.32432432432432434,
  "avg_roi": 0.0006522745183996265,
  "cum_roi": 0.02413415718078618,
  "sharpe": 1.218530269076147,
  "mdd": -0.02676304284491384,
  "avg_roi_gross": 0.0016522745183996266,
  "cum_roi_gross": 0.061134157180786186
}