{
  "total_entries": 77,
  "tp_count": 34,
  "trail_count": 0,
  "sl_count": 42,
  "hold_count": 0,
  "force_count": 1,
  "win_rate": 0.44155844155844154,
  "loss_rate": 0.5454545454545454,
  "avg_roi": -0.0008473655403434486,
  "cum_roi": -0.06524714660644554,
  "sharpe": -2.1473119351783816,
  "mdd": -0.07269812606104314,
  "avg_roi_gross": 0.0001526344596565516,
  "cum_roi_gross": 0.011752853393554474
}