{
  "total_entries": 201,
  "tp_count": 113,
  "trail_count": 0,
  "sl_count": 87,
  "hold_count": 0,
  "force_count": 1,
  "win_rate": 0.5621890547263682,
  "loss_rate": 0.43283582089552236,
  "avg_roi": -0.0006060664238622027,
  "cum_roi": -0.12181935119630273,
  "sharpe": -2.895375310147699,
  "mdd": -0.12270816017389187,
  "avg_roi_gross": 0.00039393357613779775,
  "cum_roi_gross": 0.07918064880369735
}