{
  "total_entries": 76,
  "tp_count": 42,
  "trail_count": 0,
  "sl_count": 34,
  "hold_count": 0,
  "force_count": 0,
  "win_rate": 0.5526315789473685,
  "loss_rate": 0.4473684210526316,
  "avg_roi": -0.00013157894736842034,
  "cum_roi": -0.009999999999999946,
  "sharpe": -0.32956770855354706,
  "mdd": -0.04054217943427887,
  "avg_roi_gross": 0.0008684210526315797,
  "cum_roi_gross": 0.06600000000000006
}