{
  "total_entries": 36,
  "tp_count": 27,
  "trail_count": 0,
  "sl_count": 9,
  "hold_count": 0,
  "force_count": 0,
  "win_rate": 0.75,
  "loss_rate": 0.25,
  "avg_roi": 0.0004999999999999149,
  "cum_roi": 0.017999999999996935,
  "sharpe": 1.1547005383790732,
  "mdd": -0.013971609461129285,
  "avg_roi_gross": 0.001499999999999915,
  "cum_roi_gross": 0.05399999999999694
}